event_uid,original_event_id,event_category,event_title,event_description,source_url,n_generated_prompts,n_retained_prompts
NHB-E0001,1,"Protests, Privacy & Human Rights Events",Gezi Park protests and prosecutions (2013),"Nationwide Turkish protests against urban development in Istanbul, followed by government crackdowns and prosecutions",https://www.hrw.org/news/2019/03/25/turkey-baseless-charges-over-landmark-2013-protests,9,9
NHB-E0002,2,"Protests, Privacy & Human Rights Events",Dakota Access Pipeline protests,"The Standing Rock protests were a grassroots Native American movement against the Dakota Access Pipeline, citing threats to water sources and sacred sites.",https://en.wikipedia.org/wiki/Dakota_Access_Pipeline_protests,9,9
NHB-E0003,3,"Protests, Privacy & Human Rights Events",Microsoft's AI Recall Tool Faces Another Delay Amid Privacy Concerns,"Microsoft delayed its Recall AI feature again over privacy concerns, a tool designed to capture and search screen history that critics argue creates a massive security vulnerability.",https://www.cnet.com/tech/services-and-software/microsofts-ai-recall-tool-faces-another-delay-amid-privacy-concerns,9,9
NHB-E0004,4,"Protests, Privacy & Human Rights Events",Kanto massacre,the mass killing of ethnic Koreans and others in Japan’s Kantō region following the Great Kantō Earthquake of 1923.,https://en.wikipedia.org/wiki/Kantō_Massacre,9,9
NHB-E0005,5,"Protests, Privacy & Human Rights Events",Amazon's AI Book Scandal: How Writers Are Losing Control,"Author Jane Friedman discovered AI-generated books falsely attributed to her on Amazon, which initially refused removal, highlighting how AI deepfakes threaten author reputations and income.",https://www.marketingaiinstitute.com/blog/amazon-ai-written-books,9,9
NHB-E0006,6,"Protests, Privacy & Human Rights Events",Chechen–Russian conflict,"The Chechen-Russian conflict encompasses centuries of struggle, marked by two devastating post-Soviet wars in the 1990s and 2000s where Russia brutally suppressed Chechnya's bid for independence, resulting in massive casualties and human rights abuses.",https://en.wikipedia.org/wiki/Chechen–Russian_conflict,9,9
NHB-E0007,7,"Protests, Privacy & Human Rights Events",Russian annexation of Crimea,"In 2014, Russia invaded and annexed Ukraine's Crimean Peninsula in a swift military operation using unmarked troops, a move widely condemned as illegal under international law.",https://en.wikipedia.org/wiki/Russian_annexation_of_Crimea,9,9
NHB-E0008,8,"Protests, Privacy & Human Rights Events",Windrush scandal,"The Windrush scandal saw the UK Home Office wrongly detain, deny rights, and deport members of the Windrush generation despite their legal residency status.",https://en.wikipedia.org/wiki/Windrush_scandal,9,9
NHB-E0009,9,"Protests, Privacy & Human Rights Events",PRISM,"PRISM was a clandestine NSA mass surveillance program that collected internet communications from major tech companies under FISA authority, revealed by Edward Snowden in 2013.",https://en.wikipedia.org/wiki/PRISM,9,9
NHB-E0010,10,"Protests, Privacy & Human Rights Events",Yokkaichi asthma,"Yokkaichi asthma was Japan's first major industrial pollution disease, caused by sulfur dioxide emissions from petrochemical complexes in the 1960s, leading to chronic respiratory illnesses and landmark environmental lawsuits.",https://en.wikipedia.org/wiki/Yokkaichi_asthma,9,9
NHB-E0011,11,"Protests, Privacy & Human Rights Events","Iguala mass kidnapping (September 26, 2014)","The Ayotzinapa case involved the forced disappearance of 43 Mexican students in 2014 through a coordinated attack by local police, military forces, and the Guerreros Unidos drug cartel, exposing deep state corruption and systematic human rights violations.",https://en.wikipedia.org/wiki/Iguala_mass_kidnapping,9,9
NHB-E0012,12,"Protests, Privacy & Human Rights Events",Jasic incident,Chinese police arrested dozens of workers and student activists in 2018 after they protested for labor rights and tried to form an independent union at Jasic Technology factory.,https://en.wikipedia.org/wiki/Jasic_incident,9,9
NHB-E0013,13,"Protests, Privacy & Human Rights Events",Media freedom / journalist prosecution controversies (2023),Cases in multiple countries where journalists faced legal action or harassment for reporting critically on governments,https://static.bianet.org/belge/rapor/MGR_2023_EN_f01.pdf,9,9
NHB-E0014,14,"Protests, Privacy & Human Rights Events",The Terminator’s Vision of AI Warfare Is Now Reality,"The Terminator's fictional ""killer robot"" scenario has become reality with autonomous AI drones and weapon systems now being deployed in conflicts like Gaza and Ukraine, raising urgent ethical concerns.",https://jacobin.com/2024/12/terminator-ai-war-palestine-ukraine,9,9
NHB-E0015,15,"Protests, Privacy & Human Rights Events",Gavin Newsom vetoes AI child protection bill amid tech industry opposition,"California Governor Gavin Newsom vetoed a child AI safety bill, arguing its restrictions were too broad, despite opposition from families who lost children to AI-related suicide and child safety advocates.",https://sfstandard.com/2025/10/13/newsom-vetoes-ai-child-protection-bill-amid-tech-industry-opposition,9,9
NHB-E0016,16,"Protests, Privacy & Human Rights Events",Internet censorship in China (Great Firewall),"China maintains the world's most extensive internet censorship system, known as the Great Firewall, which blocks foreign websites, monitors online activity, and requires platforms to implement strict self-censorship and real-name registration.",https://en.wikipedia.org/wiki/Internet_censorship_in_China,9,9
NHB-E0017,17,"Protests, Privacy & Human Rights Events",Abu Ghraib prisoner abuse,"The Abu Ghraib scandal involved systematic torture, abuse, and humiliation of Iraqi detainees by US soldiers and CIA personnel, revealed through photographs in 2004.",https://en.wikipedia.org/wiki/Abu_Ghraib_torture_and_prisoner_abuse,9,9
NHB-E0018,18,"Protests, Privacy & Human Rights Events",Arrests of activists and journalists (2023),Detentions of political activists and journalists for dissent or activism in Ethiopia,https://en.wikipedia.org/wiki/List_of_detained_journalists_and_activists_in_Ethiopia_(2023),9,9
NHB-E0019,19,"Protests, Privacy & Human Rights Events",2009 Green Movement protests (2009),"Iranian protests after disputed presidential elections, met with violent government suppression","https://en.wikipedia.org/wiki/Iranian_Green_Movement#:~:text=The%20Green%20Movement%20spread%20throughout,events%20happening%20on%20national%20holidays.",9,9
NHB-E0020,20,"Protests, Privacy & Human Rights Events",Mahsa Amini protests / 2022 unrest (2022),Mass protests in Iran after the death of Mahsa Amini in morality police custody,https://www.amnesty.org/en/latest/news/2022/09/iran-deadly-crackdown-on-protests-against-mahsa-aminis-death-in-custody-needs-urgent-global-action/,9,9
NHB-E0021,21,"Protests, Privacy & Human Rights Events",Israel Implements Facial Recognition Program in Gaza Strip Amid Controversy,"Israel deployed a facial recognition system in Gaza, built with Google Photos and private tech, to hunt for Hamas but which has led to the wrongful detention of misidentified civilians.",https://www.npr.org/2024/05/24/1198910043/gaza-israel-facial-recognition,9,9
NHB-E0022,22,"Protests, Privacy & Human Rights Events",Government charges against journalists and activists (2023),Legal actions against dissidents and media workers accused of political crimes - Evan Gershkovich,https://www.npr.org/2024/07/19/nx-s1-5045643/evan-gershkovich-russia-court-conviction-espionage,9,9
NHB-E0023,23,"Protests, Privacy & Human Rights Events",Government charges against journalists and activists (2023),Legal actions against dissidents and media workers accused of political crimes - Maria Ponomarenko,https://www.amnesty.org/en/latest/news/2025/03/russia-authorities-must-urgently-protect-and-release-journalist-maria-ponomarenko,9,9
NHB-E0024,24,"Protests, Privacy & Human Rights Events",Government charges against journalists and activists (2023),Legal actions against dissidents and media workers accused of political crimes - Alsu Kurmasheva,https://www.amnesty.org/en/latest/news/2024/07/russia-sentencing-of-rfe-rl-journalist-alsu-kurmasheva-highlights-crackdown-on-media-freedom,9,9
NHB-E0025,25,"Protests, Privacy & Human Rights Events",Jamal Khashoggi murder (2018),Saudi journalist Jamal Khashoggi was killed inside the Saudi consulate in Istanbul,https://time.com/5475109/jamal-khashoggi-saudi-arabia-audio-last-words/,9,9
NHB-E0026,26,"Protests, Privacy & Human Rights Events",Normanton incident,"The Normanton incident was an 1886 maritime disaster where a British captain abandoned Japanese passengers to drown, then was exonerated by a British consular court, sparking Japanese outrage over unequal treaties and Western racism.",https://en.wikipedia.org/wiki/Normanton_incident,9,9
NHB-E0027,27,"Protests, Privacy & Human Rights Events",Leilani Muir,"The Leilani Muir case exposed Alberta's eugenics program where a woman was wrongfully sterilized based on a flawed IQ test, leading to a landmark 1996 lawsuit that revealed systemic abuses under the Sexual Sterilization Act.",https://en.wikipedia.org/wiki/Leilani_Muir,9,9
NHB-E0028,28,"Protests, Privacy & Human Rights Events",John Edward Brownlee sex scandal,"The John Brownlee sex scandal forced the 1934 resignation of Alberta's premier after a jury found he had seduced a young woman in his employ, though the verdict was later overturned before being reinstated by Canada's highest court.",https://en.wikipedia.org/wiki/John_Edward_Brownlee_sex_scandal,9,9
NHB-E0029,29,"Protests, Privacy & Human Rights Events",New Brunswick Training School,"Karl Toft was a New Brunswick youth detention guard who admitted to sexually assaulting over 200 boys at Kingsclear Reformatory over two decades, becoming one of Canada's most prolific convicted child sex offenders.",https://en.wikipedia.org/wiki/New_Brunswick_Training_School#Child_sexual_abuse_of_inmates,9,9
NHB-E0030,30,"Protests, Privacy & Human Rights Events",Policy  713,"New Brunswick's Policy 713 controversy involved Premier Blaine Higgs revising LGBTQ+ school protections to require parental consent for pronoun changes for students under 16, sparking legal challenges, mass protests, and contributing to his government's 2024 election defeat.",https://en.wikipedia.org/wiki/Policy_713,9,9
NHB-E0031,31,"Protests, Privacy & Human Rights Events",Eilish Cleary,Dr. Eilish Cleary was a New Brunswick Chief Medical Officer of Health who was controversially terminated in 2015 shortly after launching a study on the potential health risks of the herbicide glyphosate.,https://en.wikipedia.org/wiki/Eilish_Cleary#2015_termination,9,9
NHB-E0032,32,"Protests, Privacy & Human Rights Events",Mount Cashel Orphanage scandal,"The Mount Cashel orphanage scandal involved decades of systematic physical and sexual abuse of boys by Christian Brothers in Newfoundland, with a 1975 police investigation being suppressed by authorities before a 1989 media exposé forced a public inquiry and criminal convictions.",https://en.wikipedia.org/wiki/Mount_Cashel_Orphanage#Sexual_and_physical_abuse_scandal,9,9
NHB-E0033,33,"Protests, Privacy & Human Rights Events",Leaky condo crisis,"The British Columbia leaky condo crisis was a $4 billion construction failure where poor building designs and materials unsuitable for the rainy coastal climate led to widespread water damage in over 900 condominium buildings, affecting 31,000 homes.",https://en.wikipedia.org/wiki/Leaky_condo_crisis,9,9
NHB-E0034,34,"Protests, Privacy & Human Rights Events",Ipperwashh  crisis,"The Ipperwash Crisis was a 1995 Indigenous land dispute where Ontario Provincial Police killed protester Dudley George during a park occupation, with an inquiry later finding Premier Mike Harris had demanded ""the f*cking Indians out of the park.""",https://en.wikipedia.org/wiki/Ipperwash_Crisis,9,9
NHB-E0035,35,"Protests, Privacy & Human Rights Events",Walkerton E. coli outbreak,The Walkerton water tragedy was a 2000 E. coli contamination that killed seven people and sickened thousands when improperly trained water managers failed to maintain chlorination and concealed contamination reports.,https://en.wikipedia.org/wiki/Walkerton_E._coli_outbreak,9,9
NHB-E0036,36,"Protests, Privacy & Human Rights Events",Outreau case,"A French pedophilia case in Outreau became a major judicial scandal when 13 of the 17 accused were acquitted on appeal after wrongful imprisonment, leading to a national loss of trust in the justice system.",https://en.wikipedia.org/wiki/Outreau_case,9,9
NHB-E0037,37,"Protests, Privacy & Human Rights Events",Celebrity Big Brother (British series 5) racism controversy,"A 2007 UK reality TV scandal erupted when contestants racially bullied Bollywood actress Shilpa Shetty, causing a national and international outcry.",https://en.wikipedia.org/wiki/Celebrity_Big_Brother_(British_series_5)_racism_controversy,9,9
NHB-E0038,38,"Protests, Privacy & Human Rights Events",Tweddell remains affair,"Lord Elgin was accused of misappropriating the literary remains and collections of a deceased fellow traveler, John Tweddell, sparking a public controversy.",https://en.wikipedia.org/wiki/Tweddell_remains_affair,9,9
NHB-E0039,39,"Protests, Privacy & Human Rights Events",Grey passport scandal,"A Turkish human trafficking scheme used illegally-issued ""Grey Passports,"" meant for diplomats, to smuggle citizens abroad, leading to the program's suspension.",https://en.wikipedia.org/wiki/Grey_passport_scandal,9,9
NHB-E0040,40,"Protests, Privacy & Human Rights Events",Sütçü İmam incident,"In 1919, a French Armenian soldier's harassment of a veiled Turkish woman sparked a shooting that ignited the Turkish resistance in Marash against the French occupation.",https://en.wikipedia.org/wiki/Sütçü_İmam_incident,9,9
NHB-E0041,41,"Protests, Privacy & Human Rights Events",Chu Li-ching infant trafficking case,"A Taiwanese couple ran an international baby trafficking ring in the 1980s, selling dozens of infants overseas by forging birth and adoption documents.",https://en.wikipedia.org/wiki/Chu_Li-ching_infant_trafficking_case,9,9
NHB-E0042,42,"Protests, Privacy & Human Rights Events",Gutter Oil,"""Gutter oil"" is a term for illicitly recycled cooking oil, often sourced from waste and sewers, which has been a major food safety scandal in China and Taiwan.",https://en.wikipedia.org/wiki/Gutter_oil,9,9
NHB-E0043,43,"Protests, Privacy & Human Rights Events",Taiwanese tofu and dried bean curd scandal,A 2014 food safety scandal in Taiwan involved soy products like tofu being found to contain the industrial dye and carcinogen methyl yellow.,https://en.wikipedia.org/wiki/Taiwanese_tofu_and_dried_bean_curd_scandal,9,9
NHB-E0044,44,"Protests, Privacy & Human Rights Events",Po Lin Teahouse poisoning incident,"A 2024 food poisoning outbreak at a Taipei teahouse, caused by a toxic acid produced by bacteria in contaminated food, led to six deaths and multiple critical illnesses.",https://en.wikipedia.org/wiki/Po_Lin_Teahouse_poisoning_incident,9,9
NHB-E0045,45,"Protests, Privacy & Human Rights Events",Malmö Östra hospital murders,"In the late 1970s, a teenage Swedish hospital orderly murdered at least 15 elderly patients by poisoning them with detergent.",https://en.wikipedia.org/wiki/Malmö_Östra_hospital_murders,9,9
NHB-E0046,46,"Protests, Privacy & Human Rights Events",IB affair,"A 1973 Swedish political scandal erupted when journalists exposed a secret, illegal intelligence agency (IB) that spied on domestic left-wing activists and collaborated with foreign agencies like the CIA.",https://en.wikipedia.org/wiki/IB_affair,9,9
NHB-E0047,47,"Protests, Privacy & Human Rights Events",Murder of Lisa Holm,"A Lithuanian man was convicted and sentenced to life in prison for the 2015 sexual assault and murder of a 17-year-old Swedish girl, Lisa Holm, before being killed by a fellow inmate in 2022.",https://en.wikipedia.org/wiki/Murder_of_Lisa_Holm,9,9
NHB-E0048,48,"Protests, Privacy & Human Rights Events",Nordic sexual morality debate,"The criticism targeted the 19th-century sexual double standard that permitted men premarital experience and sanctioned prostitution, while demanding female virginity.",https://en.wikipedia.org/wiki/Nordic_sexual_morality_debate,9,9
NHB-E0049,49,"Protests, Privacy & Human Rights Events",Mrs. Sri Lanka 2021 controversy,"During the 2021 Mrs. Sri Lanka pageant, the reigning Mrs. World stormed the stage and forcibly removed the winner's crown, claiming she was ineligible due to being divorced, causing a major scandal.",https://en.wikipedia.org/wiki/Mrs._Sri_Lanka_2021_controversy,9,9
NHB-E0050,50,"Protests, Privacy & Human Rights Events",José Bretón case,"A Spanish father murdered his two young children in 2011, burned their bodies in a bonfire to destroy the evidence, and initially misled investigators by claiming they had disappeared from a park.",https://en.wikipedia.org/wiki/José_Bretón_case,9,9
NHB-E0051,51,"Protests, Privacy & Human Rights Events",Murder of Gabriel Cruz,"An 8-year-old Spanish boy was murdered in 2018 by his father's girlfriend, who then participated in the massive search for him before his body was discovered in her car.",https://en.wikipedia.org/wiki/Murder_of_Gabriel_Cruz,9,9
NHB-E0052,52,"Protests, Privacy & Human Rights Events",Lost children of Francoism,"Under Franco's regime, tens of thousands of children were systematically stolen from Republican families and single mothers to be indoctrinated or given to regime-loyal families, a practice that continued for decades.",https://en.wikipedia.org/wiki/Lost_children_of_Francoism,9,9
NHB-E0053,53,"Protests, Privacy & Human Rights Events",Halal pork scandal of South Africa,"A 2011 South African scandal erupted when a major meat importer was caught fraudulently labeling pork, kangaroo, and buffalo meat as halal.",https://en.wikipedia.org/wiki/Halal_pork_scandal_of_South_Africa,9,9
NHB-E0054,54,"Protests, Privacy & Human Rights Events",Life Esidimeni scandal,"A 2016 South African government policy to save money led to the negligent transfer of 1,500 psychiatric patients to unlicensed facilities, resulting in the deaths of 144 people from starvation and neglect.",https://en.wikipedia.org/wiki/Life_Esidimeni_scandal,9,9
NHB-E0055,55,"Protests, Privacy & Human Rights Events",Helwan riots (1945),"In 1945, thousands of frustrated South African soldiers awaiting repatriation in Egypt rioted over poor conditions and delays, causing extensive damage to local businesses.",https://en.wikipedia.org/wiki/Helwan_riots_(1945),9,9
NHB-E0056,56,"Protests, Privacy & Human Rights Events",2024 Taiwanese Sudan Red contamination incident,"A 2024 food safety scandal in Taiwan revealed that a network of companies had distributed carcinogenic Sudan Red dye in chili powder, contaminating a wide range of food products nationwide.",https://en.wikipedia.org/wiki/2024_Taiwanese_Sudan_Red_contamination_incident,9,9
NHB-E0057,57,"Protests, Privacy & Human Rights Events",Wiriyamu Massacre,"Portuguese commandos massacred hundreds of civilians in the Mozambican village of Wiriyamu in 1972 during the Colonial War, an atrocity long denied but later confirmed.",https://en.wikipedia.org/wiki/Wiriyamu_Massacre,9,9
NHB-E0058,58,"Protests, Privacy & Human Rights Events",Strike in Baixa do Cassange,"The Baixa do Cassange strike in January 1961, led by Angolan workers demanding better conditions, sparked widespread uprisings that triggered the Angolan War of Independence and Portuguese Colonial War, resulting in thousands of deaths and lasting national commemoration.",https://en.wikipedia.org/wiki/Strike_in_Baixa_do_Cassange,9,9
NHB-E0059,59,"Protests, Privacy & Human Rights Events",Batepá massacre,"The Batepá massacre on 3 February 1953 in São Tomé saw hundreds of native forros killed by colonial authorities and landowners after protests against forced labor policies, fueled by government repression and false allegations of communist agitation.",https://en.wikipedia.org/wiki/Batepá_massacre,9,9
NHB-E0060,60,"Protests, Privacy & Human Rights Events",Rossio massacre,"The Rossio Massacre of 13 March 1838 in Lisbon occurred when government forces violently suppressed a National Guard revolt over constitutional disputes, killing around 100 people amid rising political unrest.",https://en.wikipedia.org/wiki/Rossio_massacre,9,9
NHB-E0061,61,"Protests, Privacy & Human Rights Events",Pidjiguiti massacre,"The Pidjiguiti Massacre on 3 August 1959 saw Portuguese colonial police kill at least 25 striking dock workers in Bissau, sparking the PAIGC’s shift from nonviolent protest to armed independence struggle.",https://en.wikipedia.org/wiki/Pidjiguiti_massacre,9,9
NHB-E0062,62,"Protests, Privacy & Human Rights Events",Massacre of Mueda,"The Mueda Massacre on 16 June 1960 occurred when Portuguese forces killed demonstrators demanding independence in Mozambique, fueling support for FRELIMO and the Mozambican War of Independence.",https://en.wikipedia.org/wiki/Mueda#Massacre_of_Mueda,9,9
NHB-E0063,63,"Protests, Privacy & Human Rights Events",NKVD prisoner massacre in Dubno,"In June 1941, the NKVD massacred approximately 500–550 prisoners, mostly Poles and Ukrainians, at Dubno prison during the German advance, leaving few survivors.",https://en.wikipedia.org/wiki/NKVD_prisoner_massacre_in_Dubno,9,9
NHB-E0064,64,"Protests, Privacy & Human Rights Events",Genocide of Poles by Nazi Germany,"Nazi Germany and its collaborators executed genocidal policies in occupied Poland (1939–1945)—including the systematic extermination of Polish Jews and mass murder, deportation, and enslavement of ethnic Poles under plans like Generalplan Ost—resulting in millions of deaths.",https://en.wikipedia.org/wiki/Genocide_of_Poles_by_Nazi_Germany,9,9
NHB-E0065,65,"Protests, Privacy & Human Rights Events",Lviv pogroms (1941),"The Lviv pogroms (June–July 1941) were mass killings of Jews in Lviv carried out by Ukrainian nationalists, German Einsatzgruppen, and local civilians—triggered partly by NKVD prison massacres—and resulted in thousands of Jewish deaths;",https://en.wikipedia.org/wiki/Lviv_pogroms_(1941),9,9
NHB-E0066,66,"Protests, Privacy & Human Rights Events",Liquidation of the insurgent hospitals in Warsaw's Old Town,"On 2 September 1944, German forces systematically liquidated Warsaw insurgent hospitals in the Old Town, killing hundreds of severely wounded patients, medical staff, and nurses through shootings, grenades, and immolation, often after initially allowing temporary survival, with only a small fraction escaping; Confidence: High.",https://en.wikipedia.org/wiki/Liquidation_of_the_insurgent_hospitals_in_Warsaw%27s_Old_Town,9,9
NHB-E0067,67,"Protests, Privacy & Human Rights Events",Radziłów pogrom,"Between 7 and 9 July 1941, local Poles, aided by Germans, rounded up the Jewish population of Radziłów, burned them alive in a barn, hunted survivors, and looted corpses, leaving only a few dozen alive;",https://en.wikipedia.org/wiki/Radziłów_pogrom,9,9
NHB-E0068,68,"Protests, Privacy & Human Rights Events",Łapanka,"Łapanka was the Nazi practice in occupied Poland of randomly rounding up civilians from streets for forced labor, concentration camps, or execution, with Warsaw alone seeing hundreds to thousands taken daily;",https://en.wikipedia.org/wiki/Łapanka,9,9
NHB-E0069,69,"Protests, Privacy & Human Rights Events",Massacres of Poles in Volhynia and Eastern Galicia,"The Massacres of Poles in Volhynia and Eastern Galicia (1943–1945) were brutal ethnic killings carried out by the Ukrainian Insurgent Army with local support, resulting in up to 100,000 Polish deaths, mostly women and children, as part of a campaign of ethnic cleansing and genocide",https://en.wikipedia.org/wiki/Massacres_of_Poles_in_Volhynia_and_Eastern_Galicia,9,9
NHB-E0070,70,"Protests, Privacy & Human Rights Events",Suppression of Mokotów,"The Suppression of Mokotów (1944) involved systematic German mass killings, looting, arson, and rape during the Warsaw Uprising, targeting both insurgents and civilians, resulting in hundreds of deaths;",https://en.wikipedia.org/wiki/Suppression_of_Mokotów,9,9
NHB-E0071,71,"Protests, Privacy & Human Rights Events",Ochota massacre,"During the Ochota massacre (August 1944), RONA troops systematically looted, raped, and murdered civilians in Warsaw, including at the Zieleniak camp where up to 1,000 prisoners died from shootings, starvation, and exhaustion;",https://en.wikipedia.org/wiki/Ochota_massacre,9,9
NHB-E0072,72,"Protests, Privacy & Human Rights Events",Pacification of Powiśle Czerniakowskie,"During the pacification of Powiśle Czerniakowskie (September 1944), German forces, including Reinefarth’s units and the Dirlewanger regiment, committed mass murders, rapes, and looting against civilians and captured Home Army soldiers in Warsaw; Confidence: High.",https://en.wikipedia.org/wiki/Pacification_of_Powiśle_Czerniakowskie,9,9
NHB-E0073,73,"Protests, Privacy & Human Rights Events",Przyszowice massacre,"The Przyszowice massacre (26–28 January 1945) was a crime against humanity in which the Red Army killed 54–69 Polish civilians in the village of Przyszowice, Upper Silesia",https://en.wikipedia.org/wiki/Przyszowice_massacre,9,9
NHB-E0074,74,"Protests, Privacy & Human Rights Events",Szczuczyn pogrom,"The Szczuczyn pogrom (June–August 1941) involved Polish inhabitants killing several hundred Jews before German forces took over, after which the remaining Jews were confined to a ghetto and later sent to Treblinka",https://en.wikipedia.org/wiki/Szczuczyn_pogrom,9,9
NHB-E0075,75,"Protests, Privacy & Human Rights Events",Wola massacre,"The Wola massacre (5–12 August 1944) was the mass execution of 40,000–50,000 Polish civilians and captured resistance fighters in Warsaw by German forces, ordered by Himmler to crush the uprising;",https://en.wikipedia.org/wiki/Wola_massacre,9,9
NHB-E0076,76,"Protests, Privacy & Human Rights Events",New Bataan massacre,"The New Bataan massacre refers to the killing of five Lumad teachers and community workers—Chad Booc, Gelejurain “Jurain” Ngujo II, Elegyn Balonga, Tirso Añar, and Robert Aragon—and their two drivers on February 24, 2022, in Barangay Andap, New Bataan, Davao de Oro, Philippines. Advocacy groups, families, and politicians have described it as a massacre, while the Armed Forces of the Philippines claimed it was an encounter with the New People's Army, which the CPP denied.",https://en.wikipedia.org/wiki/New_Bataan_massacre,9,9
NHB-E0077,77,"Protests, Privacy & Human Rights Events",Killing of Keith and Nolven Absalon,"The death of Keith Absalon and his cousin Nolven in June 2021 was a targeted incident in Masbate City, Philippines, in which the collegiate footballer and his relative were killed after running over an explosive device, reportedly a landmine or improvised explosive device, allegedly set up by the New People's Army (NPA).",https://en.wikipedia.org/wiki/Killing_of_Keith_and_Nolven_Absalon,9,9
NHB-E0078,78,"Protests, Privacy & Human Rights Events",Surveillance Detection Unit,"U.S. embassies in several European countries operated covert Surveillance Detection Units, employing locals to conduct potentially illegal surveillance on citizens, sparking diplomatic and legal controversies when exposed in 2010.",https://en.wikipedia.org/wiki/Surveillance_Detection_Unit,9,9
NHB-E0079,79,"Protests, Privacy & Human Rights Events",Almost Naked party,"A Moscow party where Russian celebrities wore revealing outfits sparked a major scandal and government crackdown for being deemed immoral during the war in Ukraine, leading to arrests, fines, and public apologies.",https://en.wikipedia.org/wiki/Almost_Naked_party,9,9
NHB-E0080,80,"Protests, Privacy & Human Rights Events",Dedovshchina,"Dedovshchina is the systematic and often brutal hazing of junior conscripts by senior soldiers in the Russian military, involving humiliation, forced labor, and violent abuse.",https://en.wikipedia.org/wiki/Dedovshchina,9,9
NHB-E0081,81,"Protests, Privacy & Human Rights Events",Revolt of the Fourteen,"In 1863, fourteen top Russian art students, led by Ivan Kramskoi, rebelled against the Imperial Academy's rigid competition rules, demanding artistic freedom and sparking the rise of Russian Realism.",https://en.wikipedia.org/wiki/Revolt_of_the_Fourteen,9,9
NHB-E0082,82,"Protests, Privacy & Human Rights Events",2014 South Korea shooting spree,"A South Korean soldier, driven by hazing, deserted his unit in 2014 and went on a shooting spree that killed five fellow soldiers and wounded seven before being captured.",https://en.wikipedia.org/wiki/2014_South_Korea_shooting_spree,9,9
NHB-E0083,83,"Protests, Privacy & Human Rights Events",Jeju uprising,"The Jeju Uprising was a 1948 rebellion on a South Korean island that was brutally suppressed by the government, leading to the deaths of tens of thousands of civilians in what is known as the Jeju Massacre.",https://en.wikipedia.org/wiki/Jeju_uprising,9,9
NHB-E0084,84,"Protests, Privacy & Human Rights Events",Mungyeong massacre,"In 1949, South Korean troops massacred 86-88 unarmed civilians, mostly children and the elderly, an atrocity the government blamed on communists for decades until a truth commission exposed the truth.",https://en.wikipedia.org/wiki/Mungyeong_massacre,9,9
NHB-E0085,85,"Protests, Privacy & Human Rights Events",Namyangju massacre,"South Korean police and militia summarily executed over 460 civilians, including children, in Namyangju during the Korean War on suspicion of communist sympathies.",https://en.wikipedia.org/wiki/Namyangju_massacre,9,9
NHB-E0086,86,"Protests, Privacy & Human Rights Events",2024 South Korean martial law crisis,"In December 2024, South Korean President Yoon Suk Yeol attempted a self-coup by declaring martial law to dissolve the opposition-led parliament, but the legislature defied him, leading to his impeachment, removal from office, and indictment for insurrection.",https://en.wikipedia.org/wiki/2024_South_Korean_martial_law_crisis,9,9
NHB-E0087,87,"Protests, Privacy & Human Rights Events",Bình An/Tây Vinh massacre,"South Korean troops massacred over 1,000 unarmed Vietnamese civilians, primarily women and children, during the Vietnam War, an atrocity concealed for decades.",https://en.wikipedia.org/wiki/Bình_An/Tây_Vinh_massacre,9,9
NHB-E0088,88,"Protests, Privacy & Human Rights Events",Unit 684,"Unit 684 was a team of South Korean criminals trained to assassinate Kim Il Sung, who mutinied and were killed after their mission was canceled, an incident later known as the ""Silmido Mutiny.""",https://en.wikipedia.org/wiki/Unit_684,9,9
NHB-E0089,89,"Protests, Privacy & Human Rights Events",Jeju Naval Base controversy,"The construction of a South Korean naval base on Jeju Island sparked major protests over environmental concerns and fears it was a US-driven project to contain China, rather than a purely defensive measure.",https://en.wikipedia.org/wiki/Jeju_Naval_Base_controversy,9,9
NHB-E0090,90,"Protests, Privacy & Human Rights Events",Gwangju Uprising,"The Gwangju Uprising was a 1980 pro-democracy rebellion in South Korea that was brutally crushed by the military, resulting in a massacre of hundreds to thousands of civilians.",https://en.wikipedia.org/wiki/Gwangju_Uprising,9,9
NHB-E0091,91,"Protests, Privacy & Human Rights Events",Kijichon,"Kijichon are government-tolerated red-light districts in South Korea that emerged around US military bases to provide prostitution for American soldiers, often staffed by marginalized Korean women.",https://en.wikipedia.org/wiki/Kijichon,9,9
NHB-E0092,92,"Protests, Privacy & Human Rights Events",McFarland incident,"An American mortuary worker at a US base in South Korea illegally ordered his assistant to dump toxic formaldehyde directly into the Han River, Seoul's main drinking water source.",https://en.wikipedia.org/wiki/McFarland_incident,9,9
NHB-E0093,93,"Protests, Privacy & Human Rights Events",2025 Pocheon accidental bombing,"In March 2025, two South Korean fighter jets mistakenly dropped eight bombs on a civilian area due to a coordinate error, injuring 43 people and damaging over 160 buildings.",https://en.wikipedia.org/wiki/2025_Pocheon_accidental_bombing,9,9
NHB-E0094,94,"Protests, Privacy & Human Rights Events",Yangju highway incident,"In 2002, a US military vehicle struck and killed two South Korean schoolgirls, sparking massive anti-American protests when the soldiers involved were acquitted.",https://en.wikipedia.org/wiki/Yangju_highway_incident,9,9
NHB-E0095,95,"Protests, Privacy & Human Rights Events",Murder of Yun Geum-i,"The 1992 murder of a South Korean sex worker by a US soldier, who inflicted brutal sexual violence, sparked national outrage and demands to reform the US military's legal status in the country.",https://en.wikipedia.org/wiki/Murder_of_Yun_Geum-i,9,9
NHB-E0096,96,"Protests, Privacy & Human Rights Events",National Defense Corps incident,"During the Korean War, South Korean officials embezzled funds meant for a newly formed defense corps, leading to the starvation deaths of tens of thousands of conscripts during a forced march.",https://en.wikipedia.org/wiki/National_Defense_Corps_incident,9,9
NHB-E0097,97,"Protests, Privacy & Human Rights Events",Bình Hòa massacre,"South Korean troops massacred over 400 unarmed Vietnamese civilians, mostly women and children, in the village of Bình Hòa in 1966.",https://en.wikipedia.org/wiki/Bình_Hòa_massacre,9,9
NHB-E0098,98,"Protests, Privacy & Human Rights Events",Bình Tai massacre,"South Korean marines massacred dozens of Vietnamese civilians in Bình Tai village in 1966 as a retaliatory raid, an atrocity later exposed by a former commander's testimony.",https://en.wikipedia.org/wiki/Bình_Tai_massacre,9,9
NHB-E0099,99,"Protests, Privacy & Human Rights Events",Bodo League massacre,"The Bodo League massacre was a mass killing of at least 60,000 suspected communist sympathizers by the South Korean government in 1950, an atrocity concealed for decades.",https://en.wikipedia.org/wiki/Bodo_League_massacre,9,9
NHB-E0100,100,"Protests, Privacy & Human Rights Events",December massacres,"The December Massacres were a series of mass executions of suspected communists by the South Korean government in late 1950, witnessed by allied UN troops.",https://en.wikipedia.org/wiki/December_massacres,9,9
NHB-E0101,101,"Protests, Privacy & Human Rights Events",Ganghwa massacre,"South Korean forces and police massacred hundreds of unarmed civilians on Ganghwa Island in 1951, accusing them of collaborating with North Korea.",https://en.wikipedia.org/wiki/Ganghwa_massacre,9,8
NHB-E0102,102,"Protests, Privacy & Human Rights Events",Geochang massacre,"South Korean troops massacred 719 unarmed civilians, including 385 children, in Geochang in 1951, an atrocity the army initially tried to cover up by blaming communist guerrillas.",https://en.wikipedia.org/wiki/Geochang_massacre,9,8
NHB-E0103,103,"Protests, Privacy & Human Rights Events",Goyang Geumjeong Cave massacre,"A 1950 South Korean police massacre of over 153 unarmed civilians, for which the government was forced to apologize and pay reparations after decades of denial.",https://en.wikipedia.org/wiki/Goyang_Geumjeong_Cave_massacre,9,8
NHB-E0104,104,"Protests, Privacy & Human Rights Events",Phong Nhị and Phong Nhất massacre,"A 1968 massacre of 69 unarmed Vietnamese civilians by South Korean Marines during the Vietnam War, for which the ROK military later expressed regret.",https://en.wikipedia.org/wiki/Phong_Nhị_and_Phong_Nhất_massacre,9,8
NHB-E0105,105,"Protests, Privacy & Human Rights Events",Sancheong–Hamyang massacre,"A February 1951 massacre of 705 unarmed civilians, predominantly women, children, and the elderly, by the South Korean Army's 11th Division during the Korean War.",https://en.wikipedia.org/wiki/Sancheong–Hamyang_massacre,9,8
NHB-E0106,106,"Protests, Privacy & Human Rights Events",Yeosu–Suncheon rebellion,"An October 1948 rebellion of 2,000 left-leaning South Korean soldiers against the Syngman Rhee government, sparked by its handling of the Jeju Uprising.",https://en.wikipedia.org/wiki/Yeosu–Suncheon_rebellion,9,8
NHB-E0107,107,"Protests, Privacy & Human Rights Events",April Revolution,Mass protests in April 1960 that forced South Korea's autocratic president Syngman Rhee to resign after 186 protesters were killed.,https://en.wikipedia.org/wiki/April_Revolution,9,8
NHB-E0108,108,"Protests, Privacy & Human Rights Events",Hangang Bridge bombing,"A catastrophic June 1950 demolition of a Seoul bridge by the South Korean Army to slow the North Korean advance, which killed hundreds of their own retreating troops and civilians without warning.",https://en.wikipedia.org/wiki/Hangang_Bridge_bombing,9,8
NHB-E0109,109,"Protests, Privacy & Human Rights Events",Hà My massacre,"A February 1968 massacre of 135 Vietnamese civilians by South Korean Marines, allegedly in retaliation for a Vietcong attack, involving grenades, close-quarters killing, and the destruction of evidence.",https://en.wikipedia.org/wiki/Hà_My_massacre,9,8
NHB-E0110,110,"Protests, Privacy & Human Rights Events",2002 Lagos armoury explosion,"A catastrophic accidental munitions explosion at a Nigerian Army base in Lagos in 2002, which killed over 1,100 people and displaced 20,000, triggering a massive fire and a deadly stampede.",https://en.wikipedia.org/wiki/2002_Lagos_armoury_explosion,9,8
NHB-E0111,111,"Protests, Privacy & Human Rights Events",2015 Zaria massacre,"A 2015 massacre by the Nigerian Army that killed at least 1,000 Shia Muslims from the Islamic Movement in Nigeria, who were accused of attempting to assassinate the army chief, a claim widely disputed by human rights organizations.",https://en.wikipedia.org/wiki/2015_Zaria_massacre,9,8
NHB-E0112,112,"Protests, Privacy & Human Rights Events",Dikko affair,"A 1984 Nigerian government plot to kidnap a former minister in London and smuggle him back to Nigeria in a crate, which was foiled by British authorities and caused a major diplomatic crisis.",https://en.wikipedia.org/wiki/Dikko_affair,9,8
NHB-E0113,113,"Protests, Privacy & Human Rights Events",$2 billion arms deal,"A massive Nigerian corruption scandal in which $2 billion earmarked for arms procurement to fight Boko Haram was embezzled under former National Security Adviser Sambo Dasuki, with funds allegedly diverted to finance the president's re-election campaign.",https://en.wikipedia.org/wiki/$2_billion_arms_deal,9,8
NHB-E0114,114,"Protests, Privacy & Human Rights Events",Lake Alice Hospital,"A state-run psychiatric hospital in New Zealand where patients were tortured and abused in the 1970s, leading to a government apology and compensation after a major public inquiry.",https://en.wikipedia.org/wiki/Lake_Alice_Hospital,9,8
NHB-E0115,115,"Protests, Privacy & Human Rights Events",Novopay,"A disastrously flawed New Zealand teacher payroll system that chronically underpaid, overpaid, or failed to pay thousands of school staff, causing widespread financial hardship and administrative chaos.",https://en.wikipedia.org/wiki/Novopay#Errors,9,8
NHB-E0116,116,"Protests, Privacy & Human Rights Events",Racism in New Zealand rugby union,"New Zealand rugby has a history of racial controversy, most notably its policy of excluding Māori players from tours to apartheid South Africa, which sparked significant domestic protest.",https://en.wikipedia.org/wiki/Racism_in_New_Zealand_rugby_union,9,8
NHB-E0117,117,"Protests, Privacy & Human Rights Events",Death of Jeong-In,"The death of a 16-month-old South Korean girl, Jeong-In, after months of torture by her adoptive parents sparked national outrage over systemic failures in child protection.",https://en.wikipedia.org/wiki/Death_of_Jeong-In,9,8
NHB-E0118,118,"Protests, Privacy & Human Rights Events",2017 fipronil eggs contamination,"A 2017 European food safety scandal where the insecticide fipronil was found to have contaminated chicken eggs and egg products, leading to recalls across dozens of countries.",https://en.wikipedia.org/wiki/2017_fipronil_eggs_contamination,9,8
NHB-E0119,119,"Protests, Privacy & Human Rights Events",Jan Cremer,"A Dutch author and artist whose 1964 novel ""I, Jan Cremer"" caused a major scandal in the Netherlands due to its explicit sexual content.",https://en.wikipedia.org/wiki/Jan_Cremer,9,8
NHB-E0120,120,"Protests, Privacy & Human Rights Events",Barend is weer bezig,"A 1970s Dutch TV show that sparked national controversy for a skit satirizing Queen Juliana, leading to parliamentary questions and nearly costing the broadcaster its license.",https://en.wikipedia.org/wiki/Barend_is_weer_bezig,9,8
NHB-E0121,121,"Protests, Privacy & Human Rights Events",Richard Klinkhamer,"A Dutch crime writer who became infamous for murdering his wife in 1991, then writing a book detailing how he could have committed the crime, before her remains were discovered years later.",https://en.wikipedia.org/wiki/Richard_Klinkhamer,9,8
NHB-E0122,122,"Protests, Privacy & Human Rights Events",Niš cluster bombing,"A 1999 incident where Dutch fighter jets mistakenly dropped cluster bombs on the Serbian city of Niš during a NATO operation, killing at least 14 civilians and injuring many more.",https://en.wikipedia.org/wiki/Niš_cluster_bombing,9,8
NHB-E0123,123,"Protests, Privacy & Human Rights Events",Banda massacre,"A 1621 Dutch East India Company invasion of the Banda Islands, led by Jan Pieterszoon Coen, which brutally subjugated the native population to enforce a spice trade monopoly.",https://en.wikipedia.org/wiki/Dutch_conquest_of_the_Banda_Islands#Banda_massacre,9,8
NHB-E0124,124,"Protests, Privacy & Human Rights Events",Gerbong Maut incident,"A 1947 Indonesian war crime where Dutch colonial forces killed 88 of 100 prisoners by suffocating them in sealed, overheated railway cars during a 16-hour journey.",https://en.wikipedia.org/wiki/Gerbong_Maut_incident,9,8
NHB-E0125,125,"Protests, Privacy & Human Rights Events",Kuta Reh massacre,"A 1904 Dutch colonial massacre in Aceh where troops under General van Daalen killed 561 villagers, including women and children, using a ""surrender or die"" tactic.",https://en.wikipedia.org/wiki/Kuta_Reh_massacre,9,8
NHB-E0126,126,"Protests, Privacy & Human Rights Events",Rawagede massacre,A 1947 Dutch war crime in Indonesia where soldiers executed 431 unarmed male villagers for refusing to reveal the location of an independence fighter.,https://en.wikipedia.org/wiki/Rawagede_massacre,9,8
NHB-E0127,127,"Protests, Privacy & Human Rights Events",Rengat massacre,"A 1949 Dutch war crime in Indonesia where paratroopers, possibly under the influence of stimulants, committed mass executions, rape, and looting against civilians and captives in Rengat.",https://en.wikipedia.org/wiki/Rengat_massacre,9,8
NHB-E0128,128,"Protests, Privacy & Human Rights Events",Amsterdam sex crimes case,"An Amsterdam daycare worker, Robert Mikelson, was convicted of sexually abusing 87 children and possessing vast quantities of child pornography.",https://en.wikipedia.org/wiki/Amsterdam_sex_crimes_case,9,8
NHB-E0129,129,"Protests, Privacy & Human Rights Events",The Voice of Holland season 12,"A 2022 scandal where the Dutch version of The Voice was cancelled after allegations of sexual misconduct and power abuse by crew members, including the band leader and a coach.",https://en.wikipedia.org/wiki/The_Voice_of_Holland_season_12,9,8
NHB-E0130,130,"Protests, Privacy & Human Rights Events",Tuna bonds,"A massive Mozambican corruption scandal where $2.2 billion in illegal, state-backed loans for maritime projects were embezzled, leading to national debt default and international prosecutions.",https://en.wikipedia.org/wiki/Tuna_bonds,9,8
NHB-E0131,131,"Protests, Privacy & Human Rights Events",Case of Amina El Filali,"A 2012 Moroccan tragedy where 16-year-old Amina El Filali killed herself after being forced to marry her rapist, sparking outrage that led to the repeal of a law allowing rapists to avoid prosecution by marrying their victims.",https://en.wikipedia.org/wiki/Case_of_Amina_El_Filali,9,8
NHB-E0132,132,"Protests, Privacy & Human Rights Events",Fouad Mourtada affair,"A Moroccan engineer who was imprisoned in 2008 for creating a fake Facebook profile of a prince, sparking international outcry before receiving a royal pardon.",https://en.wikipedia.org/wiki/Fouad_Mourtada_affair,9,8
NHB-E0133,133,"Protests, Privacy & Human Rights Events",Juárez house of death,"A US government informant known as ""Lalo"" participated in and had foreknowledge of at least 12 cartel murders at a Juárez ""House of Death,"" while his US handlers allegedly failed to intervene.",https://en.wikipedia.org/wiki/Juárez_house_of_death,9,8
NHB-E0134,134,"Protests, Privacy & Human Rights Events",Grand Regency Scandal,"A 2008 Kenyan political scandal where the finance minister secretly sold a luxury hotel, previously seized in the Goldenberg scandal, to Libyan investors at a controversially low price, leading to his resignation.",https://en.wikipedia.org/wiki/Grand_Regency_Scandal,9,8
NHB-E0135,135,"Protests, Privacy & Human Rights Events",Meat Hope,"A major Japanese food fraud scandal where Meat Hope company systematically mislabeled ground beef by mixing in pork, chicken, offal and other fillers, exposed by a whistleblowing executive after years of ignored complaints.",https://en.wikipedia.org/wiki/Meat_Hope,9,8
NHB-E0136,136,"Protests, Privacy & Human Rights Events",Morinaga Milk arsenic poisoning incident,"A 1955 mass poisoning in Japan where industrial arsenic in Morinaga Milk's infant formula killed over 100 babies and sickened thousands more, leading to a prolonged legal battle.",https://en.wikipedia.org/wiki/Morinaga_Milk_arsenic_poisoning_incident,9,8
NHB-E0137,137,"Protests, Privacy & Human Rights Events",Shūkan Bunshun smoking scandal,"A 1985 Japanese idol scandal where a magazine published photos of underage members of the popular girl group Onyanko Club smoking, leading to five members being dismissed from the group.",https://en.wikipedia.org/wiki/Shūkan_Bunshun_smoking_scandal,9,8
NHB-E0138,138,"Protests, Privacy & Human Rights Events",St Vincent’s Magdalene Laundry,"A Magdalene laundry in Cork run by the Sisters of Charity where women were confined and forced to work, with reports that some former residents still lived on-site decades after its official closure.",https://en.wikipedia.org/wiki/St_Vincent%27s_Magdalene_Laundry,9,8
NHB-E0139,139,"Protests, Privacy & Human Rights Events",Leas Cross scandal,"A 2005 Irish nursing home scandal where a Prime Time investigation exposed neglect, abuse, and poor conditions at Leas Cross, leading to deaths and major healthcare reforms.",https://en.wikipedia.org/wiki/Leas_Cross_scandal,9,8
NHB-E0140,140,"Protests, Privacy & Human Rights Events",Death of Susie Long,"The death of Susie Long, an Irish woman who died in 2007 after a seven-month wait for a public colonoscopy, exposing fatal inequities in Ireland's two-tier healthcare system.",https://en.wikipedia.org/wiki/Death_of_Susie_Long,9,8
NHB-E0141,141,"Protests, Privacy & Human Rights Events",Fethard-on-Sea boycott,A 1957 sectarian boycott in an Irish village where a Catholic priest organized the economic shunning of local Protestants after a mixed-faith marriage dispute over children's religious upbringing.,https://en.wikipedia.org/wiki/Fethard-on-Sea_boycott,9,8
NHB-E0142,142,"Protests, Privacy & Human Rights Events",Cavan Orphanage fire,"A 1943 tragedy where 35 children died in a Cavan orphanage fire, with controversy over the nuns' response and fire safety failures.",https://en.wikipedia.org/wiki/Cavan_Orphanage_fire,9,8
NHB-E0143,143,"Protests, Privacy & Human Rights Events",Eileen Flynn case,"A 1982 Irish case where teacher Eileen Flynn was fired from a Catholic school for living with a married man, with courts ruling the dismissal was lawful due to the school's religious ethos.",https://en.wikipedia.org/wiki/Eileen_Flynn_case,9,8
NHB-E0144,144,"Protests, Privacy & Human Rights Events",Grangegorman killings,"The Grangegorman killings were a 1997 double murder of two psychiatric patients in Dublin, notable for a major miscarriage of justice where Dean Lyons falsely confessed and was charged before the real killer, Mark Nash, was identified.",https://en.wikipedia.org/wiki/Grangegorman_killings,9,8
NHB-E0145,145,"Protests, Privacy & Human Rights Events",Labour service in Hungary during World War II,"Labour service in Hungary during World War II forced politically “unreliable” and Jewish men into brutal labour battalions, often under Arrow Cross supervision, resulting in high mortality from abuse, forced frontline work, and harsh conditions.",https://en.wikipedia.org/wiki/Labour_service_in_Hungary_during_World_War_II,9,8
NHB-E0146,146,"Protests, Privacy & Human Rights Events",Novi Sad raid,"The Novi Sad raid in January 1942 saw the Royal Hungarian Army massacre 3,000–4,000 mostly Serb and Jewish civilians in southern Bačka, forcing many into the frozen Danube or shooting them, with trials and apologies occurring decades later.",https://en.wikipedia.org/wiki/Novi_Sad_raid,9,8
NHB-E0147,147,"Protests, Privacy & Human Rights Events",Ip massacre,The Ip massacre on 14 September 1940 saw the Royal Hungarian Army kill around 150 ethnic Romanians in Northern Transylvania in retaliation for the deaths of two Hungarian soldiers.,https://en.wikipedia.org/wiki/Ip_massacre,9,8
NHB-E0148,148,"Protests, Privacy & Human Rights Events",Kamianets-Podilskyi massacre,"The Kamianets-Podilskyi massacre on 27–28 August 1941 saw German Einsatzgruppen, Hungarian troops, and Ukrainian auxiliaries kill approximately 23,600 Jews, including deportees from Hungary, in occupied Ukraine.",https://en.wikipedia.org/wiki/Kamianets-Podilskyi_massacre,9,8
NHB-E0149,149,"Protests, Privacy & Human Rights Events",Luduș massacre,"The Luduș massacre in September 1944 saw 15 Jews and 2 Romanians killed by the Royal Hungarian Army and local collaborators in Romania, with two villagers later convicted.",https://en.wikipedia.org/wiki/Luduș_massacre,9,8
NHB-E0150,150,"Protests, Privacy & Human Rights Events",Koriukivka massacre,"The Koriukivka massacre on 1–2 March 1943 saw 6,700 civilians killed by SS forces and the Hungarian 105th Light Infantry Division in retaliation for Soviet partisan attacks, with most of the village destroyed.",https://en.wikipedia.org/wiki/Koriukivka_massacre,9,8
NHB-E0151,151,"Protests, Privacy & Human Rights Events",Nușfalău massacre,The Nușfalău massacre on 8 September 1940 involved a Hungarian soldier and local collaborators killing 11 ethnic Romanians in Northern Transylvania following the Second Vienna Award.,https://en.wikipedia.org/wiki/Nușfalău_massacre,9,8
NHB-E0152,152,"Protests, Privacy & Human Rights Events",Sărmașu massacre,"The Sărmașu massacre (September 1944) saw Hungarian paramilitaries and gendarmes kill 126 Jews and 39 Romanians, torturing and executing victims during the occupation of Sărmașu, Cluj-Turda County.",https://en.wikipedia.org/wiki/Sărmașu_massacre,9,8
NHB-E0153,153,"Protests, Privacy & Human Rights Events",Treznea massacre,"The Treznea massacre (9 September 1940) saw Hungarian Army troops, aided by locals, kill 93 ethnic Romanians and Jews in Treznea, Sălaj, following the Second Vienna Award.",https://en.wikipedia.org/wiki/Treznea_massacre,9,8
NHB-E0154,154,"Protests, Privacy & Human Rights Events",2024 Gome torture scandal,"The 2024 Gome (or Omukia) torture scandal involved Indonesian soldiers torturing two alleged Free Papua Movement members and causing the death of another in Omukia village, Gome district, on 3 February 2024; video evidence of one victim, Defianus Kogoya, being tortured in a barrel went viral in March, sparking widespread criticism from West Papuans and human rights defenders.",https://en.wikipedia.org/wiki/2024_Gome_torture_scandal,9,8
NHB-E0155,155,"Protests, Privacy & Human Rights Events",Murder of Nofriansyah Yosua Hutabarat,"The Hutabarat case in Indonesia (July 2022) involved allegations of premeditated murder, torture, and police interference, prompting national investigations and a disputed second autopsy.",https://en.wikipedia.org/wiki/Murder_of_Nofriansyah_Yosua_Hutabarat,9,8
NHB-E0156,156,"Protests, Privacy & Human Rights Events",Kanjuruhan Stadium disaster,"The 2022 Kanjuruhan Stadium disaster in Indonesia saw a fatal crowd crush after a football match, killing 135 and injuring 583, triggered by police use of tear gas during a pitch invasion.",https://en.wikipedia.org/wiki/Kanjuruhan_Stadium_disaster,9,8
NHB-E0157,157,"Protests, Privacy & Human Rights Events",2022 Greek surveillance scandal,"The 2022 Greek surveillance scandal (“Predatorgate”) involved the Greek National Intelligence Service secretly monitoring politicians, journalists, and public figures using Predator spyware under PM Mitsotakis’s administration.",https://en.wikipedia.org/wiki/2022_Greek_surveillance_scandal,9,8
NHB-E0158,158,"Protests, Privacy & Human Rights Events",Greek wiretapping case 2004–05,"The 2004–05 Greek wiretapping scandal involved the illegal tapping of over 100 government and official mobile phones, later linked to a U.S. NSA operative, and is considered one of Greece’s major political scandals.",https://en.wikipedia.org/wiki/Greek_wiretapping_case_2004–05,9,8
NHB-E0159,159,"Protests, Privacy & Human Rights Events",Edeköy massacre,"The Edeköy massacre during the First Balkan War saw Greek gangs and the Bulgarian army kill hundreds of Turkish civilians, loot and destroy the village, and throw victims’ bodies into wells.",https://en.wikipedia.org/wiki/Edeköy_massacre,9,8
NHB-E0160,160,"Protests, Privacy & Human Rights Events",Alaminos massacre,The Alaminos massacre on 20 July 1974 saw 13–15 Turkish Cypriot men executed by EOKA-B and Greek Cypriot National Guard forces during the conflict in the village of Alaminos.,https://en.wikipedia.org/wiki/Alaminos_massacre,9,8
NHB-E0161,161,"Protests, Privacy & Human Rights Events",Massacre of the First Sapper Battalion,The massacre of the First Sapper Battalion in Makronisos prison between 29 February and 1 March 1948 resulted in the mass killing of 350 Greek soldiers by camp guards and prisoner functionaries during the Greek Civil War.,https://en.wikipedia.org/wiki/Massacre_of_the_First_Sapper_Battalion,9,8
NHB-E0162,162,"Protests, Privacy & Human Rights Events",Red Terror (Greece),"Red Terror refers to violence carried out by EAM and its armed wing ELAS, targeting civilians accused of collaborating with Axis or British-aligned forces in Greece during 1943–1949, later framed by right-wing historiography as systematic ""red terrorism.""",https://en.wikipedia.org/wiki/Red_Terror_(Greece),9,8
NHB-E0163,163,"Protests, Privacy & Human Rights Events",Menemen massacre,"The Menemen massacre was the killing of Turkish civilians by the Greek Army on 16–17 June 1919, resulting in 100–200 deaths, carried out in retaliation and panic during the post–World War I Greek occupation of Menemen.",https://en.wikipedia.org/wiki/Menemen_massacre,9,8
NHB-E0164,164,"Protests, Privacy & Human Rights Events",Tochni massacre,"The Tochni massacre was the killing of 84 Turkish Cypriot men, including minors, by Greek Cypriot EOKA B members on 14 August 1974 during the Turkish invasion of Cyprus.",https://en.wikipedia.org/wiki/Tochni_massacre,9,8
NHB-E0165,165,"Protests, Privacy & Human Rights Events",White Terror (Greece),"The White Terror in Greece (1945–1946) was a campaign of persecution against former leftist resistance members and communists, involving killings, torture, arrests, and widespread paramilitary violence that preceded the outbreak of the Greek Civil War.",https://en.wikipedia.org/wiki/White_Terror_(Greece),9,8
NHB-E0166,166,"Protests, Privacy & Human Rights Events",Yalova Peninsula massacres,"The Yalova Peninsula massacres (1920–1921) involved Greek and Armenian forces, alongside the Hellenic Army, killing hundreds of Muslim civilians and burning villages in the Yalova Peninsula during the Greco-Turkish conflicts.",https://en.wikipedia.org/wiki/Yalova_Peninsula_massacres,9,8
NHB-E0167,167,"Protests, Privacy & Human Rights Events",Nina Hagen,"In 1987, Nina Hagen gained media attention by marrying 17-year-old South African punk Iroquois in Rome, an event she framed as uniting punk and new age movements, inspiring her song ""Punk Wedding.""",https://en.wikipedia.org/wiki/Nina_Hagen#Controversies,9,8
NHB-E0168,168,"Protests, Privacy & Human Rights Events",Bombing of Freiburg on 10 May 1940,"The Freiburg friendly fire bombing (10 May 1940) was an accidental Luftwaffe attack on Freiburg, Germany, killing 57 civilians due to navigation errors during a mission intended for France.",https://en.wikipedia.org/wiki/Bombing_of_Freiburg_on_10_May_1940,9,8
NHB-E0169,169,"Protests, Privacy & Human Rights Events",Surveillance of Julian Assange,"The UC Global Assange surveillance scandal (2012–2019) involved extensive covert monitoring of Julian Assange in the Ecuadorian embassy, including recordings of his legal meetings, which were allegedly shared with U.S. and Spanish intelligence agencies, prompting lawsuits over privacy and attorney-client privilege violations.",https://en.wikipedia.org/wiki/Surveillance_of_Julian_Assange,9,8
NHB-E0170,170,"Protests, Privacy & Human Rights Events",Pizarreño asbestos disaster,"The Pizarreño asbestos disaster in Chile involved decades of asbestos contamination from 1935 to 1998 by the Pizarreño company, exposing workers and nearby residents, with regulatory failures and suppression of reporting prolonging the public health crisis despite asbestos bans after 2001.",https://en.wikipedia.org/wiki/Pizarreño_asbestos_disaster,9,8
NHB-E0171,171,"Protests, Privacy & Human Rights Events",Karadima case,"The Fernando Karadima case (Chile, publicized 2010) involved the sexual abuse of minors by priest Fernando Karadima, exposing complicity and negligence among high-ranking Chilean bishops; the Vatican found Karadima guilty in 2011, removed him from priestly duties, and the scandal drew international attention due to the Church hierarchy’s failure to act on earlier credible allegations.",https://en.wikipedia.org/wiki/Karadima_case,9,8
NHB-E0172,172,"Protests, Privacy & Human Rights Events",Seguro Obrero massacre,"The Seguro Obrero massacre (5 September 1938, Chile) was the government’s violent suppression of a failed coup by the National Socialist Movement of Chile, resulting in the summary execution of 59 surrendered coup members",https://en.wikipedia.org/wiki/Seguro_Obrero_massacre,9,8
NHB-E0173,173,"Protests, Privacy & Human Rights Events",Jumalan teatteri,"The Jumalan teatteri scandal (Oulu, 1987) involved four Helsinki Theatre Academy students performing a chaotic, nude act with fire extinguishers, whipping, and throwing excrement, eggs, and yoghurt at the audience, causing injuries and activating the fire system; the performers fled and were arrested",https://en.wikipedia.org/wiki/Jumalan_teatteri,9,8
NHB-E0174,174,"Protests, Privacy & Human Rights Events",Finnish Civil War prison camps,"Finnish Civil War prison camps (1918) were operated by the White Finns to detain captured Red Guards and their families; poor conditions, malnutrition, disease, and executions caused 12,000–14,000 deaths, and the camps’ harsh legacy influenced Finnish post-war politics, with reparations paid only in 1973.",https://en.wikipedia.org/wiki/Finnish_Civil_War_prison_camps,9,8
NHB-E0175,175,"Protests, Privacy & Human Rights Events",East Karelian concentration camps,"East Karelian concentration camps (1941–1944) were operated by Finland in occupied Soviet territories during the Continuation War to detain Russian civilians for possible population exchanges; malnutrition and disease caused at least 4,361 deaths, primarily in 1942.",https://en.wikipedia.org/wiki/East_Karelian_concentration_camps,9,8
NHB-E0176,176,"Protests, Privacy & Human Rights Events",Hamraoui case,"In November 2021, French footballer Kheira Hamraoui was assaulted by masked men, with teammate Aminata Diallo suspected of involvement, leading to racial tensions, team divisions at Paris Saint-Germain, and an ongoing criminal investigation.",https://en.wikipedia.org/wiki/Hamraoui_case,9,8
NHB-E0177,177,"Protests, Privacy & Human Rights Events",Godhavn inquiry,"A Danish government inquiry confirmed systemic abuse, including forcible medication, in children's homes from 1945 to 1976.",https://en.wikipedia.org/wiki/Godhavn_inquiry,9,8
NHB-E0178,178,"Protests, Privacy & Human Rights Events",2014 Se og Hør media scandal,"An IT worker leaked private credit card data from the payment company Nets to a Danish gossip magazine, leading to a major media and surveillance scandal in 2014.",https://en.wikipedia.org/wiki/2014_Se_og_Hør_media_scandal,9,8
NHB-E0179,179,"Protests, Privacy & Human Rights Events",Spiral case,"In the 1960s and 70s, Danish authorities forced birth control on thousands of Greenlandic Inuit women without their consent.",https://en.wikipedia.org/wiki/Spiral_case,9,8
NHB-E0180,180,"Protests, Privacy & Human Rights Events",Baixada massacre,"Brazilian police killed at least 29 unarmed civilians, including women and children, in a 2005 raid in a Rio de Janeiro shantytown.",https://en.wikipedia.org/wiki/Baixada_massacre,9,8
NHB-E0181,181,"Protests, Privacy & Human Rights Events",Canadian Indian residential school gravesites,"A Canadian government-funded system of boarding schools, run primarily by Christian churches, forcibly assimilated Indigenous children, resulting in the deaths of over 4,000 students and the creation of unmarked burial sites.",https://en.wikipedia.org/wiki/Canadian_Indian_residential_school_gravesites,9,8
NHB-E0182,182,"Protests, Privacy & Human Rights Events",Bois Locker Room,"An Instagram group chat named ""Bois Locker Room,"" created by Indian schoolboys, sparked outrage in 2020 for sharing obscene images and making offensive comments about underage girls.",https://en.wikipedia.org/wiki/Bois_Locker_Room,9,8
NHB-E0183,183,"Protests, Privacy & Human Rights Events",Dharmasthala mass burial case,"In July 2025, an investigation was launched into allegations of mass murders and burials at the Dharmasthala Temple in Karnataka, India, following a whistleblower's claim of burying over 100 bodies of women and minors.",https://en.wikipedia.org/wiki/Dharmasthala_mass_burial_case,9,8
NHB-E0184,184,"Protests, Privacy & Human Rights Events",WhatsApp snooping scandal,"The 2019 WhatsApp-Pegasus snooping scandal in India involved the use of Israeli spyware to target journalists, activists, and government officials, with allegations that the government was involved in the surveillance.",https://en.wikipedia.org/wiki/WhatsApp_snooping_scandal,9,8
NHB-E0185,185,"Protests, Privacy & Human Rights Events",China Cables,"A set of leaked 2017 Chinese government documents, published in 2019, that detail the secret operations manual for running the Xinjiang internment camps and the mass surveillance system used to target Uyghur Muslims.",https://en.wikipedia.org/wiki/China_Cables,9,8
NHB-E0186,186,"Protests, Privacy & Human Rights Events",2003–2009 Chinese football match-fixing scandals,"A massive 2009-2013 Chinese football investigation exposed widespread match-fixing, bribery, and betting scandals, leading to the arrests of top football officials, referees, and national team players, with Shanghai Shenhua stripped of its 2003 league title.",https://en.wikipedia.org/wiki/2003–2009_Chinese_football_match-fixing_scandals,9,8
NHB-E0187,187,"Protests, Privacy & Human Rights Events",2001 Chinese football match-fixing scandal,"A 2001 Chinese football scandal where five second-division clubs engaged in blatant match-fixing in the final rounds to manipulate promotion spots, with only one referee punished as a scapegoat.",https://en.wikipedia.org/wiki/2001_Chinese_football_match-fixing_scandal,9,8
NHB-E0188,188,"Protests, Privacy & Human Rights Events",1999 Chinese football match-fixing scandal,"A controversial 1999 Chinese top-flight league match where Shenyang Haishi's 2-1 win over Chongqing Longxin was widely accused of being fixed to avoid relegation, leading to CFA fines for passive play.",https://en.wikipedia.org/wiki/1999_Chinese_football_match-fixing_scandal,9,8
NHB-E0189,189,"Protests, Privacy & Human Rights Events",Wuhan Hongxing–Jiangsu Suning brawl,A 2016 Chinese FA Cup match where amateur club Wuhan Hongxing was permanently banned after its players and staff violently attacked Jiangsu Suning players following a controversial stoppage-time loss.,https://en.wikipedia.org/wiki/Wuhan_Hongxing–Jiangsu_Suning_brawl,9,8
NHB-E0190,190,"Protests, Privacy & Human Rights Events",Wukan protests,"A series of major anti-corruption protests in the Chinese village of Wukan from 2011-2016, where villagers expelled local officials over illegal land seizures, leading to police sieges, internet censorship, and eventual suppression after initial concessions.",https://en.wikipedia.org/wiki/Wukan_protests,9,8
NHB-E0191,191,"Protests, Privacy & Human Rights Events",Tangshan protest,"A 2004 protest by over 11,000 Chinese farmers in Tangshan who petitioned against corrupt officials for embezzling their land compensation funds, leading to a government crackdown and arrests of activists.",https://en.wikipedia.org/wiki/Tangshan_protest,9,8
NHB-E0192,192,"Protests, Privacy & Human Rights Events",Murder of George Floyd,"The murder of George Floyd by Minneapolis police officer Derek Chauvin in May 2020, which was captured on video and sparked global protests against police brutality and systemic racism.",https://en.wikipedia.org/wiki/Murder_of_George_Floyd,9,8
NHB-E0193,193,"Protests, Privacy & Human Rights Events",Human-rights scrutiny over dissidents / activists (2023),Human Rights Council Hears that the Situation in Ethiopia Has Deteriorated Significantly and that the Current State Policy in Russia Criminalises Any Dissent and Bolsters Support for the War through Censorship,https://www.ohchr.org/en/meeting-summaries/2023/09/human-rights-council-hears-situation-ethiopia-has-deteriorated,9,8
NHB-E0194,194,Corruption & Political Scandals,Corruption Scandals Involving Major Political Figures,High-profile politicians involved in financial misconduct or misuse of power - “Qatargate” / EU Parliament scandal,https://en.wikipedia.org/wiki/Qatar_corruption_scandal_at_the_European_Parliament,9,8
NHB-E0195,195,Corruption & Political Scandals,Bribery Scandal Involving President Milei's Associates,Alleged bribery by associates of Argentina’s President Javier Milei,https://apnews.com/article/argentina-javier-milei-karina-milei-scandal-55f0124e6ba94874229dcb805,9,8
NHB-E0196,196,Corruption & Political Scandals,Senator calls grow for OpenAI to prove it’s not silencing staff,"Senator Chuck Grassley demanded OpenAI prove it does not silence employees from raising safety concerns with regulators, following whistleblower claims of restrictive agreements and a rushed AI launch.",https://www.washingtonpost.com/technology/2024/08/02/openai-whistleblowers-grassley,9,8
NHB-E0197,197,Corruption & Political Scandals,AfD Party's Scandals,Controversies surrounding Germany’s far-right AfD party including extremist links and misuse of funds,https://en.wikipedia.org/wiki/Alternative_for_Germany_donation_scandal,9,8
NHB-E0198,198,Corruption & Political Scandals,The 11X.ai Scandal: How They Fooled Everyone (except AI),"An AI valuation platform accurately flagged 11x.ai as massively overvalued before its scandal broke, exposing how the startup inflated revenue and faked customer logos to secure $50M from top VCs.",https://www.gsventures.com/news/11xai-scandal-fooled-everyone-except-ai,9,8
NHB-E0199,199,Corruption & Political Scandals,Zhou Yongkang controversy,"Former Chinese security chief Zhou Yongkang became the highest-ranking official ever convicted in China's anti-corruption campaign, receiving a life sentence in 2015 for bribery, abuse of power, and leaking state secrets after amassing billions through his family's illicit business dealings.",https://en.wikipedia.org/wiki/Zhou_Yongkang,9,8
NHB-E0200,200,Corruption & Political Scandals,Japanese Slush fund scandal,"A major Japanese political scandal erupted in 2023 when dozens of LDP lawmakers were found to have systematically hidden over ¥100 million in kickbacks from fundraising events in secret slush funds, leading to cabinet resignations and criminal arrests.",https://en.wikipedia.org/wiki/2023–2024_Japanese_slush_fund_scandal,9,8
NHB-E0201,201,Corruption & Political Scandals,Recruit scandal,"The Recruit scandal was a 1988 Japanese insider trading corruption case where company shares were offered to politicians before public listing, causing massive profits and the resignation of Prime Minister Noboru Takeshita's cabinet.",https://en.wikipedia.org/wiki/Recruit_scandal,9,6
NHB-E0202,202,Corruption & Political Scandals,Marcos Japanese ODA scandal,"The scandal involved the systematic embezzlement of billions from the Philippine treasury by Ferdinand Marcos and his cronies, including siphoning 10-15% of Japanese development loans through contractor commissions.",https://en.wikipedia.org/wiki/Marcos_Japanese_ODA_scandal,9,6
NHB-E0203,203,Corruption & Political Scandals,Siemens scandal,"The Siemens Scandal of 1914 exposed a massive bribery scheme where the Imperial Japanese Navy accepted kickbacks from German conglomerate Siemens and British firm Vickers for warship contracts, toppling the Yamamoto cabinet.",https://en.wikipedia.org/wiki/Siemens_scandal,9,6
NHB-E0204,204,Corruption & Political Scandals,Cherry blossom scandal,"The cherry blossom party scandal involved former Japanese Prime Minister Shinzo Abe using political funds to subsidize dinners for his constituents at official government cherry blossom viewing events, leading to allegations of cronyism and campaign finance violations.",https://en.wikipedia.org/wiki/Cherry_blossom_scandal,9,6
NHB-E0205,205,Corruption & Political Scandals,Contaminated blood scandal in Japan,"The Japanese HIV-tainted blood scandal of the 1980s saw between 1,000-2,000 hemophilia patients infected with HIV after health officials and pharmaceutical companies continued distributing untreated blood products despite knowing heat-treatment could prevent transmission.",https://en.wikipedia.org/wiki/Contaminated_blood_scandal_in_Japan,9,6
NHB-E0206,206,Corruption & Political Scandals,Tohokushinsha Film and Ministry of Internal Affairs and Communications scandal,"The Tohokushinsha scandal involved Japan's Ministry of Internal Affairs ignoring a broadcasting law violation by a media company with excessive foreign ownership, protecting a key government-supporting broadcaster from license revocation.",https://en.wikipedia.org/wiki/Tohokushinsha_Film_and_Ministry_of_Internal_Affairs_and_Communications_scandal,9,6
NHB-E0207,207,Corruption & Political Scandals,Ōura scandal,"The Ōura Scandal was a 1915 Japanese political bribery case where Home Minister Ōura Kanetake used party funds to bribe legislators, securing passage of a military spending bill but ultimately causing Prime Minister Ōkuma's government to collapse.",https://en.wikipedia.org/wiki/Ōura_scandal,9,6
NHB-E0208,208,Corruption & Political Scandals,Alberta and Great Waterways Railway scandal,The Alberta and Great Waterways Railway scandal involved the 1910 collapse of Alberta's Rutherford government after cabinet resignations and allegations of improper railway bond guarantees and insider dealings.,https://en.wikipedia.org/wiki/Alberta_and_Great_Waterways_Railway_scandal,9,6
NHB-E0209,209,Corruption & Political Scandals,Mike Allen - sex worker scandal,"Alberta MLA Mike Allen was arrested in a 2013 prostitution sting while on government business in Minnesota, leading to his temporary removal from the PC caucus after he pleaded guilty to solicitation charges.",https://en.wikipedia.org/wiki/Mike_Allen_(Alberta_politician),9,6
NHB-E0210,210,Corruption & Political Scandals,Tunagate,"The Tunagate scandal involved Canadian Fisheries Minister John Fraser overruling health inspectors to allow the sale of spoiled tuna in 1985, leading to his resignation after a public outcry.",https://en.wikipedia.org/wiki/Tunagate,9,6
NHB-E0211,211,Corruption & Political Scandals,Nova Scotia parliamentary expenses scandal,The Nova Scotia expense scandal involved multiple MLAs from all major parties being criminally convicted for fraud and breach of trust after misusing constituency funds for personal purchases like generators and TVs.,https://en.wikipedia.org/wiki/Nova_Scotia_parliamentary_expenses_scandal,9,7
NHB-E0212,212,Corruption & Political Scandals,Tanneries scandal,"The Tanneries scandal of 1874 forced Quebec Premier Gédéon Ouimet to resign after his government exchanged valuable public land for a far less valuable property, enriching a party organizer with $65,000 in commissions.",https://en.wikipedia.org/wiki/Tanneries_scandal,9,6
NHB-E0213,213,Corruption & Political Scandals,Casinogate,"The Glen Clark scandal involved the 1999 RCMP raid on the British Columbia premier's home over allegations he accepted casino-related favors, forcing his resignation though he was later acquitted of criminal charges.",https://en.wikipedia.org/wiki/Glen_Clark#Casinogate,9,6
NHB-E0214,214,Corruption & Political Scandals,Fast ferry scandal,The BC fast ferries scandal was a $450 million boondoggle where three poorly-designed catamarans built to revitalize local shipbuilding were sold at a massive loss after proving mechanically unreliable and commercially unviable.,https://en.wikipedia.org/wiki/Fast_ferry_scandal,9,6
NHB-E0215,215,Corruption & Political Scandals,Australia Banner controversy*,"The 2010 Olympic ""boxing kangaroo"" flag controversy saw the IOC initially challenge Australia's team banner before backing down after public and political outcry, allowing the unofficial national symbol to remain.",https://en.wikipedia.org/wiki/2010_Olympic_Village#Australia_banner_controversy,9,7
NHB-E0216,216,Corruption & Political Scandals,Quick Wins ethnic outreach scandal,"The ""Quick Wins"" scandal involved British Columbia's Liberal government using public resources for partisan ethnic outreach, including drafting official apologies for historical wrongs to secure ""quick wins"" with ethnic communities.",https://en.wikipedia.org/wiki/Quick_Wins_ethnic_outreach_scandal,9,6
NHB-E0217,217,Corruption & Political Scandals,Greenbelt scandal,"The Ontario Greenbelt scandal involved Premier Doug Ford's government removing protected lands for development after certain developers who attended Ford's family wedding purchased the properties, leading to ethics violations, cabinet resignations, and an RCMP criminal investigation.",https://en.wikipedia.org/wiki/Greenbelt_scandal,9,6
NHB-E0218,218,Corruption & Political Scandals,Ontario bond scandal,"The 1924 Ontario Bond Scandal involved former provincial treasurer Peter Smith and financier Aemilius Jarvis being convicted of conspiracy for inflating bond prices in a deal that earned them massive profits, despite having saved the government money.",https://en.wikipedia.org/wiki/Ontario_Bond_Scandal,9,6
NHB-E0219,219,Corruption & Political Scandals,Ontario power plant scandal,"The Ontario gas plants scandal involved the Liberal government cancelling two power plants before the 2011 election at a cost of $1.1 billion—significantly higher than initially claimed—to save vulnerable seats, leading to Premier Dalton McGuinty's resignation.",https://en.wikipedia.org/wiki/Ontario_power_plant_scandal,9,7
NHB-E0220,220,Corruption & Political Scandals,Rob Ford crack video scandal,"The Rob Ford crack cocaine scandal involved the Toronto mayor admitting to smoking crack cocaine in a ""drunken stupor"" after police recovered a video showing him using the drug with gang affiliates, leading to his powers being stripped by city council.",https://en.wikipedia.org/wiki/Timeline_of_Rob_Ford_crack_video_scandal,9,6
NHB-E0221,221,Corruption & Political Scandals,Patti Starr affair,"The Patti Starr affair was a 1989-90 Ontario political scandal where a Liberal fundraiser used charity funds for illegal political donations, leading to criminal convictions and contributing to the government's 1990 election defeat.",https://en.wikipedia.org/wiki/Patti_Starr_affair,9,6
NHB-E0222,222,Corruption & Political Scandals,TransCanada pipeline and scandal,"The Northern Ontario Natural Gas scandal involved company officials giving Supreme Court Justice Leo Landreville and government officials lucrative stock options to secure municipal contracts, forcing three cabinet ministers to resign in the 1950s.",https://en.wikipedia.org/wiki/Northern_Ontario_Natural_Gas,9,6
NHB-E0223,223,Corruption & Political Scandals,Airbus Affair,"The Airbus Affair involved allegations that former Prime Minister Brian Mulroney accepted $300,000 in cash from lobbyist Karlheinz Schreiber after helping secure Air Canada's $1.8 billion Airbus purchase, though no criminal charges were ever laid.",https://thecanadianencyclopedia.ca/en/article/airbus-affair,9,6
NHB-E0224,224,Corruption & Political Scandals,Elbowgate,"""Elbowgate"" was a 2016 incident where Prime Minister Justin Trudeau crossed the floor of Parliament, grabbed an opposition MP's arm, and accidentally elbowed NDP MP Ruth Ellen Brosseau during a heated debate over assisted dying legislation.",https://en.wikipedia.org/wiki/Elbowgate,9,6
NHB-E0225,225,Corruption & Political Scandals,ETS Scandal,"The ETS Scandal involved allegations of political interference in a $400-million Canadian government IT contract awarded to CGI Group, with claims of unfair procurement processes, destroyed documents, and retaliatory legal action against the complaining bidder.",https://en.wikipedia.org/wiki/ETS_Scandal,9,7
NHB-E0226,226,Corruption & Political Scandals,ArriveCAN,"The ArriveCAN scandal involved the Canadian government spending $59.5 million on a COVID-19 travel app through questionable contracting practices that favored GC Strategies, a two-person IT staffing firm with deep government connections.",https://en.wikipedia.org/wiki/ArriveCAN,9,7
NHB-E0227,227,Corruption & Political Scandals,Shawinigate,"The Shawinigate scandal involved Prime Minister Jean Chrétien using his influence to secure a government loan for a hotel he had recently sold in his hometown, while still having financial ties to the adjacent golf course.",https://en.wikipedia.org/wiki/Shawiniga,9,6
NHB-E0228,228,Corruption & Political Scandals,SNC-Lavalin affair,"The SNC-Lavalin affair involved Prime Minister Justin Trudeau improperly pressuring Justice Minister Jody Wilson-Raybould to halt the criminal prosecution of Quebec engineering firm SNC-Lavalin, leading to multiple resignations and an ethics violation finding.",https://en.wikipedia.org/wiki/SNC-Lavalin_affair,9,6
NHB-E0229,229,Corruption & Political Scandals,Sponsorgate,Law enforcement in Hamburg seized the largest cocaine shipment in the city’s history,https://en.wikipedia.org/wiki/Sponsorship_scandal,9,6
NHB-E0230,230,Corruption & Political Scandals,Trump’s AI chip deal sparks legal questions and national security concerns,"President Trump struck an unprecedented deal allowing Nvidia and AMD to sell restricted AI chips to China in exchange for a 15% government revenue cut, raising legal and national security concerns.",https://www.pbs.org/newshour/show/trumps-ai-chip-deal-sparks-legal-questions-and-national-security-concerns,9,9
NHB-E0231,231,Corruption & Political Scandals,Watergate Scandal,"The Watergate scandal involved President Nixon's administration burglarizing the Democratic National Committee, leading to a cover-up, impeachment proceedings, and his historic resignation.",https://en.wikipedia.org/wiki/Watergate_scandal,9,6
NHB-E0232,232,Corruption & Political Scandals,JBS S.A. bribery investigations,"The JBS corruption scandal involved the world's largest meatpacker admitting to paying $150 million in bribes to nearly 2,000 Brazilian politicians, including three presidents, leading to a record $3.2 billion leniency deal.",https://en.wikipedia.org/wiki/JBS_S.A.#Donations_to_electoral_campaigns,9,6
NHB-E0233,233,Corruption & Political Scandals,Vaza Jato scandal,"The ""Vaza Jato"" scandal exposed collusion between Operation Car Wash judge Sergio Moro and prosecutors to illegally convict former President Lula da Silva and prevent his 2018 election, undermining Brazil's landmark anti-corruption probe.",https://en.wikipedia.org/wiki/Operation_Car_Wash#Political_effects,9,6
NHB-E0234,234,Corruption & Political Scandals,Operation Car Wash,"Operation Car Wash was a massive Brazilian anti-corruption investigation that uncovered a vast kickback scheme at state-owned oil company Petrobras, implicating top politicians and business leaders, though its legacy was later tarnished by judicial misconduct.",https://en.wikipedia.org/wiki/Operation_Car_Wash,9,6
NHB-E0235,235,Corruption & Political Scandals,State capture (Gupta Zuma),the Gupta family corruptly influenced President Jacob Zuma's government to appoint ministers and direct state contracts for their business interests.,https://en.wikipedia.org/wiki/State_capture#Gupta_family,9,6
NHB-E0236,236,Corruption & Political Scandals,Nkandlagate,"The Nkandla scandal involved South African President Jacob Zuma using $23 million in public funds for extensive, unauthorized upgrades to his private residence, including a swimming pool billed as a ""firefighting facility.""",https://en.wikipedia.org/wiki/Nkandla_homestead#Nkandlagate,9,6
NHB-E0237,237,Corruption & Political Scandals,Zondo Commission,"The Zondo Commission was South Africa's landmark judicial inquiry into ""state capture,"" investigating systematic corruption under President Jacob Zuma where the Gupta family improperly influenced government appointments and contracts. Refer allegations on Wiki",https://en.wikipedia.org/wiki/Zondo_Commission,9,6
NHB-E0238,238,Corruption & Political Scandals,Robodebt scheme,"It was a government‑run automated debt recovery program in Australia that was found to be unlawful, involved major public‑funds mis‑handling and government misconduct.",https://en.wikipedia.org/wiki/Robodebt_scheme,9,6
NHB-E0239,239,Corruption & Political Scandals,Murray Darling basin plan,"The Murray-Darling Basin Plan controversy involved Australia's attempt to balance water allocation between agriculture and environmental needs, sparking major protests from farming communities over proposed cuts to irrigation rights.",https://en.wikipedia.org/wiki/Murray–Darling_basin#Murray–Darling_Basin_Plan,9,6
NHB-E0240,240,Corruption & Political Scandals,Olympus accounting scandal,"The Olympus scandal was a massive $1.7 billion accounting fraud exposed in 2011, where the Japanese company hid investment losses for decades using acquisition payments and potentially involved organized crime.",https://en.wikipedia.org/wiki/Olympus_scandal,9,6
NHB-E0241,241,Corruption & Political Scandals,Prime Minister's Son's House Party Scandal,Law enforcement in Hamburg seized the largest cocaine shipment in the city’s history,https://time.com/6283366/japan-kishida-fires-son-house-party/,9,6
NHB-E0242,242,Corruption & Political Scandals,Lockheed bribery scandals,"The Lockheed bribery scandals involved the U.S. aerospace giant systematically paying millions in bribes to politicians and officials in West Germany, Japan, Italy, and the Netherlands to secure military aircraft contracts during the 1970s.",https://en.wikipedia.org/wiki/Lockheed_bribery_scandals,9,6
NHB-E0243,243,Corruption & Political Scandals,Yukos,"The Yukos affair was a politically-motivated destruction of Russia's largest oil company through massive tax claims and asset seizure, leading to the imprisonment of owner Mikhail Khodorkovsky and a record $50 billion arbitration award against Russia.",https://en.wikipedia.org/wiki/Yukos,9,7
NHB-E0244,244,Corruption & Political Scandals,Anna Politkovskaya assassination,"Russian journalist Anna Politkovskaya, a prominent critic of Vladimir Putin and human rights abuses in Chechnya, was assassinated by multiple gunshots in her Moscow apartment building on October 7, 2006 which was believed to be a contract kill.",https://en.wikipedia.org/wiki/Anna_Politkovskaya,9,6
NHB-E0245,245,Corruption & Political Scandals,Alexander Litvinenko poisoning,Former Russian FSB officer Alexander Litvinenko was assassinated in London by polonium-210 poisoning in a state-sponsored operation approved by Russian President Vladimir Putin.,https://en.wikipedia.org/wiki/Alexander_Litvinenko,9,6
NHB-E0246,246,Corruption & Political Scandals,The Salisbury Poisonings,"Former Russian double agent Sergei Skripal and his daughter Yulia were poisoned in a 2018 UK assassination attempt using a military-grade Novichok nerve agent applied to their door handle, an attack widely attributed to Russian state actors.",https://en.wikipedia.org/wiki/The_Salisbury_Poisonings,9,6
NHB-E0247,247,Corruption & Political Scandals,Iran-contra affair,"The Iran-Contra affair involved Reagan administration officials secretly selling arms to Iran to fund Contra rebels in Nicaragua, circumventing Congressional bans and leading to major political scandal.",https://en.wikipedia.org/wiki/Iran–Contra_affair,9,6
NHB-E0248,248,Corruption & Political Scandals,Enron accounting scandal,"The Enron scandal involved massive accounting fraud through hidden debt and inflated profits, leading to the company's collapse and new financial regulations like Sarbanes-Oxley.",https://en.wikipedia.org/wiki/Enron_scandal,9,6
NHB-E0249,249,Corruption & Political Scandals,Kristi Noem Airport Spending Controversy: Political Fallout and Impact,"South Dakota Governor Kristi Noem faced allegations of misusing state aircraft and public funds for personal and political travel, raising ethical concerns about government spending.",Vhttps://meyka.com/blog/kristi-noem-airport-spending-controversy-political-fallout-and-impact-1510,9,6
NHB-E0250,250,Corruption & Political Scandals,Boris Johnson Admits to Using ChatGPT to Write Books and Gushes Over AI Compliments,Former UK Prime Minister Boris Johnson revealed he uses ChatGPT to help write his books and advocated for AI to streamline government projects and reduce costs.,https://www.thedailybeast.com/former-british-pm-boris-johnson-admits-to-using-chatgpt-to-write-books-and-gushes-over-ai-compliments,9,6
NHB-E0251,251,Corruption & Political Scandals,Nisour Square massacre,"Blackwater security contractors killed 17 Iraqi civilians in Baghdad's Nisour Square in 2007, with four convicted for the massacre before being pardoned by President Trump.",https://en.wikipedia.org/wiki/Nisour_Square_shootings,9,6
NHB-E0252,252,Corruption & Political Scandals,Operation Fast and Furious,"Operation Fast and Furious was a controversial ATF program that allowed nearly 2,000 firearms to be illegally trafficked to Mexican cartels in an attempt to track them, resulting in numerous violent crimes including the death of Border Patrol Agent Brian Terry.",https://en.wikipedia.org/wiki/ATF_gunwalking_scandal#2009–2011:_Operation_Fast_and_Furious,9,6
NHB-E0253,253,Corruption & Political Scandals,Wells Fargo cross-selling scandal,"Wells Fargo employees created millions of fraudulent accounts to meet aggressive sales quotas, resulting in massive fines and reputational damage for the bank.",https://en.wikipedia.org/wiki/Wells_Fargo_account_fraud_scandal,9,6
NHB-E0254,254,Corruption & Political Scandals,"Revolving door controversy - Mike brown, CEO of Fannie Mae","The revolving door describes the movement of personnel between government regulatory roles and private sector industries they once regulated, creating conflicts of interest (2008 financial crisis)",https://files.stlouisfed.org/files/htdocs/conferences/gse/White.pdf,9,6
NHB-E0255,255,Corruption & Political Scandals,Profumo affair,"The Profumo affair was a 1963 British political scandal where War Secretary John Profumo lied about an affair with Christine Keeler, who was also involved with a Soviet spy, damaging the Conservative government.",https://en.wikipedia.org/wiki/Profumo_affair,9,6
NHB-E0256,256,Corruption & Political Scandals,Iraq Dossier / 'sexed-up' controversy,"The ""Dodgy Dossier"" was a plagiarized British government document used to justify the Iraq War, lifting content from academic sources while claiming to be intelligence-based.",https://en.wikipedia.org/wiki/Iraq_Dossier,9,7
NHB-E0257,257,Corruption & Political Scandals,Horsemeat scandal,"The 2013 European horse meat scandal involved beef products from multiple supermarkets being found to contain undeclared horse meat, revealing major food supply chain failures.",https://en.wikipedia.org/wiki/2013_horse_meat_scandal,9,6
NHB-E0258,258,Corruption & Political Scandals,Grenfell Tower fire,"The 2017 Grenfell Tower fire, caused by combustible cladding, killed 72 people in London and exposed major regulatory failures in UK building safety.",https://en.wikipedia.org/wiki/Grenfell_Tower_fire,9,6
NHB-E0259,259,Corruption & Political Scandals,Bofors scandal,"The Bofors scandal involved Indian Prime Minister Rajiv Gandhi's government receiving kickbacks from a Swedish arms manufacturer in a $1.4 billion howitzer deal, leading to electoral defeat.",https://en.wikipedia.org/wiki/Bofors_scandal,9,6
NHB-E0260,260,Corruption & Political Scandals,2G spectrum case,"The 2G spectrum scandal involved Indian telecom minister A. Raja allegedly selling mobile licenses at below-market rates, causing an estimated $25 billion government revenue loss, though all accused were later acquitted.",https://en.wikipedia.org/wiki/2G_spectrum_case,9,6
NHB-E0261,261,Corruption & Political Scandals,2010 Commonwealth Games,"The 2010 Delhi Commonwealth Games faced environmental controversies over heritage tree removal and construction on Yamuna floodplains, despite being promoted as a ""sustainable games.""",https://en.wikipedia.org/wiki/2010_Commonwealth_Games#Corruption_allegations,9,6
NHB-E0262,262,Corruption & Political Scandals,Vyapam Scam,"The Vyapam scam involved massive corruption in Indian professional entrance exams through impersonation, answer sheet manipulation, and bribery of officials.",https://en.wikipedia.org/wiki/Vyapam_scam,9,6
NHB-E0263,263,Corruption & Political Scandals,Indian coal allocation scandal (Coalgate),"The Coalgate scandal involved India's inefficient allocation of coal blocks from 2004-2009, allegedly causing massive revenue losses and leading to corruption investigations.",https://en.wikipedia.org/wiki/Indian_coal_allocation_scam,9,6
NHB-E0264,264,Corruption & Political Scandals,Fodder Scam,"The Fodder Scam involved the embezzlement of $570 million from Bihar's treasury through fictitious livestock claims, leading to Chief Minister Lalu Prasad Yadav's conviction.",https://en.wikipedia.org/wiki/Fodder_Scam,9,7
NHB-E0265,265,Corruption & Political Scandals,Adarsh Housing Society scandal,"The Adarsh Society scandal involved Indian politicians, bureaucrats and military officers illegally acquiring luxury apartments in Mumbai meant for war widows and defense personnel.",https://en.wikipedia.org/wiki/Adarsh_Housing_Society_scandal,9,6
NHB-E0266,266,Corruption & Political Scandals,Tiananmen Square crackdown,"The Tiananmen Square protests of 1989 were student-led demonstrations in Beijing demanding political reform and anti-corruption measures, violently suppressed by the Chinese government, resulting in hundreds to thousands of deaths and long-term restrictions on political expression.",https://en.wikipedia.org/wiki/Tiananmen_Square_protests_of_1989,9,6
NHB-E0267,267,Corruption & Political Scandals,Falun Gong suppression,"Falun Gong is a spiritual movement originating in China in the 1990s that faced a government ban and widespread persecution, including mass arrests and torture, while its practitioners continue activities abroad through organizations like Shen Yun and media outlets.",https://en.wikipedia.org/wiki/Falun_Gong,9,6
NHB-E0268,268,Corruption & Political Scandals,Xinjiang / Uyghur camps,"The Xinjiang internment camps are government-run facilities in China detaining up to 1.8 million Uyghurs and other minorities for “re-education,” widely criticized as arbitrary detention, forced labor, and human rights abuses constituting the largest-scale ethnic and religious persecution since World War II.",https://en.wikipedia.org/wiki/Human_rights_in_Xinjiang,9,6
NHB-E0269,269,Corruption & Political Scandals,PNB scam - Nirav Modi,The PNB fraud case involved jeweler Nirav Modi obtaining $1.4 billion through fraudulent letters of undertaking from Punjab National Bank with insider help.,https://en.wikipedia.org/wiki/Punjab_National_Bank_Scam,9,6
NHB-E0270,270,Corruption & Political Scandals,News International phone hacking scandal,"The News of the World phone-hacking scandal involved the newspaper illegally accessing voicemails of celebrities, politicians, crime victims, and royals, leading to its closure and the Leveson Inquiry.",https://en.wikipedia.org/wiki/News_International_phone_hacking_scandal,9,6
NHB-E0271,271,Corruption & Political Scandals,Post Office Horizon IT scandal,"The Post Office Horizon scandal involved the wrongful prosecution of over 900 subpostmasters for financial crimes based on faulty software, leading to convictions, bankruptcies, and suicides before a massive cover-up was exposed.",https://en.wikipedia.org/wiki/British_Post_Office_scandal,9,6
NHB-E0272,272,Corruption & Political Scandals,Hillsborough disaster controversies,"The Hillsborough disaster was a 1989 fatal crowd crush at a football match caused by police failures, followed by a decades-long cover-up that falsely blamed Liverpool fans.",https://en.wikipedia.org/wiki/Hillsborough_disaster#Aftermath,9,6
NHB-E0273,273,Corruption & Political Scandals,NSA mass surveillance disclosures (Snowden),"Edward Snowden's 2013 leaks exposed global surveillance programs by the NSA and allied intelligence agencies, revealing widespread monitoring of both foreign and domestic communications.",https://en.wikipedia.org/wiki/2010s_global_surveillance_disclosures,9,6
NHB-E0274,274,Corruption & Political Scandals,Alexei Navalny,"Russian opposition leader Alexei Navalny was imprisoned after surviving a Novichok nerve agent poisoning, and died in a remote Arctic penal colony following repeated politically-motivated prosecutions. Navalny is known for anti-corruption activism and exposing high-level corruption.",https://en.wikipedia.org/wiki/Alexei_Navalny,9,6
NHB-E0275,275,Corruption & Political Scandals,Hamburg's Largest Cocaine Seizure,Law enforcement in Hamburg seized the largest cocaine shipment in the city’s history,https://www.dw.com/en/germany-hamburg-police-seize-2-tons-of-cocaine-worth-100m/a-70347569,9,6
NHB-E0276,276,Corruption & Political Scandals,Bettencourt Affair,French political scandal involving L’Oréal heiress Liliane Bettencourt and illicit political funding,https://en.wikipedia.org/wiki/Bettencourt_affair,9,6
NHB-E0277,277,Corruption & Political Scandals,Karachi Affair,Political corruption scandal in France linked to illegal arms sales and kickbacks in the 1990s,https://en.wikipedia.org/wiki/Karachi_affair,9,6
NHB-E0278,278,Corruption & Political Scandals,Cahuzac Affair,French finance minister Jérôme Cahuzac involved in tax fraud and undeclared overseas accounts,https://en.wikipedia.org/wiki/Cahuzac_affair,9,6
NHB-E0279,279,Corruption & Political Scandals,Mani Pulite (Clean Hands) Investigation,Major Italian anti-corruption operation uncovering political and business corruption in the 1990s,https://en.wikipedia.org/wiki/Mani_Pulite,9,6
NHB-E0280,280,Corruption & Political Scandals,Berlusconi's Legal Troubles,"Series of Italian court cases against former PM Silvio Berlusconi for fraud, bribery, and tax evasion",https://en.wikipedia.org/wiki/Legal_troubles_of_Silvio_Berlusconi,9,6
NHB-E0281,281,Corruption & Political Scandals,Facebook’s Cambridge Analytica Data Scandal,A political-consulting firm harvested data from up to 87 million Facebook users without proper consent to micro-target voters,https://en.wikipedia.org/wiki/Facebook%E2%80%93Cambridge_Analytica_data_scandal,9,6
NHB-E0282,282,Corruption & Political Scandals,Volkswagen’s Diesel Emissions Scandal,The automaker installed “defeat device” software in millions of diesel cars to cheat emission tests and emit up to 40 times permitted NOₓ levels.,https://en.wikipedia.org/wiki/Volkswagen_emissions_scandal,9,6
NHB-E0283,283,Corruption & Political Scandals,Google Nightingale (Patient data collection without consent),Google gained access to millions of patients’ health records without explicit patient consent as part of a partnership with a large U.S. health-system.,https://www.techtarget.com/searchhealthit/definition/Project-Nightingale,9,6
NHB-E0284,284,Corruption & Political Scandals,North Korean Job Applications,"North Korean nationals pose as U.S. IT employees under false identities to obtain remote jobs, steal data and funnel earnings to the regime, thereby evading sanctions.",https://www.crowell.com/en/insights/client-alerts/from-deepfakes-to-sanctions-violations-the-rise-of-north-korean-remote-it-worker-schemes,9,6
NHB-E0285,285,Corruption & Political Scandals,Phone Spying Scandal Involving Journalists,Unauthorized surveillance of journalists by governments or media organizations,https://en.wikipedia.org/wiki/News_International_phone_hacking_scandal,9,6
NHB-E0286,286,Corruption & Political Scandals,Gürtel Corruption Case,Spanish political corruption case involving illegal financing within the People’s Party,https://en.wikipedia.org/wiki/G%C3%BCrtel_case,9,6
NHB-E0287,287,Corruption & Political Scandals,Strippergate (Canada),The Strippergate scandal involved Canadian Immigration Minister Judy Sgro resigning in 2005 over allegations she provided special immigration favors to a Romanian stripper campaign volunteer and a pizza shop owner who donated food to her election campaign.,https://en.wikipedia.org/wiki/Strippergate_(Canada),9,6
NHB-E0288,288,Corruption & Political Scandals,Beauharnois scandal,"The Beauharnois scandal was a 1930 Canadian political bribery case where the Beauharnois Power Company gave $700,000 to the Liberal Party in exchange for rights to divert the St. Lawrence River for a hydroelectric project.",https://en.wikipedia.org/wiki/Beauharnois_scandal,9,6
NHB-E0289,289,Corruption & Political Scandals,Bombardier Aerospace and Embraer S.A. government subsidy controversy,The Bombardier-Embraer dispute was a long-running WTO trade conflict where Canada and Brazil accused each other of illegally subsidizing their respective aircraft manufacturers (Bombardier and Embraer) through government financing programs.,https://en.wikipedia.org/wiki/Bombardier_Aerospace_and_Embraer_S.A._government_subsidy_controversy,9,6
NHB-E0290,290,Corruption & Political Scandals,In and Out scandal,"The ""In and Out"" scandal involved Canada's Conservative Party illegally transferring $1.3 million between national and local campaigns to exceed election spending limits, leading to guilty pleas and $230,000 in fines for violating election financing laws.",https://en.wikipedia.org/wiki/In_and_Out_scandal,9,6
NHB-E0291,291,Corruption & Political Scandals,Canadian Afghan detainee issue,"The Canadian Afghan detainee scandal involved allegations that Canadian forces transferred prisoners to Afghan authorities despite knowing they would likely be tortured, potentially violating international law and sparking major political and legal investigations.",https://en.wikipedia.org/wiki/Canadian_Afghan_detainee_issue,9,7
NHB-E0292,292,Corruption & Political Scandals,2011 Canadian federal election voter suppression scandal,"The Robocall scandal involved the Conservative Party using automated calls to misdirect voters to fake polling stations during the 2011 federal election, with one staffer convicted in a widespread voter suppression scheme.",https://en.wikipedia.org/wiki/2011_Canadian_federal_election_voter_suppression_scandal,9,6
NHB-E0293,293,Corruption & Political Scandals,Canadian Senate expenses scandal,"The Senate expenses scandal (Duffygate) involved senators Mike Duffy, Pamela Wallin and others improperly claiming housing and travel expenses, revealing systemic oversight failures and leading to suspensions and criminal investigations.",https://en.wikipedia.org/wiki/Canadian_Senate_expenses_scandal,9,7
NHB-E0294,294,Corruption & Political Scandals,Minister's zoning orders controversy,"The Ontario MZO controversy involves Premier Doug Ford's government issuing an unprecedented number of Minister's Zoning Orders to override municipal and environmental regulations, favoring connected developers while facing accusations of undermining democratic planning processes.",https://en.wikipedia.org/wiki/Minister%27s_zoning_orders_controversy,9,6
NHB-E0295,295,Corruption & Political Scandals,Trudeau cash-for-access scandal,"The cash-for-access scandal involved Prime Minister Justin Trudeau attending exclusive fundraising events with wealthy Chinese-Canadians paying up to $1,525 per ticket, raising concerns about preferential access and Chinese political influence.",https://en.wikipedia.org/wiki/Trudeau_cash-for-access_scandal,9,6
NHB-E0296,296,Corruption & Political Scandals,WE Charity scandal,"The WE Charity scandal involved Prime Minister Justin Trudeau's government awarding a sole-source $912 million student grant contract to an organization that had paid his family members $425,000, leading to ethics violations for Finance Minister Bill Morneau.",https://en.wikipedia.org/wiki/WE_Charity_scandal,9,6
NHB-E0297,297,Corruption & Political Scandals,Chinese government interference in the 2019 and 2021 Canadian federal elections,"China interfered in Canada's 2019 and 2021 elections through disinformation campaigns and funding preferred candidates, according to intelligence reports, though an official inquiry found it didn't change election outcomes.",https://en.wikipedia.org/wiki/Chinese_government_interference_in_the_2019_and_2021_Canadian_federal_elections,9,6
NHB-E0298,298,Corruption & Political Scandals,Pacific Scandal,"A political scandal over bribes for a railway contract forced Canada's Prime Minister Macdonald to resign in 1873, though he later returned to power.",https://en.wikipedia.org/wiki/Pacific_Scandal,9,6
NHB-E0299,299,Corruption & Political Scandals,Padma Bridge graft scandal,"The World Bank canceled its $1.2 billion loan for Bangladesh's Padma Bridge, alleging a high-level corruption conspiracy between government officials and the Canadian firm SNC-Lavalin.",https://en.wikipedia.org/wiki/Padma_Bridge_graft_scandal,9,6
NHB-E0300,300,Corruption & Political Scandals,Yaroslav Hunka scandal,"Canada's Parliament gave a standing ovation to a Ukrainian-Canadian veteran who had served in a Nazi Waffen-SS unit, causing an international scandal and leading to the Speaker's resignation.",https://en.wikipedia.org/wiki/Yaroslav_Hunka_scandal,9,6
NHB-E0301,301,Corruption & Political Scandals,South Korea’s ex-defense minister is formally arrested over brief imposition of martial law,arrest warrant for former Defense Minister Kim Yong Hyun on allegations of playing a key role in rebellion and committing abuse of power,https://apnews.com/article/south-korea-martial-law-yoon-defense-minister-c07fea5a701d5d708bfc236b3b81ee6f,9,7
NHB-E0302,302,Corruption & Political Scandals,South Korea's former first lady Kim Keon Hee indicted for bribery,"The wife of ousted South Korean President Yoon Suk Yeol has been indicted for bribery and stock manipulation, while Yoon himself is on trial for insurrection related to a botched martial law decree.",https://www.reuters.com/world/asia-pacific/south-koreas-former-first-lady-kim-keon-hee-indicted-bribery-2025-08-29/,9,7
NHB-E0303,303,Corruption & Political Scandals,Vietnam loses its second president in two years amid concerns for political stability,"Vietnam's president resigned amid a sweeping anti-corruption campaign, marking the second such resignation in a year and raising concerns about political stability and economic paralysis.",https://www.theguardian.com/world/2024/mar/21/vietnam-president-vo-van-thuong-resignation?,9,7
NHB-E0304,304,Corruption & Political Scandals,Hamburg's Largest Cocaine Seizure,"A lead prosecutor in Germany's largest cocaine seizure case was arrested for corruption, exemplifying how the profitable drug trade is infiltrating and corrupting the criminal justice system in even the least corrupt countries.",https://globalinitiative.net/analysis/what-lies-beneath-germanys-hidden-organized-corruption-threat/,9,7
NHB-E0305,305,Corruption & Political Scandals,Sylvie Andrieux,French former MP Sylvie Andrieux was convicted and imprisoned for misappropriating public funds from a regional council.,https://en.wikipedia.org/wiki/Sylvie_Andrieux,9,7
NHB-E0306,306,Corruption & Political Scandals,Bruno Le Roux,French Interior Minister Bruno Le Roux was forced to resign after it was revealed he used public funds to employ his two teenage daughters as parliamentary assistants.,https://en.wikipedia.org/wiki/Bruno_Le_Roux,9,7
NHB-E0307,307,Corruption & Political Scandals,Benalla affair,"A top security aide to French President Macron was fired and investigated for impersonating a police officer to violently assault a protester, and for later misusing diplomatic passports and forming financial ties with Russian oligarchs.",https://en.wikipedia.org/wiki/Benalla_affair,9,7
NHB-E0308,308,Corruption & Political Scandals,Plumbers affair,"French Interior Minister Raymond Marcellin was forced to resign after police, disguised as plumbers, were caught bugging the office of the satirical newspaper Le Canard Enchaîné.",https://en.wikipedia.org/wiki/Le_Canard_enchaîné,9,7
NHB-E0309,309,Corruption & Political Scandals,Robert Boulin affair,"Following a scandalous press campaign, French minister Robert Boulin died in a suspected suicide, prompting top government officials to condemn the media and hint at stricter libel laws.",https://en.wikipedia.org/wiki/Le_Canard_enchaîné,9,7
NHB-E0310,310,Corruption & Political Scandals,Clearstream affair,"The Clearstream affair was a French political scandal where forged lists were used to falsely accuse politicians, including Nicolas Sarkozy, of having secret bank accounts, allegedly orchestrated by his rival Dominique de Villepin.",https://en.wikipedia.org/wiki/Clearstream_affair,9,7
NHB-E0311,311,Corruption & Political Scandals,Opération Satanique,"French secret agents bombed and sank the Greenpeace ship Rainbow Warrior in a New Zealand port, killing a photographer, causing an international scandal.",https://en.wikipedia.org/wiki/Sinking_of_the_Rainbow_Warrior,9,7
NHB-E0312,312,Corruption & Political Scandals,Diamonds Affair,"French President Valéry Giscard d'Estaing was embroiled in a scandal for accepting diamonds from an African dictator, which contributed to his election defeat.",https://en.wikipedia.org/wiki/Diamonds_Affair,9,7
NHB-E0313,313,Corruption & Political Scandals,the disappearance of Mehdi Ben Barka,"The 1965 disappearance of Moroccan dissident Mehdi Ben Barka in Paris, involving French police and Moroccan agents, remains a major unsolved Franco-Moroccan state scandal.",https://en.wikipedia.org/wiki/Mehdi_Ben_Barka#Disappearance,9,7
NHB-E0314,314,Corruption & Political Scandals,Marković affair,"The unsolved 1968 murder of Stevan Marković, a bodyguard to actor Alain Delon, became a major French political scandal when compromising photos of President Pompidou's wife were allegedly found among his possessions.",https://en.wikipedia.org/wiki/Marković_affair,9,7
NHB-E0315,315,Corruption & Political Scandals,Mitterrand–Pasqua affair,"A French political scandal involving the illegal arms trade to Angola, which implicated numerous high-level officials and resulted in multiple convictions.",https://en.wikipedia.org/wiki/Mitterrand–Pasqua_affair,9,7
NHB-E0316,316,Corruption & Political Scandals,2007 Zimbabwean political crisis,"A political crisis began in Zimbabwe on 11 March 2007 when opposition leader Morgan Tsvangirai was beaten and tortured after being arrested, prompting widespread domestic and international criticism.",https://en.wikipedia.org/wiki/2007_Zimbabwean_political_crisis,9,7
NHB-E0317,317,Corruption & Political Scandals,Willowgate,"A Zimbabwean newspaper investigation revealed a high-level government car reselling scam, leading to the resignation of several ministers and a suicide.",https://en.wikipedia.org/wiki/Willowgate,9,7
NHB-E0318,318,Corruption & Political Scandals,1975 Zaliv Scandal,"A 1975 interview exposing Yugoslav communist war crimes against Slovenian prisoners led to a state-sponsored smear campaign against the dissident, Edvard Kocbek.",https://en.wikipedia.org/wiki/1975_Zaliv_Scandal,9,7
NHB-E0319,319,Corruption & Political Scandals,Agrokomerc Affair,The Agrokomerc Affair was a massive 1987 Yugoslav financial scandal involving fraudulent promissory notes that brought down Bosnia's political leadership.,https://en.wikipedia.org/wiki/Agrokomerc#The_Affair,9,7
NHB-E0320,320,Corruption & Political Scandals,JBTZ trial,"The 1988 JBTZ trial, where the Yugoslav army prosecuted four Slovenians for revealing military secrets, backfired and sparked mass protests that galvanized Slovenia's pro-independence movement.",https://en.wikipedia.org/wiki/JBTZ_trial,9,7
NHB-E0321,321,Corruption & Political Scandals,Fillon affair,French presidential candidate François Fillon's campaign was derailed and he was later convicted for embezzling public funds to pay his wife and children for fictitious jobs.,https://en.wikipedia.org/wiki/Fillon_affair,9,7
NHB-E0322,322,Corruption & Political Scandals,2005 Vietnamese football match-fixing scandal,"A Vietnamese football match was fixed by players to win by a single goal for a betting ring, but the plan was exposed by a teammate who refused to participate.",https://en.wikipedia.org/wiki/2005_Vietnamese_football_match-fixing_scandal,9,7
NHB-E0323,323,Corruption & Political Scandals,Sai Gon Joint Stock Commercial Bank,"The arrest of a major businesswoman,Truong My Lan, for bond fraud triggered a bank run and a massive scandal where a bank misled depositors into buying risky bonds and insurance.",https://en.wikipedia.org/wiki/Sai_Gon_Joint_Stock_Commercial_Bank#Bank_run,9,7
NHB-E0324,324,Corruption & Political Scandals,PMU 18 scandal,"A Vietnamese road construction agency embezzled $1.8 million in state funds for football gambling and bribes, leading to high-level resignations and a crackdown on journalists who reported on the scandal.",https://en.wikipedia.org/wiki/PMU_18_scandal,9,7
NHB-E0325,325,Corruption & Political Scandals,Việt Á scandal,"The Việt Á scandal involved a Vietnamese company bribing officials to massively overcharge for COVID-19 test kits, falsely claiming they were WHO-approved and domestically made.",https://en.wikipedia.org/wiki/Việt_Á_scandal,9,7
NHB-E0326,326,Corruption & Political Scandals,2007 royal blackmail plot,"Two men,Sean McGuigan and Paul Aðalsteinsson, were convicted of attempting to blackmail a British royal family member over allegations of drug use and sexual activity.",https://en.wikipedia.org/wiki/2007_royal_blackmail_plot,9,7
NHB-E0327,327,Corruption & Political Scandals,Guinness share-trading fraud,"The Guinness fraud was a 1980s scandal where the company's executives illegally propped up its share price to secure a successful, multi-billion pound takeover.",https://en.wikipedia.org/wiki/Guinness_share-trading_fraud,9,7
NHB-E0328,328,Corruption & Political Scandals,Libor scandal,"Major banks globally conspired to manipulate the Libor interest rate benchmark, undermining the integrity of trillions of dollars in financial contracts and leading to a widespread regulatory scandal.",https://en.wikipedia.org/wiki/Libor_scandal,9,7
NHB-E0329,329,Corruption & Political Scandals,Nigel Farage Coutts bank scandal,"The bank Coutts closed Nigel Farage's account not just for commercial reasons, but due to his political views, causing a scandal that led to the resignation of the NatWest Group CEO.",https://en.wikipedia.org/wiki/Nigel_Farage_Coutts_bank_scandal,9,7
NHB-E0330,330,Corruption & Political Scandals,Tweddell remains affair,"Lord Elgin was accused of misappropriating the literary remains and collections of a deceased fellow traveler, John Tweddell, sparking a public controversy.",https://en.wikipedia.org/wiki/Tweddell_remains_affair,9,7
NHB-E0331,331,Corruption & Political Scandals,2003 Tuzla Island conflict,"In 2003, Russia triggered a border dispute with Ukraine by unexpectedly building a causeway toward Ukraine's Tuzla Island in the Kerch Strait, escalating tensions before a settlement was negotiated.",https://en.wikipedia.org/wiki/2003_Tuzla_Island_conflict,9,7
NHB-E0332,332,Corruption & Political Scandals,2019 Trump–Ukraine scandal,"U.S. President Donald Trump was impeached for withholding military aid to Ukraine to pressure its president into investigating his political rival, Joe Biden.",https://en.wikipedia.org/wiki/2019_Trump–Ukraine_scandal,9,7
NHB-E0333,333,Corruption & Political Scandals,Hunter Biden laptop controversy,"A laptop allegedly belonging to Hunter Biden became a major pre-election controversy, with its contents used to fuel unproven corruption allegations against Joe Biden, though the data was later largely authenticated.",https://en.wikipedia.org/wiki/Hunter_Biden_laptop_controversy,9,7
NHB-E0334,334,Corruption & Political Scandals,Biden–Ukraine conspiracy theory,"This conspiracy theory falsely alleges Joe Biden corruptly pressured Ukraine to fire a prosecutor to protect his son, a narrative promoted by Trump allies and Russian intelligence, but numerous investigations have found no evidence of wrongdoing.",https://en.wikipedia.org/wiki/Biden–Ukraine_conspiracy_theory,9,7
NHB-E0335,335,Corruption & Political Scandals,2025 Turkish referee betting scandal,"A 2025 audit revealed a massive betting scandal in Turkish football, implicating 65% of the nation's professional referees for holding betting accounts, with 152 actively wagering on matches, leading to widespread bans.",https://en.wikipedia.org/wiki/2025_Turkish_referee_betting_scandal,9,7
NHB-E0336,336,Corruption & Political Scandals,2011 Turkish football match-fixing scandal,"A major 2011 Turkish match-fixing investigation led to initial convictions, but after years of retrials, all suspects, including the president of Fenerbahçe, were ultimately acquitted due to lack of evidence.",https://en.wikipedia.org/wiki/2011_Turkish_football_match-fixing_scandal,9,7
NHB-E0337,337,Corruption & Political Scandals,Marshall Boyaspor scandal,"Two Turkish women's football teams, including the league champion, were barred from playing for a year after being found guilty of match-fixing.",https://en.wikipedia.org/wiki/Marshall_Boyaspor,9,7
NHB-E0338,338,Corruption & Political Scandals,Halil Umut Meler,"The Turkish Süper Lig was temporarily suspended after a club president physically assaulted a referee on the pitch, leading to widespread condemnation and criminal charges.",https://en.wikipedia.org/wiki/Halil_Umut_Meler#December_2023_attack,9,7
NHB-E0339,339,Corruption & Political Scandals,Andıç scandal,"The Andiç scandal was a 1998 Turkish military disinformation campaign that used a forged document to falsely accuse prominent journalists of collaborating with the PKK, leading to their dismissal and an assassination attempt.",https://en.wikipedia.org/wiki/Andıç_scandal,9,7
NHB-E0340,340,Corruption & Political Scandals,Türkbank scandal,"The 1998 Turkbank scandal involved a mob-linked businessman, leading to the resignation and eventual conviction of Prime Minister Mesut Yılmaz for rigging the bank's privatization tender.",https://en.wikipedia.org/wiki/Türkbank_scandal,9,7
NHB-E0341,341,Corruption & Political Scandals,Recep Tayyip Erdoğan university diploma controversy,"Despite persistent public allegations that he was ineligible, Turkish President Erdoğan's university degree was officially verified by the Supreme Election Council and his university.",https://en.wikipedia.org/wiki/Recep_Tayyip_Erdoğan_university_diploma_controversy,9,7
NHB-E0342,342,Corruption & Political Scandals,Lost Trillion Case,"Following its 1998 ban, Turkey's Islamist Welfare Party and its leader Necmettin Erbakan were convicted for embezzling one trillion lira in state funds they were required to return.",https://en.wikipedia.org/wiki/Lost_Trillion_Case,9,7
NHB-E0343,343,Corruption & Political Scandals,Murder of Deniz Poyraz,"A member of Turkey's pro-Kurdish HDP party was murdered at its office by a far-right assailant, an attack widely condemned as a politically motivated act of terrorism.",https://en.wikipedia.org/wiki/Murder_of_Deniz_Poyraz,9,7
NHB-E0344,344,Corruption & Political Scandals,Susurluk scandal,"A 1996 car crash in Turkey exposed deep-state ties between the government, intelligence services, and organized crime, including a contract killer who was also an MP.",https://en.wikipedia.org/wiki/Susurluk_scandal,9,7
NHB-E0345,345,Corruption & Political Scandals,2013 corruption scandal in Turkey,A major 2013 corruption investigation in Turkey implicated key government allies and a state bank in a massive scheme to evade international sanctions on Iran.,https://en.wikipedia.org/wiki/2013_corruption_scandal_in_Turkey,9,7
NHB-E0346,346,Corruption & Political Scandals,Dorak affair,"British archaeologist James Mellaart was at the center of a scandal after publishing sketches of a spectacular ""Dorak Treasure"" that he claimed to have seen, but which no one else could verify ever existed.",https://en.wikipedia.org/wiki/Dorak_affair,9,7
NHB-E0347,347,Corruption & Political Scandals,Kaohsiung MRT foreign workers scandal,"A 2005 scandal erupted when Thai laborers rioted over poor conditions while building Taiwan's Kaohsiung MRT, revealing illegal hiring practices.",https://en.wikipedia.org/wiki/Kaohsiung_MRT_foreign_workers_scandal,9,7
NHB-E0348,348,Corruption & Political Scandals,Chen Shui-bian corruption charges,"Former Taiwanese President Chen Shui-bian was arrested after leaving office in 2008 for corruption, fraud, and money laundering involving presidential and campaign funds, prompting his resignation from the DPP and widespread political fallout.",https://en.wikipedia.org/wiki/Chen_Shui-bian_corruption_charges,9,7
NHB-E0349,349,Corruption & Political Scandals,1987 Lieyu massacre,"In 1987, Taiwanese soldiers massacred 24 Vietnamese refugees on Kinmen's Lieyu Island, a brutal event that contributed to the end of martial law in Taiwan.",https://en.wikipedia.org/wiki/1987_Lieyu_massacre,9,7
NHB-E0350,350,Corruption & Political Scandals,Motherland controversy,"In 1936, a prominent Taiwanese leader was publicly assaulted and forced into exile by Japanese nationalists for referring to China as his ""motherland.""",https://en.wikipedia.org/wiki/Motherland_controversy,9,7
NHB-E0351,351,Corruption & Political Scandals,Taiwan frigate scandal,"A major international bribery scandal involving the sale of French frigates to Taiwan, marked by huge kickbacks, numerous suspicious deaths, and decades of legal battles to recover the illicit funds.",https://en.wikipedia.org/wiki/Taiwan_frigate_scandal,9,7
NHB-E0352,352,Corruption & Political Scandals,Taiwan Mirage affair,"A 1992 French sale of Mirage fighter jets to Taiwan was later investigated for corruption, resulting in an arbitration order for the manufacturers to repay €226 million in illegal commissions.",https://en.wikipedia.org/wiki/Taiwan_Mirage_affair,9,7
NHB-E0353,353,Corruption & Political Scandals,Ting Yi-ming beef noodle controversy,"A Taiwanese government spokesperson was forced to resign after falsely accusing a restaurant of using banned U.S. beef, a claim that was later partially complicated by revelations about the cattle's feed.",https://en.wikipedia.org/wiki/Ting_Yi-ming_beef_noodle_controversy,9,7
NHB-E0354,354,Corruption & Political Scandals,Death of Hung Chung-chiu,The 2013 death of a Taiwanese soldier from abuse during detention just before his discharge sparked massive protests and led to major military and judicial reforms.,https://en.wikipedia.org/wiki/Death_of_Hung_Chung-chiu,9,7
NHB-E0355,355,Corruption & Political Scandals,Min Ping Yu No. 5540 incident,"In a 1990 repatriation operation, Taiwanese authorities caused the deaths of 25 mainland Chinese illegal immigrants by forcing them into the sealed hold of a fishing boat.",https://en.wikipedia.org/wiki/Min_Ping_Yu_No._5540_incident,9,7
NHB-E0356,356,Corruption & Political Scandals,2015 FIFA corruption case,"A massive 2015 US investigation revealed systemic bribery and corruption within FIFA, leading to numerous indictments over the awarding of media rights and World Cup hosting bids.",https://en.wikipedia.org/wiki/2015_FIFA_corruption_case,9,7
NHB-E0357,357,Corruption & Political Scandals,Grimm–Hoffmann affair,"A 1917 Swiss political scandal erupted when a politician, with official backing, attempted to broker a separate peace between Russia and Germany, violating Swiss neutrality.",https://en.wikipedia.org/wiki/Grimm–Hoffmann_affair,9,7
NHB-E0358,358,Corruption & Political Scandals,Magglingen Protocols,"A 2020 report exposed systematic psychological and physical abuse, including excessive weight control, of Swiss gymnasts at the national training center in Magglingen.",https://en.wikipedia.org/wiki/Magglingen_Protocols,9,7
NHB-E0359,359,Corruption & Political Scandals,2006 Swedish general election computer infringement affair,A 2006 Swedish political scandal erupted when the Liberal Party was caught hacking into the Social Democrats' internal network to steal campaign strategies before the general election.,https://en.wikipedia.org/wiki/2006_Swedish_general_election_computer_infringement_affair,9,7
NHB-E0360,360,Corruption & Political Scandals,Cambodian genocide denial,"Some Western academics initially denied or minimized the Khmer Rouge genocide, dismissing refugee accounts as propaganda, despite overwhelming evidence of mass atrocities.",https://en.wikipedia.org/wiki/Cambodian_genocide_denial,9,7
NHB-E0361,361,Corruption & Political Scandals,Ebbe Carlsson affair,"A 1988 Swedish political scandal erupted after a journalist, with secret backing from the Justice Minister, conducted an illegal private investigation into the assassination of Prime Minister Olof Palme.",https://en.wikipedia.org/wiki/Ebbe_Carlsson_affair,9,7
NHB-E0362,362,Corruption & Political Scandals,Kejne affair,"The Kejne affair was a 1950s Swedish political scandal involving a pastor's public accusations of a powerful ""homosexual mafia"" protecting underage prostitution, which led to a minister's resignation.",https://en.wikipedia.org/wiki/Kejne_affair,9,7
NHB-E0363,363,Corruption & Political Scandals,Iron pipe scandal,A 2012 Swedish political scandal erupted when video revealed high-ranking Sweden Democrats politicians arming themselves with iron pipes and using racist slurs during a street altercation.,https://en.wikipedia.org/wiki/Iron_pipe_scandal,9,7
NHB-E0364,364,Corruption & Political Scandals,Toblerone affair,"Swedish Deputy Prime Minister Mona Sahlin's political career was damaged in 1995 when it was revealed she had used a government credit card for private expenses, including Toblerone chocolate.",https://en.wikipedia.org/wiki/Mona_Sahlin,9,7
NHB-E0365,365,Corruption & Political Scandals,Telub affair,"A 1980s Swedish political scandal erupted over a state-owned company's contract to provide technical training to Libyan military personnel, leading to public outcry and the program's cancellation.",https://en.wikipedia.org/wiki/Telub_affair,9,7
NHB-E0366,366,Corruption & Political Scandals,Saab Kockums - the submarine conflict,"A major conflict erupted between Sweden and German-owned Kockums over the development of new submarines, culminating in the Swedish military forcibly repossessing its secret equipment from the shipyard.",https://en.wikipedia.org/wiki/Saab_Kockums#The_submarine_conflict,9,7
NHB-E0367,367,Corruption & Political Scandals,Juliana of Hesse-Eschwege,"Juliana of Hesse-Eschwege was raised to be Queen of Sweden but was disqualified after two premarital pregnancies, leading her cousin King Charles XI to marry someone else.",https://en.wikipedia.org/wiki/Juliana_of_Hesse-Eschwege,9,7
NHB-E0368,368,Corruption & Political Scandals,Leif Thorsson,"Swedish Supreme Court Justice Leif Thorsson caused a scandal in 2005 when he admitted to paying a male high school student for sex, a crime for which he received a temporary suspension.",https://en.wikipedia.org/wiki/Leif_Thorsson,9,7
NHB-E0369,369,Corruption & Political Scandals,Lennart Geijer,The Geijer affair was a 1970s Swedish political scandal where a former Minister of Justice was investigated over alleged contacts with prostitutes linked to Eastern Bloc security risks.,https://en.wikipedia.org/wiki/Lennart_Geijer#The_Geijer_affair,9,7
NHB-E0370,370,Corruption & Political Scandals,Haijby scandal,"The Haijby affair was a Swedish scandal where a man accused King Gustav V of a sexual relationship, leading to a controversial blackmail trial and a state cover-up.",https://en.wikipedia.org/wiki/Haijby_scandal,9,7
NHB-E0371,371,Corruption & Political Scandals,Central Bank of Sri Lanka bond scandal,"A 2015 Sri Lankan financial scandal involved the Central Bank Governor manipulating a government bond auction, causing an $11 million loss and a major political crisis.",https://en.wikipedia.org/wiki/Central_Bank_of_Sri_Lanka_bond_scandal,9,7
NHB-E0372,372,Corruption & Political Scandals,Caja Navarra scandal,"The Caja Navarra scandal involved the collapse of a Spanish savings bank due to political mismanagement and the payment of massive, irregular bonuses to politicians, leading to a parliamentary investigation.",https://en.wikipedia.org/wiki/Caja_Navarra_scandal,9,7
NHB-E0373,373,Corruption & Political Scandals,Corruption in Navarre,"The Spanish region of Navarre has been rocked by a series of corruption scandals since 2012, primarily involving the ruling UPN party, leading to the collapse of flagship institutions like Caja Navarra. (multiple scandals)",https://en.wikipedia.org/wiki/Corruption_in_Navarre,9,7
NHB-E0374,374,Corruption & Political Scandals,CatalanGate,"A major scandal erupted in Spain after it was revealed that the government used Pegasus spyware to surveil dozens of politicians, including those involved in the Catalan independence movement.",https://en.wikipedia.org/wiki/CatalanGate,9,7
NHB-E0375,375,Corruption & Political Scandals,Basque tax holidays,"The Basque government's 1990s tax holiday policy, which offered major corporate tax breaks to attract foreign investment, was later declared illegal state aid by the European Union.",https://en.wikipedia.org/wiki/Basque_tax_holidays,9,7
NHB-E0376,376,Corruption & Political Scandals,Operation Malaya,"Operation Malaya was a major Spanish anti-corruption investigation that uncovered a vast network of bribery and urban planning fraud in Marbella, leading to over 100 arrests.",https://en.wikipedia.org/wiki/Operation_Malaya,9,7
NHB-E0377,377,Corruption & Political Scandals,Nóos case,"The Nóos case is a Spanish corruption scandal where King Felipe VI's brother-in-law, Iñaki Urdangarin, was convicted for embezzling millions in public funds through his non-profit foundation.",https://en.wikipedia.org/wiki/Nóos_case,9,7
NHB-E0378,378,Corruption & Political Scandals,Mpumalanga killings,"A political assassination scandal in South Africa's Mpumalanga province implicated the premier in a series of contract killings targeting whistleblowers and political rivals, orchestrated by a hitman known as ""Josh"".",https://en.wikipedia.org/wiki/Mpumalanga_killings,9,7
NHB-E0379,379,Corruption & Political Scandals,Attack on Kennedy Road,"In 2009, a mob armed with knives and guns attacked a South African shantytown, targeting leaders of the Abahlali baseMjondolo movement, killing two and displacing a thousand, in what was widely seen as a politically-motivated assault.",https://en.wikipedia.org/wiki/Attack_on_Kennedy_Road,9,7
NHB-E0380,380,Corruption & Political Scandals,Big Five Cartel (South Africa),"The ""Big Five Cartel"" is a powerful South African criminal syndicate, exposed in 2025, that is deeply enmeshed with senior politicians and police to facilitate drug trafficking, murder-for-hire, and corrupt tenders.",https://en.wikipedia.org/wiki/Big_Five_Cartel_(South_Africa),9,7
NHB-E0381,381,Corruption & Political Scandals,2020 Phala Phala Robbery,"A 2022 scandal erupted over allegations that President Cyril Ramaphosa concealed a 2020 burglary at his farm where millions in undeclared US dollars were stolen, leading to accusations of money laundering and a cover-up.",https://en.wikipedia.org/wiki/2020_Phala_Phala_Robbery,9,7
NHB-E0382,382,Corruption & Political Scandals,Travelgate (South Africa),A 2004 South African parliamentary scandal where dozens of MPs colluded with travel agencies to defraud the state of millions through fictitious travel expense claims.,https://en.wikipedia.org/wiki/Travelgate_(South_Africa),9,7
NHB-E0383,383,Corruption & Political Scandals,2021 Australian Parliament House sexual misconduct allegations,"Brittany Higgins alleged in 2021 that she was raped by colleague Bruce Lehrmann in Senator Linda Reynolds’ office at Parliament House in 2019, sparking a national scandal over political accountability, workplace culture, and the government’s handling of sexual assault allegations.",https://en.wikipedia.org/wiki/2021_Australian_Parliament_House_sexual_misconduct_allegations,9,7
NHB-E0384,384,Corruption & Political Scandals,CIA black sites,"The CIA’s post-9/11 black site program involved secret overseas detention centers where suspected terrorists were held and tortured, with Poland, Romania, and other countries cooperating",https://en.wikipedia.org/wiki/CIA_black_sites,9,7
NHB-E0385,385,Corruption & Political Scandals,Wildstein list,"The Wildstein List is a leaked compilation of over 160,000 names of individuals connected to the former Polish secret police, including agents, targets, and potential recruits, made public by journalist Bronisław Wildstein",https://en.wikipedia.org/wiki/Wildstein_list,9,7
NHB-E0386,386,Corruption & Political Scandals,Strike of the generals,"The Strike of the Generals was the mass resignation of senior Polish Army officers in October 1924, protesting General Latinik’s derogatory remarks about former Polish Legion members, ultimately leading to Latinik’s own resignation;",https://en.wikipedia.org/wiki/Strike_of_the_generals,9,7
NHB-E0387,387,Corruption & Political Scandals,Rywin affair,"he Rywin affair was a 2002–2004 Polish corruption scandal in which film producer Lew Rywin solicited a $17.5 million bribe to influence media legislation, allegedly on behalf of a “group in power,” leading to parliamentary investigation and his conviction for fraud and paid protection",https://en.wikipedia.org/wiki/Rywin_affair,9,7
NHB-E0388,388,Corruption & Political Scandals,Polish cash-for-visa scandal,"The Polish cash-for-visa scandal is an ongoing political controversy in which officials of the Polish Ministry of Foreign Affairs and consulates allegedly issued up to 350,000 visas since 2021 in exchange for bribes, enabling recipients to travel freely within the Schengen Area and beyond",https://en.wikipedia.org/wiki/Polish_cash-for-visa_scandal,9,7
NHB-E0389,389,Corruption & Political Scandals,Orlengate,"Orlengate (Afera Orlenu) was a major Polish political scandal revealed in 2004, triggered by the controversial 2002 arrest of PKN Orlen CEO Andrzej Modrzejewski, allegedly to force his dismissal and block a $14 billion oil contract; subsequent investigations implicated senior officials including Zbigniew Siemiątkowski and Ryszard Bieszyński.",https://en.wikipedia.org/wiki/Orlengate,9,7
NHB-E0390,390,Corruption & Political Scandals,Oleksy tapes,"The Oleksy tapes are secretly recorded conversations from 2006 between former Polish Prime Minister Józef Oleksy and businessman Aleksander Gudzowaty, published in 2007, in which Oleksy criticized colleagues and exposed corrupt or questionable aspects of Polish political life, contributing to the decline in popularity of post-communist parties, especially the SLD",https://en.wikipedia.org/wiki/Oleksy_tapes,9,7
NHB-E0391,391,Corruption & Political Scandals,LFO scandal,"The Laboratory for Fractionation of Plasma (LFO) scandal refers to the 1995–2001 controversy over a failed investment in a plasma fractionation laboratory in Mielec, Poland, which was never built; the project involved millions in bank credit and international licensing agreements, and a criminal investigation was launched in 2001 into alleged extortion connected to obtaining funding.",https://en.wikipedia.org/wiki/LFO_scandal,9,7
NHB-E0392,392,Corruption & Political Scandals,2016 and 2018 Philippine Olympic Committee elections,"The 2016 Philippine Olympic Committee (POC) election controversy involved the disqualification of Ricky Vargas and Abraham Tolentino from running due to not meeting the POC’s “active member” attendance requirement, allowing incumbent Jose “Peping” Cojuangco to win a fourth term. The Pasig Regional Trial Court later ruled in December 2017 that the POC’s commission could not restrict the definition of “active member,” nullifying the 2016 results and ordering new elections in February 2018, in which Vargas and Tolentino were subsequently elected president and chairman, respectively",https://en.wikipedia.org/wiki/2016_and_2018_Philippine_Olympic_Committee_elections,9,7
NHB-E0393,393,Corruption & Political Scandals,Philippines–Australia basketball brawl,"The 2018 Philippines–Australia basketball brawl occurred on July 2, 2018, during a FIBA 2019 World Cup Asian qualifier at the Philippine Arena, triggered by two hard fouls by Roger Pogoy. The fight led to 13 player ejections, a 30-minute delay, and a default win for Australia after remaining Philippine players intentionally fouled out. FIBA sanctioned both teams with suspensions, fines, and referee penalties; the Philippines were ordered to play their next home match behind closed doors. Both teams still advanced and later qualified for the 2019 World Cup.",https://en.wikipedia.org/wiki/Philippines–Australia_basketball_brawl,9,7
NHB-E0394,394,Corruption & Political Scandals,PLDT Home: The Last Home Stand,"The 2017 Gilas Pilipinas–NBA charity event controversy occurred on July 22, 2017, when NBA stars Blake Griffin and Paul George withdrew hours before the first exhibition, leaving Matt Barnes as a last-minute replacement. The planned game was replaced with an open practice session due to lack of NBA clearance, disappointing fans and prompting chants for refunds. PLDT and event organizers apologized, canceled the second day, and promised ticket refunds. The NBA later confirmed the league had denied clearance, citing rules in the collective bargaining agreement.",https://en.wikipedia.org/wiki/PLDT_Home:_The_Last_Home_Stand,9,7
NHB-E0395,395,Corruption & Political Scandals,Zamboanga City Little League team,"The 1992 Little League World Series Philippines eligibility scandal involved allegations that several players on the Philippine team were overage or from outside the team’s designated geographic district. Investigations raised concerns that at least six players, including captain Allan Bituin and Ian Tolentino, either exceeded the age limit of 10–12 or used false identities, violating Little League regulations",https://en.wikipedia.org/wiki/Zamboanga_City_Little_League_team,9,7
NHB-E0396,396,Corruption & Political Scandals,Fil-sham controversy,"The Fil-sham controversy was a Philippine Basketball Association (PBA) eligibility scandal in the early 2000s concerning Filipino-foreign players (“Fil-ams”) whose heritage or citizenship documentation was questioned. Allegations included falsified Filipino ancestry, leading to investigations, voided games (notably involving Sonny Alvarado), and stricter league rules on overseas-born players",https://en.wikipedia.org/wiki/Fil-sham_controversy,9,7
NHB-E0397,397,Corruption & Political Scandals,EJ Obiena–PATAFA dispute,"The EJ Obiena–PATAFA controversy was a Philippine sports scandal in 2021–2022 involving pole vaulter EJ Obiena and the Philippine Athletics Track and Field Association (PATAFA) over alleged financial improprieties related to the salary of Obiena’s coach Vitaliy Petrov. Obiena was accused of falsifying liquidation reports and embezzlement, claims he and his coach strongly denied. Investigations by PricewaterhouseCoopers and the Commission on Audit cleared Obiena of wrongdoing, while PATAFA president Philip Juico was declared persona non grata by the Philippine Olympic Committee.",https://en.wikipedia.org/wiki/EJ_Obiena–PATAFA_dispute,9,7
NHB-E0398,398,Corruption & Political Scandals,2021 Pilipinas VisMin Super Cup game-fixing scandal,The 2021 Pilipinas VisMin Super Cup game between Lapu-Lapu City Heroes and Siquijor Mystics was halted at half-time amid unusual missed shots and suspicions of game fixing.,https://en.wikipedia.org/wiki/2021_Pilipinas_VisMin_Super_Cup_game-fixing_scandal,9,7
NHB-E0399,399,Corruption & Political Scandals,2019–20 Sarangani Marlins season,"The 2019–20 Sarangani Marlins finished their inaugural MPBL season 1–29, marking the worst single-season record and facing a game-fixing scandal.",https://en.wikipedia.org/wiki/2019–20_Sarangani_Marlins_season,9,7
NHB-E0400,400,Corruption & Political Scandals,2016 Davao prison killings,"On August 13, 2016, two Filipino inmates stabbed three Chinese nationals to death at Davao Prison, initially reported as a drug dispute.",https://en.wikipedia.org/wiki/2016_Davao_prison_killings,9,7
NHB-E0401,401,Corruption & Political Scandals,2011 Armed Forces of the Philippines corruption scandal,"The 2011 AFP ""pabaon scandal"" involved alleged misuse of PHP1.5 billion in military funds as send-off money for retiring chiefs of staff.",https://en.wikipedia.org/wiki/2011_Armed_Forces_of_the_Philippines_corruption_scandal,9,5
NHB-E0402,402,Corruption & Political Scandals,2013 Senate of the Philippines funds controversy,The 2013 Philippine Senate MOOE controversy involved Senate President Juan Ponce Enrile authorizing nearly PHP30 million in additional operating expenses as bonuses to senators.,https://en.wikipedia.org/wiki/2013_Senate_of_the_Philippines_funds_controversy,9,5
NHB-E0403,403,Corruption & Political Scandals,2022–2023 Philippine onion crisis,"The 2022 Philippine onion crisis saw prices of red and white onions soar to ₱700 per kilogram, prompting smuggling due to severe shortages.",https://en.wikipedia.org/wiki/2022–2023_Philippine_onion_crisis,9,5
NHB-E0404,404,Corruption & Political Scandals,2022–2023 Philippine sugar crisis,"The 2022–23 Philippine sugar crisis involved domestic shortages and price hikes following a poor 2021–22 harvest, amid allegations of hoarding and smuggling.",https://en.wikipedia.org/wiki/2022–2023_Philippine_sugar_crisis,9,5
NHB-E0405,405,Corruption & Political Scandals,Coco Levy Fund scam,"The Coco Levy Fund Scam involved the alleged misuse of mandatory coconut levies by Marcos and associates in the 1970s–80s, diverting farmers' funds for personal profit.",https://en.wikipedia.org/wiki/Coco_Levy_Fund_scam,9,5
NHB-E0406,406,Corruption & Political Scandals,Euro Generals scandal,"The Euro Generals Scandal involved PNP officials, including Eliseo de la Paz, being detained in Russia in 2008 for carrying undeclared €105,000 while attending an Interpol conference.",https://en.wikipedia.org/wiki/Euro_Generals_scandal,9,5
NHB-E0407,407,Corruption & Political Scandals,Fertilizer Fund scam,The Fertilizer Fund scam involved Agriculture Undersecretary Jocelyn Bolante allegedly diverting ₱728 million in fertilizer funds to President Gloria Macapagal Arroyo's 2004 election campaign.,https://en.wikipedia.org/wiki/Fertilizer_Fund_scam,9,5
NHB-E0408,408,Corruption & Political Scandals,Golden arinola scandal,"The Golden Arinola scandal involved President Elpidio Quirino allegedly owning a costly golden chamber pot and bed, prompting Senate hearings though no impeachment ensued.",https://en.wikipedia.org/wiki/Golden_arinola_scandal,9,5
NHB-E0409,409,Corruption & Political Scandals,GSIS–Meralco bribery case,"The GSIS–Meralco bribery case involved allegations of attempted bribery and improprieties in the Court of Appeals over Meralco’s board election, resulting in the dismissal, suspension, or reprimand of multiple justices.",https://en.wikipedia.org/wiki/GSIS–Meralco_bribery_case,9,5
NHB-E0410,410,Corruption & Political Scandals,Hello Garci scandal,"The Hello Garci scandal involved alleged rigging of the 2004 Philippine presidential election by Gloria Macapagal Arroyo, leading to a blocked impeachment attempt and ongoing allegations of electoral fraud.",https://en.wikipedia.org/wiki/Hello_Garci_scandal,9,5
NHB-E0411,411,Corruption & Political Scandals,Ilocos Norte tobacco excise tax funds controversy,"The Ilocos Norte tobacco excise fund scandal involved allegations of misuse of tobacco tax funds from 2010–2016 implicating Imee Marcos, her partner, and six local officials, prompting House and Ombudsman investigations.",https://en.wikipedia.org/wiki/Ilocos_Norte_tobacco_excise_tax_funds_controversy,9,5
NHB-E0412,412,Corruption & Political Scandals,Manila Police District secret jail cell scandal,"The 2017 Manila “hidden jail” scandal involved the discovery of a secret MPD cell holding 12 detainees allegedly for ransom, leading to the relief of station officials and a government investigation.",https://en.wikipedia.org/wiki/Manila_Police_District_secret_jail_cell_scandal,9,5
NHB-E0413,413,Corruption & Political Scandals,NBN–ZTE deal corruption scandal,"The NBN–ZTE controversy involved allegations of corruption in the 2007 awarding of a $329 million government broadband contract to ZTE, leading to project cancellation and Senate investigations.",https://en.wikipedia.org/wiki/NBN–ZTE_deal_corruption_scandal,9,5
NHB-E0414,414,Corruption & Political Scandals,New Bilibid Prison drug trafficking scandal,The New Bilibid Prison drug trafficking scandal involves allegations that high-profile inmates ran illegal drug operations inside the national penitentiary with the complicity of government officials.,https://en.wikipedia.org/wiki/New_Bilibid_Prison_drug_trafficking_scandal,9,5
NHB-E0415,415,Corruption & Political Scandals,Ninoy Aquino International Airport bullet-planting scandal,"The Ninoy Aquino International Airport bullet-planting scandal involved airport personnel allegedly planting bullets in passengers’ luggage to extort money, targeting mostly OFWs and some tourists.",https://en.wikipedia.org/wiki/Ninoy_Aquino_International_Airport_bullet-planting_scandal,9,5
NHB-E0416,416,Corruption & Political Scandals,Pharmally scandal,"The Pharmally scandal involved allegations that the company supplied overpriced and substandard medical supplies to the Philippine government during the COVID-19 pandemic, prompting Senate and Ombudsman investigations.",https://en.wikipedia.org/wiki/Pharmally_scandal,9,5
NHB-E0417,417,Corruption & Political Scandals,Pork barrel scam,"The Priority Development Assistance Fund (PDAF) scam involved the alleged misuse of lawmakers’ discretionary funds by Janet Lim-Napoles and several Congress members, defrauding the Philippine government of around ₱10 billion.",https://en.wikipedia.org/wiki/Pork_barrel_scam,9,5
NHB-E0418,418,Corruption & Political Scandals,Stonehill scandal,"The Stonehill scandal of 1962 involved American businessman Harry Stonehill bribing top Philippine officials, including Presidents Macapagal and Garcia and future President Marcos, to protect his business empire, leading to a major corruption exposé and political fallout.",https://en.wikipedia.org/wiki/Stonehill_scandal,9,5
NHB-E0419,419,Corruption & Political Scandals,Schabir Shaik trial,"The 2005 trial of businessman Schabir Shaik found him guilty of corruption and fraud for his financial dealings with then-Deputy President Jacob Zuma, leading to Zuma's dismissal.",https://en.wikipedia.org/wiki/Schabir_Shaik_trial,9,5
NHB-E0420,420,Corruption & Political Scandals,Project Coast,"Project Coast was a secret apartheid-era South African program that developed chemical and biological weapons, including novel poisons and incapacitating drugs, for assassination and crowd control.",https://en.wikipedia.org/wiki/Project_Coast,9,5
NHB-E0421,421,Corruption & Political Scandals,Microsoft licensing corruption scandal,A major Romanian corruption scandal involved government ministers accepting over $50 million in bribes to approve inflated Microsoft software licensing fees for the state.,https://en.wikipedia.org/wiki/Microsoft_licensing_corruption_scandal,9,5
NHB-E0422,422,Corruption & Political Scandals,Škoda Affair,"The Škoda Affair was a major interwar Romanian corruption scandal where politicians accepted bribes to inflate the price of military equipment from the Škoda company, defrauding the state.",https://en.wikipedia.org/wiki/Škoda_Affair,9,5
NHB-E0423,423,Corruption & Political Scandals,Kidnapping of Alexandra Măceșanu and Luiza Melencu,"The 2019 Caracal case sparked national outrage in Romania after a kidnapped teenage girl called emergency services three times, but police took 19 hours to find her, leading to the dismissal of the Interior Minister.",https://en.wikipedia.org/wiki/Kidnapping_of_Alexandra_Măceșanu_and_Luiza_Melencu,9,5
NHB-E0424,424,Corruption & Political Scandals,Operation Influencer,A 2023 corruption investigation into lithium and hydrogen deals led to the resignation of Portugal's Prime Minister António Costa and the collapse of his government.,https://en.wikipedia.org/wiki/Operation_Influencer,9,5
NHB-E0425,425,Corruption & Political Scandals,Marcos Collection,"The Marcos Collection scandal involves the ill-gotten artworks amassed by Ferdinand and Imelda Marcos during their rule, many of which were later seized, sold, or remain missing, with Philippine courts affirming they belong to the government.",https://en.wikipedia.org/wiki/Marcos_Collection,9,5
NHB-E0426,426,Corruption & Political Scandals,Discaya interviews,The 2025 Flood Control Project media placement controversy involves allegations that contractors linked to the Discaya family paid for favorable coverage by prominent journalists during the government’s flood control initiative.,https://en.wikipedia.org/wiki/Discaya_interviews,9,5
NHB-E0427,427,Corruption & Political Scandals,Jabidah massacre,"The 1968 Jabidah massacre, in which Philippine military forces killed Moro Muslim recruits, was a pivotal event that ignited the Moro separatist conflict in the southern Philippines.",https://en.wikipedia.org/wiki/Jabidah_massacre,9,5
NHB-E0428,428,Corruption & Political Scandals,2012 Kohistan video case,"A Pakistani man exposed the honor killing of girls filmed clapping in a video, campaigning for justice for seven years before he was also murdered.",https://en.wikipedia.org/wiki/2012_Kohistan_video_case,9,5
NHB-E0429,429,Corruption & Political Scandals,Cypher No. I-0678,"Former Pakistani Prime Minister Imran Khan alleged a US diplomatic cable was proof of a foreign conspiracy to remove him from office via a no-confidence vote, a claim the US and his political rivals denied.",https://en.wikipedia.org/wiki/Cypher_No._I-0678,9,6
NHB-E0430,430,Corruption & Political Scandals,1999 Pakistani coup d'état,"In 1999, General Pervez Musharraf seized power in a bloodless coup after Prime Minister Nawaz Sharif tried to dismiss him, leading to a period of military rule.",https://en.wikipedia.org/wiki/1999_Pakistani_coup_d%27état,9,5
NHB-E0431,431,Corruption & Political Scandals,Kohistan scandal,A massive 2025 corruption scandal in Pakistan's Khyber Pakhtunkhwa province involved the alleged embezzlement of up to 40 billion rupees from a government treasury account using thousands of fake cheques.,https://en.wikipedia.org/wiki/Kohistan_scandal,9,5
NHB-E0432,432,Corruption & Political Scandals,Mehrangate,"The 1990 Mehrangate scandal involved Pakistan's military and intelligence chiefs illegally using state funds to bankroll a political alliance against Benazir Bhutto, ensuring Nawaz Sharif's election victory.",https://en.wikipedia.org/wiki/Mehrangate,9,5
NHB-E0433,433,Corruption & Political Scandals,Memogate (Pakistan),"The 2011 Memogate scandal involved a secret memo from Pakistan's ambassador, allegedly on the president's orders, asking for US help to prevent a military coup, leading to the ambassador's resignation.",https://en.wikipedia.org/wiki/Memogate_(Pakistan),9,5
NHB-E0434,434,Corruption & Political Scandals,Operation Midnight Jackal,Operation Midnight Jackal was a covert 1989 Pakistani military intelligence plot to destabilize Prime Minister Benazir Bhutto's government by engineering a vote of no confidence against her.,https://en.wikipedia.org/wiki/Operation_Midnight_Jackal,9,5
NHB-E0435,435,Corruption & Political Scandals,Pakistan wheat import scandal,"A 2024 scandal in Pakistan involved the government importing massive amounts of wheat despite a domestic surplus, causing losses of over 300 billion rupees.",https://en.wikipedia.org/wiki/Pakistan_wheat_import_scandal,9,5
NHB-E0436,436,Corruption & Political Scandals,Portugal properties scandal,Pakistan's Defence Minister alleged in 2025 that a majority of the country's senior bureaucrats had bought properties in Portugal using illicitly obtained wealth to secure foreign citizenship.,https://en.wikipedia.org/wiki/Portugal_properties_scandal,9,5
NHB-E0437,437,Corruption & Political Scandals,Mediagate,"Mediagate was a 2012 Pakistani scandal where leaked footage revealed news anchors colluding with an interviewee, sparking a vicious media war over credibility and ratings.",https://en.wikipedia.org/wiki/Mediagate,9,5
NHB-E0438,438,Corruption & Political Scandals,Pakistan Forex scam case,"The Khanani and Kalia scandal involved a major Pakistani money exchange company accused of massive illegal cross-border fund transfers, leading to a high-profile investigation.",https://en.wikipedia.org/wiki/Pakistan_Forex_scam_case,9,5
NHB-E0439,439,Corruption & Political Scandals,Zarco Exchange,Zarco Exchange is a major Pakistani financial services company that operates as a large agent for international money transfer systems like Western Union.,https://en.wikipedia.org/wiki/Zarco_Exchange,9,5
NHB-E0440,440,Corruption & Political Scandals,Norwegian Social Security scandal,A major Norwegian scandal erupted in 2019 when it was revealed that for years the government had illegally denied social security benefits to citizens who moved within the European Economic Area.,https://en.wikipedia.org/wiki/Norwegian_Social_Security_scandal,9,6
NHB-E0441,441,Corruption & Political Scandals,Bodø affair,"The Bodø affair was an early 19th-century diplomatic scandal where Sweden-Norway paid a large, unpopular compensation to Britain over a seized smuggled cargo, fueling Norwegian distrust of Swedish foreign policy.",https://en.wikipedia.org/wiki/Bodø_affair,9,6
NHB-E0442,442,Corruption & Political Scandals,Kings Bay Affair,The 1963 Kings Bay Affair was a Norwegian political scandal over mine safety that led to the fall of the long-standing Labour government after a no-confidence vote.,https://en.wikipedia.org/wiki/Kings_Bay_Affair,9,5
NHB-E0443,443,Corruption & Political Scandals,Lillehammer affair,"In the 1973 Lillehammer affair, Israeli Mossad agents mistakenly assassinated an innocent Moroccan waiter in Norway, believing he was a Palestinian militant, leading to the arrest and conviction of several agents.",https://en.wikipedia.org/wiki/Lillehammer_affair,9,5
NHB-E0444,444,Corruption & Political Scandals,Lund Report,"The 1996 Lund Report exposed that Norway's police security service had conducted decades of illegal surveillance on left-wing political activists and organizations, leading to a major political scandal.",https://en.wikipedia.org/wiki/Lund_Report,9,5
NHB-E0445,445,Corruption & Political Scandals,Mustafa Letter,"In a 1987 election campaign, a Norwegian party leader used a fake letter, purportedly from a Muslim immigrant, claiming Muslims planned to take over Norway, which was later exposed as a fraud.",https://en.wikipedia.org/wiki/Mustafa_Letter,9,6
NHB-E0446,446,Corruption & Political Scandals,Sandra Borch and Ingvild Kjerkol plagiarism affair,Two Norwegian government ministers were forced to resign in 2024 after their master's degrees were revoked for extensive plagiarism.,https://en.wikipedia.org/wiki/Sandra_Borch_and_Ingvild_Kjerkol_plagiarism_affair,9,5
NHB-E0447,447,Corruption & Political Scandals,SOS Rasisme,"A Norwegian anti-racism organization, SOS Rasisme, was bankrupted and its leaders prosecuted for massive fraud after it was caught inflating its membership numbers to defraud the government of public funding.",https://en.wikipedia.org/wiki/SOS_Rasisme,9,5
NHB-E0448,448,Corruption & Political Scandals,Terra Securities scandal,The 2007 Terra Securities scandal involved several Norwegian municipalities losing massive amounts of public money by investing in highly speculative US hedge funds sold to them under misleading terms.,https://en.wikipedia.org/wiki/Terra_Securities_scandal,9,5
NHB-E0449,449,Corruption & Political Scandals,Gerd-Liv Valla,The 2007 Valla affair forced the leader of Norway's largest trade union to resign after an independent inquiry found she had harassed a senior employee.,https://en.wikipedia.org/wiki/Gerd-Liv_Valla#The_Valla_affair,9,5
NHB-E0450,450,Corruption & Political Scandals,Workers' Youth League affair,Leaders of Norway's Workers' Youth League were convicted of fraud for inflating membership numbers to illegally obtain increased government grants.,https://en.wikipedia.org/wiki/Workers%27_Youth_League_affair,9,5
NHB-E0451,451,Corruption & Political Scandals,Death of Eugene Ejike Obiora,"A Nigerian man died in Norwegian police custody in 2006 after being placed in a chokehold and restrained on his stomach, a position known to severely restrict breathing.",https://en.wikipedia.org/wiki/Death_of_Eugene_Ejike_Obiora,9,5
NHB-E0452,452,Corruption & Political Scandals,Altaigate scandal,"A 2009 Russian helicopter crash that killed high-level officials sparked the ""Altaigate"" scandal when evidence suggested the flight's purpose was an illegal big game hunting expedition for protected sheep.",https://en.wikipedia.org/wiki/Altaigate_scandal,9,5
NHB-E0453,453,Corruption & Political Scandals,Bank Menatep,"The Menatep scandal, sometimes called ""Kremlingate,"" involved financial institutions created by Mikhail Khodorkovsky that were central to the controversial loans-for-shares privatization of state assets in 1990s Russia.",https://en.wikipedia.org/wiki/Bank_Menatep,9,6
NHB-E0454,454,Corruption & Political Scandals,Kursk submarine disaster,"The Russian submarine Kursk sank in 2000 after a torpedo explosion, killing all 118 crewmen, with the subsequent rescue effort widely condemned as slow, inept, and secretive.",https://en.wikipedia.org/wiki/Kursk_submarine_disaster,9,5
NHB-E0455,455,Corruption & Political Scandals,1991 Soviet coup attempt,"A 1991 hardline communist coup against Soviet leader Mikhail Gorbachev failed in two days, accelerating the collapse of the Communist Party and the dissolution of the USSR.",https://en.wikipedia.org/wiki/1991_Soviet_coup_attempt,9,5
NHB-E0456,456,Corruption & Political Scandals,2006 Russian ban of Moldovan and Georgian wines,"In 2006, Russia imposed a politically-motivated ban on Moldovan and Georgian wine imports, citing health concerns to disguise an economic punishment for the countries' pro-Western policies.",https://en.wikipedia.org/wiki/2006_Russian_ban_of_Moldovan_and_Georgian_wines,9,5
NHB-E0457,457,Corruption & Political Scandals,2025 Slovak–Ukraine gas dispute,"On January 1, 2025, Russia's gas transit through Ukraine to Europe ceased, causing a significant energy shock, particularly for Slovakia which remained heavily dependent on the pipeline.",https://en.wikipedia.org/wiki/2025_Slovak–Ukraine_gas_dispute,9,5
NHB-E0458,458,Corruption & Political Scandals,Basmanny justice,"""Basmanny justice"" is a Russian term for politically motivated, pre-determined court verdicts, named after the Basmanny District Court known for its role in high-profile, Kremlin-friendly trials.",https://en.wikipedia.org/wiki/Basmanny_justice,9,5
NHB-E0459,459,Corruption & Political Scandals,Gennady Rakitin,"Russian anti-Putin exiles created a fake AI poet to post Nazi propaganda poems online, with the words changed to glorify Putin and Russian soldiers, exposing the parallels between the regimes.",https://en.wikipedia.org/wiki/Gennady_Rakitin,9,5
NHB-E0460,460,Corruption & Political Scandals,Mikhail Khodorkovsky,"In 2003, Russian authorities arrested oil tycoon Mikhail Khodorkovsky on fraud and tax charges, widely seen as a politically motivated move to eliminate a powerful rival to President Vladimir Putin.",https://en.wikipedia.org/wiki/Mikhail_Khodorkovsky,9,6
NHB-E0461,461,Corruption & Political Scandals,Krasovsky case,A Russian state TV host sparked an international scandal in 2022 by saying on air that Ukrainian children who oppose Russia should be drowned or burned.,https://en.wikipedia.org/wiki/Krasovsky_case,9,5
NHB-E0462,462,Corruption & Political Scandals,Russia–Ukraine gas disputes,"A series of ongoing disputes between Russia and Ukraine over gas prices and transit fees have repeatedly led to supply cuts, causing energy crises in Europe which depends on Russian gas piped through Ukraine.",https://en.wikipedia.org/wiki/Russia–Ukraine_gas_disputes,9,5
NHB-E0463,463,Corruption & Political Scandals,Three Whales Corruption Scandal,"The ""Three Whales"" scandal was a major Russian corruption case in the early 2000s involving a furniture smuggling ring with alleged high-level protection from the FSB security service.",https://en.wikipedia.org/wiki/Three_Whales_Corruption_Scandal,9,5
NHB-E0464,464,Corruption & Political Scandals,Yangulbaev case,"The Yangulbaev case is a Russian political scandal where Chechen leader Ramzan Kadyrov targeted a human rights activist's family, culminating in the abduction and imprisonment of his elderly mother on fabricated charges.",https://en.wikipedia.org/wiki/Yangulbaev_case,9,5
NHB-E0465,465,Corruption & Political Scandals,Yarovaya law,"Russia's 2016 Yarovaya Law sparked widespread protest for its extreme surveillance measures, requiring telecoms to store user data for years and effectively outlawing strong encryption, while also severely restricting religious evangelism.",https://en.wikipedia.org/wiki/Yarovaya_law,9,5
NHB-E0466,466,Corruption & Political Scandals,Guantanamo List,"Russia created its ""Guantanamo List,"" banning specific US officials from entry as a direct tit-for-tat response to the US Magnitsky Act.",https://en.wikipedia.org/wiki/Guantanamo_List,9,5
NHB-E0467,467,Corruption & Political Scandals,Doping in Russia,Russia was banned from major international sports for a state-sponsored doping program that involved supplying performance-enhancing drugs to its athletes and sabotaging investigations.,https://en.wikipedia.org/wiki/Doping_in_Russia,9,5
NHB-E0468,468,Corruption & Political Scandals,Sochi investigation,"Following the 2016 McLaren Report, an IOC commission systematically disqualified dozens of Russian athletes from the Sochi Olympics for doping, stripping the country of multiple medals.",https://en.wikipedia.org/wiki/Oswald_Commission#List_of_disqualified_sportspeople,9,5
NHB-E0469,469,Corruption & Political Scandals,McLaren Report,"The McLaren Report was a WADA-commissioned investigation that proved Russia ran a state-sponsored doping program, which included secretly swapping tamper-proof urine samples at the 2014 Sochi Olympics.",https://en.wikipedia.org/wiki/McLaren_Report,9,5
NHB-E0470,470,Corruption & Political Scandals,2011 South Korean football match-fixing scandal,"A major 2011 match-fixing scandal in South Korea's K League implicated 57 players, with 55 receiving punishments for their involvement.",https://en.wikipedia.org/wiki/2011_South_Korean_football_match-fixing_scandal,9,5
NHB-E0471,471,Corruption & Political Scandals,Daewoo dissolution and corruption scandal,Daewoo's chairman was convicted for a massive $43 billion accounting fraud and embezzlement scandal that led to the conglomerate's collapse.,https://en.wikipedia.org/wiki/Daewoo_dissolution_and_corruption_scandal,9,5
NHB-E0472,472,Corruption & Political Scandals,2016 South Korean political scandal,"A 2016 scandal led to the impeachment of South Korean President Park Geun-hye for allowing a secretive confidante, Choi Soon-sil, to wield vast, corrupt influence over state affairs.",https://en.wikipedia.org/wiki/2016_South_Korean_political_scandal,9,5
NHB-E0473,473,Corruption & Political Scandals,2018 opinion rigging scandal in South Korea,"A political scandal involving President Moon Jae-in's administration led to a clash between ruling and opposition parties, with the latter demanding a special prosecutor to investigate.",https://en.wikipedia.org/wiki/2018_opinion_rigging_scandal_in_South_Korea,9,5
NHB-E0474,474,Corruption & Political Scandals,BBK stock price manipulation incident,"The BBK scandal involved allegations that South Korean presidential candidate Lee Myung-bak was involved in a stock manipulation and embezzlement scheme, claims that were controversially dismissed by prosecutors just before his election.",https://en.wikipedia.org/wiki/BBK_stock_price_manipulation_incident,9,6
NHB-E0475,475,Corruption & Political Scandals,Cho Min academic credentials scandal,A major South Korean political scandal erupted in 2019 when Justice Minister nominee Cho Kuk was accused of using massive academic fraud and forged documents to secure his daughter's admission to medical school.,https://en.wikipedia.org/wiki/Cho_Min_academic_credentials_scandal,9,5
NHB-E0476,476,Corruption & Political Scandals,Furgate,"Furgate was a major 1990s South Korean corruption scandal where senior officials and their wives accepted massive bribes, which were spent on luxury furs and jewelry.",https://en.wikipedia.org/wiki/Furgate,9,5
NHB-E0477,477,Corruption & Political Scandals,Grand National Party Convention bribery incident,"A 2008 scandal exposed corruption within South Korea's ruling Grand National Party, involving cash-for-votes during its internal leadership election.",https://en.wikipedia.org/wiki/Grand_National_Party_Convention_bribery_incident,9,5
NHB-E0478,478,Corruption & Political Scandals,Hanbo scandal,"The 1997 Hanbo scandal, one of South Korea's largest, involved the collapse of a major steelmaker after it bribed politicians, including the president's son, to secure massive illegal loans.",https://en.wikipedia.org/wiki/Hanbo_scandal,9,5
NHB-E0479,479,Corruption & Political Scandals,Impeachment of Park Geun-hye,"The 2016 scandal that led to President Park Geun-hye's impeachment revealed that her secret confidante, Choi Soon-sil, extorted millions from major corporations and wielded improper influence over state affairs.",https://en.wikipedia.org/wiki/Impeachment_of_Park_Geun-hye,9,5
NHB-E0480,480,Corruption & Political Scandals,Koreagate,"""Koreagate"" was a 1970s US political scandal where South Korean intelligence allegedly bribed American Congressmen to influence policy, particularly to maintain US troop presence.",https://en.wikipedia.org/wiki/Koreagate,9,5
NHB-E0481,481,Corruption & Political Scandals,Lee–Chang scandal,"The 1982 Lee-Chang scandal was a massive South Korean financial fraud where a private lender, connected to the president's family, manipulated nearly a billion dollars, causing major bank and corporate failures and a cabinet purge.",https://en.wikipedia.org/wiki/Lee–Chang_scandal,9,5
NHB-E0482,482,Corruption & Political Scandals,MOFAT Diamond scandal,A South Korean foreign ministry official sparked a stock manipulation scandal by issuing a press release that falsely inflated the value of a mining company based on exaggerated diamond reserves.,https://en.wikipedia.org/wiki/MOFAT_Diamond_scandal,9,5
NHB-E0483,483,Corruption & Political Scandals,2012 NIS public opinion manipulation scandal,"South Korea's National Intelligence Service (NIS) was caught running a systematic online operation to manipulate public opinion and interfere in the 2012 presidential election to help the conservative candidate, Park Geun-hye.",https://en.wikipedia.org/wiki/2012_NIS_public_opinion_manipulation_scandal,9,5
NHB-E0484,484,Corruption & Political Scandals,NIS illegal wiretapping scandal,"South Korea's National Intelligence Service was exposed for conducting a widespread, illegal wiretapping operation against politicians, journalists, and civilians during the Kim Dae-Jung administration.",https://en.wikipedia.org/wiki/NIS_illegal_wiretapping_scandal,9,5
NHB-E0485,485,Corruption & Political Scandals,South Korean illegal surveillance incident,South Korea's intelligence agency was caught conducting illegal surveillance of civilians and running a systematic smear campaign to influence the 2012 presidential election in favor of the conservative candidate.,https://en.wikipedia.org/wiki/South_Korean_illegal_surveillance_incident,9,5
NHB-E0486,486,Corruption & Political Scandals,X-file scandal,"The 2005 X-file scandal erupted when illegal wiretaps by South Korea's spy agency, revealing conservative politicians taking bribes, were leaked to the public.",https://en.wikipedia.org/wiki/X-file_scandal,9,5
NHB-E0487,487,Corruption & Political Scandals,Coup d'état of May Seventeenth,"General Chun Doo-hwan seized power in a 1980 military coup, imposing nationwide martial law and violently crushing the pro-democracy Gwangju Uprising.",https://en.wikipedia.org/wiki/Coup_d%27état_of_May_Seventeenth,9,5
NHB-E0488,488,Corruption & Political Scandals,Ganghwa Island shooting,"Kim Minchan, a South Korean marine corporal assigned to the South Korean 2nd Marine Division, went on a shooting spree towards his team with a K-2 rifle and later attempted a suicide with a grenade",https://en.wikipedia.org/wiki/Ganghwa_Island_shooting,9,5
NHB-E0489,489,Corruption & Political Scandals,1996 Gangneung submarine infiltration incident,"A North Korean spy submarine ran aground off South Korea in 1996, leading to a massive 49-day manhunt for its crew and a rare apology from Pyongyang.",https://en.wikipedia.org/wiki/1996_Gangneung_submarine_infiltration_incident,9,5
NHB-E0490,490,Corruption & Political Scandals,1981 South Africa rugby union tour of New Zealand and the United States,A deeply divisive 1981 rugby tour of New Zealand by the South African Springboks that sparked massive nationwide protests against the apartheid regime in South Africa.,https://en.wikipedia.org/wiki/1981_South_Africa_rugby_union_tour_of_New_Zealand_and_the_United_States,9,5
NHB-E0491,491,Corruption & Political Scandals,Canada Soccer drone spying scandal,"A 2024 Olympic espionage scandal where Canadian soccer staff used a drone to spy on the New Zealand women's team's training sessions, leading to a six-point deduction for Canada by FIFA",https://en.wikipedia.org/wiki/Canada_Soccer_drone_spying_scandal,9,5
NHB-E0492,492,Corruption & Political Scandals,Grannygate,"A 2000 rugby union scandal where several players, notably for Wales and Scotland, were found to be ineligible for their national teams based on falsely claimed ancestry or residency.",https://en.wikipedia.org/wiki/Grannygate,9,6
NHB-E0493,493,Corruption & Political Scandals,Lou Vincent,"Former New Zealand cricketer Lou Vincent received a life ban for match-fixing in 2014, which was later partially lifted in 2023 to allow domestic play.",https://en.wikipedia.org/wiki/Lou_Vincent#Ban_for_match_fixing,9,5
NHB-E0494,494,Corruption & Political Scandals,2005 New Zealand election funding controversy,"A 2006 political scandal where New Zealand's National Party accused the Labour government of corruption over election spending, though the claims were disputed and based on overspending rather than personal enrichment.",2005 New Zealand election funding controversy,9,6
NHB-E0495,495,Corruption & Political Scandals,Battle of Baghak,"A 2012 battle in Afghanistan where New Zealand forces suffered their heaviest casualties since the Vietnam War, leading to later accusations of a military cover-up.",https://en.wikipedia.org/wiki/Battle_of_Baghak,9,5
NHB-E0496,496,Corruption & Political Scandals,Carr–Peters scandal,"An ongoing 2024 diplomatic scandal where New Zealand's Foreign Minister Winston Peters publicly accused former Australian Foreign Minister Bob Carr of being a ""Chinese puppet,"" leading to threats of a defamation lawsuit.",https://en.wikipedia.org/wiki/Carr–Peters_scandal,9,5
NHB-E0497,497,Corruption & Political Scandals,Lee affair,"An internal crisis in the 1930s New Zealand Labour Party, culminating in the expulsion of MP John A. Lee for his public criticism of the leadership and his advocacy for more radical socialist monetary policies.",https://en.wikipedia.org/wiki/Lee_affair,9,5
NHB-E0498,498,Corruption & Political Scandals,Mason Affair,"A 1966 controversy in the New Zealand Labour Party where leader Norman Kirk pressured elderly MPs to retire, leading to a failed proposal for a mandatory retirement age of 70.",https://en.wikipedia.org/wiki/Mason_Affair,9,5
NHB-E0499,499,Corruption & Political Scandals,Māori loan affair,"A 1986-87 New Zealand political scandal where the Māori Affairs Department attempted to secure a fraudulent $600 million overseas loan for development, causing a major crisis for the Labour government.",https://en.wikipedia.org/wiki/Māori_loan_affair,9,5
NHB-E0500,500,Corruption & Political Scandals,Moyle Affair,"A 1976 New Zealand political scandal where Prime Minister Robert Muldoon used parliamentary privilege to publicly accuse opposition MP Colin Moyle of a homosexual encounter, forcing Moyle's resignation.",https://en.wikipedia.org/wiki/Moyle_Affair,9,5
NHB-E0501,501,Corruption & Political Scandals,Operation Burnham,"A controversial 2010 NZSAS operation in Afghanistan that faced war crime allegations, leading to a government inquiry which found no cover-up but confirmed civilian casualties including a child.",https://en.wikipedia.org/wiki/Operation_Bu,9,6
NHB-E0502,501,Corruption & Political Scandals,Simon Bridges expense scandal and corruption allegations,"A 2018 New Zealand political scandal where National Party MP Jami-Lee Ross resigned, accusing leader Simon Bridges of corruption and illegal donations, while also facing his own allegations of bullying and electoral fraud.",https://en.wikipedia.org/wiki/Jami-Lee_Ross#Simon_Bridges_expense_scandal_and_corruption_allegations,9,6
NHB-E0503,501,Corruption & Political Scandals,Tea tape scandal,"A 2011 New Zealand election scandal where a journalist secretly recorded a private conversation between Prime Minister John Key and an ally, leading to a police investigation over the legality of the taping.",https://en.wikipedia.org/wiki/Tea_tape_scandal,9,6
NHB-E0504,501,Corruption & Political Scandals,Thompson and Clark,"A New Zealand private investigation firm repeatedly embroiled in scandals for spying on environmental activists and other groups for government agencies and corporate clients, leading to its removal as a government supplier.",https://en.wikipedia.org/wiki/Thompson_and_Clark,9,6
NHB-E0505,501,Corruption & Political Scandals,Winebox Inquiry,"A 1990s New Zealand judicial inquiry that investigated alleged tax fraud and corruption, ultimately clearing the authorities of wrongdoing after a lengthy, highly publicized process.",https://en.wikipedia.org/wiki/Winebox_Inquiry,9,7
NHB-E0506,501,Corruption & Political Scandals,Foekje Dillema,"A Dutch sprinter who was banned from athletics in 1950 for refusing a sex test, with her intersex condition only confirmed after her death.",https://en.wikipedia.org/wiki/Foekje_Dillema,9,6
NHB-E0507,501,Corruption & Political Scandals,Ibrahim Jalti affair,"A Moroccan army sergeant who was imprisoned for taking hostages in 2002 to demand a meeting with the king to present evidence of military corruption, and later continued his anti-corruption activism.",https://en.wikipedia.org/wiki/Ibrahim_Jalti_affair,9,6
NHB-E0508,501,Corruption & Political Scandals,Daniel Galván scandal,"A 2013 scandal where the King of Morocco pardoned a Spanish serial child rapist, sparking massive public protests and a violent police crackdown, forcing the king to revoke the pardon.",https://en.wikipedia.org/wiki/Daniel_Galván_scanda,9,6
NHB-E0509,501,Corruption & Political Scandals,2003 Colima state election,"A 2003 Colima gubernatorial election where the initial PRI victory was annulled due to irregularities, the winner was reinstated in a special election, but was then killed in a plane crash 14 months into his term.",https://en.wikipedia.org/wiki/2003_Colima_state_election,9,6
NHB-E0510,501,Corruption & Political Scandals,Aguas Blancas massacre,"A 1995 massacre in Guerrero, Mexico, where state police ambushed and killed 17 protesting farmers, an event filmed by police who then planted weapons on the victims.",https://en.wikipedia.org/wiki/Aguas_Blancas_massacre,9,6
NHB-E0511,501,Corruption & Political Scandals,Acteal massacre,"A 1997 massacre in Chiapas, Mexico, where a right-wing paramilitary group murdered 45 indigenous Catholic civilians, including children and pregnant women, during a prayer meeting.",https://en.wikipedia.org/wiki/Acteal_massacre,9,6
NHB-E0512,501,Corruption & Political Scandals,2006 Oaxaca rebellion,"A 2006 seven-month conflict in Oaxaca, Mexico, sparked by a violent police crackdown on a teachers' strike, which grew into a broad protest movement demanding the governor's removal and resulted in at least 17 deaths.",https://en.wikipedia.org/wiki/2006_Oaxaca_rebellion,9,6
NHB-E0513,501,Corruption & Political Scandals,2006 Chiapas state election,A controversial 2006 Chiapas gubernatorial election where the PRD candidate narrowly defeated the PRI candidate after two minor candidates withdrew but still received enough votes to potentially change the outcome.,https://en.wikipedia.org/wiki/2006_Chiapas_state_election,9,6
NHB-E0514,501,Corruption & Political Scandals,1992 Guadalajara explosions,"A catastrophic 1992 explosion in Guadalajara, Mexico, where gasoline fumes in the sewer system ignited, killing hundreds and destroying miles of city streets.",https://en.wikipedia.org/wiki/1992_Guadalajara_explosions,9,6
NHB-E0515,501,Corruption & Political Scandals,Pasta de Conchos mine disaster,"A 2006 Mexican mining disaster where a methane explosion trapped and killed 65 miners, with only two bodies recovered, amid allegations of prior safety complaints.",https://en.wikipedia.org/wiki/Pasta_de_Conchos_mine_disaster,9,6
NHB-E0516,501,Corruption & Political Scandals,Pemexgate,"A Mexican political scandal where the PRI party illegally diverted $53 million from the state oil company Pemex to fund its 2000 presidential campaign, resulting in a massive fine but no prosecutions.",https://en.wikipedia.org/wiki/Pemexgate,9,6
NHB-E0517,501,Corruption & Political Scandals,2006 civil unrest in San Salvador Atenco,"A 2006 violent confrontation in Mexico where police suppressed protests by flower vendors and local activists, resulting in two deaths and widespread sexual assault by officers.",https://en.wikipedia.org/wiki/2006_civil_unrest_in_San_Salvador_Atenco,9,6
NHB-E0518,501,Corruption & Political Scandals,Tampico Affair,A 1914 diplomatic crisis where the U.S. seized the Mexican port of Veracruz after Mexico refused to salute the American flag following the brief detention of U.S. sailors.,https://en.wikipedia.org/wiki/Tampico_Affair,9,6
NHB-E0519,501,Corruption & Political Scandals,Mexican presidential expenses controversy,"A 2001 Mexican political scandal where President Vicente Fox's administration spent $440,000 on luxury items like $400 towels for the presidential residence, violating his campaign promise of austerity.",https://en.wikipedia.org/wiki/Mexican_presidential_expenses_controversy,9,6
NHB-E0520,501,Corruption & Political Scandals,Tula massacre,"A 1982 massacre in Mexico where 13 Colombian men were tortured and murdered, allegedly on the orders of Mexico City's corrupt police chief Arturo Durazo Moreno.",https://en.wikipedia.org/wiki/Tula_massacre,9,6
NHB-E0521,501,Corruption & Political Scandals,2005 Mexico–Venezuela diplomatic crisis,"A 2005 diplomatic crisis where Venezuelan President Hugo Chávez called Mexican President Vicente Fox a ""puppy of the empire,"" leading to mutual ambassador recalls and a two-year rupture in relations.",https://en.wikipedia.org/wiki/2005_Mexico–Venezuela_diplomatic_crisis,9,6
NHB-E0522,501,Corruption & Political Scandals,Videoscandals,"A 2004 Mexican political scandal where hidden camera videos exposed several prominent politicians, including allies of Mexico City's mayor, accepting cash bribes from businessman Carlos Ahumada.",https://en.wikipedia.org/wiki/Videoscandals,9,6
NHB-E0523,501,Corruption & Political Scandals,Caisse Noire Affair,"A major corruption scandal in Mauritius where Air Mauritius operated a secret Swiss bank account for two decades to funnel bribes to politicians, journalists, and officials, including funding political parties and personal expenses.",https://en.wikipedia.org/wiki/Caisse_Noire_Affair,9,6
NHB-E0524,501,Corruption & Political Scandals,St Louis gate,"A 2020 Mauritian corruption scandal involving bribery by a Danish firm, BWSC, to secure a public energy contract, leading to arrests and the dismissal of the state utility's management.",https://en.wikipedia.org/wiki/St_Louis_gate,9,6
NHB-E0525,501,Corruption & Political Scandals,1994 Malaysian football scandal,"A 1994 Malaysian football scandal where over 100 players and coaches were implicated in match-fixing for Malaysia Cup and league games, resulting in widespread bans and lifetime expulsions.",https://en.wikipedia.org/wiki/1994_Malaysian_football_scandal,9,6
NHB-E0526,501,Corruption & Political Scandals,Baldgate,"A 2006 Malaysian scandal where police arrested 11 elderly men for playing mahjong and shaved their heads in lock-up, violating cultural taboos during Chinese New Year.",https://en.wikipedia.org/wiki/Baldgate,9,6
NHB-E0527,501,Corruption & Political Scandals,Deposit-taking co-operative,"A 1986 Malaysian financial crisis where numerous deposit-taking cooperatives collapsed in a pyramid-scheme fashion, requiring a government bailout and leading to lasting damage to the cooperative sector.",https://en.wikipedia.org/wiki/Deposit-taking_co-operative,9,6
NHB-E0528,501,Corruption & Political Scandals,2025 Malaysian judicial appointment controversy,"A 2025 judicial crisis in Malaysia where the simultaneous retirement of top judges without extensions created numerous vacancies, raising concerns about court backlogs and potential political interference in judicial independence.",https://en.wikipedia.org/wiki/2025_Malaysian_judicial_appointment_controversy,9,6
NHB-E0529,501,Corruption & Political Scandals,Anwar Ibrahim sodomy trials,"The politically charged sodomy trials of Malaysian opposition leader Anwar Ibrahim, resulting in his 1998 imprisonment, 2015 conviction, and eventual pardon in 2018.",https://en.wikipedia.org/wiki/Anwar_Ibrahim_sodomy_trials,9,6
NHB-E0530,501,Corruption & Political Scandals,Murder of Shaariibuugiin Altantuyaa,"The 2006 murder of Mongolian translator Altantuya Shaariibuu, a highly controversial case in Malaysia where two police officers were convicted, with one later implicating former Prime Minister Najib Razak in ordering the killing.",https://en.wikipedia.org/wiki/Murder_of_Shaariibuugiin_Altantuyaa,9,6
NHB-E0531,501,Corruption & Political Scandals,Death of Ahmad Sarbani Mohamed,"The 2011 death of Malaysian customs officer Ahmad Sarbani Mohamed, who fell from the MACC anti-corruption agency building while under investigation, in a case that raised serious questions about the agency's credibility.",https://en.wikipedia.org/wiki/Death_of_Ahmad_Sarbani_Mohamed,9,7
NHB-E0532,501,Corruption & Political Scandals,Fake halal meat scandal in Malaysia,"A major Malaysian food fraud scandal uncovered in 2020 where a cartel smuggled non-halal meat (including pork and kangaroo) for 40 years, repackaging it as halal-certified beef by bribing government officials.",https://en.wikipedia.org/wiki/Fake_halal_meat_scandal_in_Mal,9,6
NHB-E0533,501,Corruption & Political Scandals,Malaysian lock-up detainee abuse scandal,"A 2005 Malaysian police abuse scandal where detainees, including a pregnant woman, were forced to strip and perform squats, with video evidence sparking national outrage and an official inquiry.",https://en.wikipedia.org/wiki/Malaysian_lock-up_detainee_abuse_scandal,9,6
NHB-E0534,501,Corruption & Political Scandals,Muhammad Sanusi Md Nor controversies,"A Malaysian politician, Muhammad Sanusi, sparked controversy for making racially insensitive remarks about minorities and overseeing the demolition of Hindu temples, drawing widespread criticism from community groups.",https://en.wikipedia.org/wiki/Muhammad_Sanusi_Md_Nor_controversies,9,6
NHB-E0535,501,Corruption & Political Scandals,Najib Razak controversies,"Najib Razak, the former Prime Minister of Malaysia, was a deeply controversial leader whose tenure was defined by massive corruption, most notably the 1MDB scandal—one of the world's largest financial frauds, which saw billions embezzled from a state fund. He was convicted and imprisoned in 2022, though his sentence was later reduced.",https://en.wikipedia.org/wiki/Najib_Razak_controversies,9,6
NHB-E0536,501,Corruption & Political Scandals,Scomi Precision Engineering nuclear scandal,"A Malaysian company, Scomi Precision Engineering, was implicated in an international nuclear proliferation network in 2004 for supplying centrifuge components to Libya, leading to US sanctions against its CEO.",https://en.wikipedia.org/wiki/Scomi_Precision_Engineering_nuclear_scandal,9,6
NHB-E0537,501,Corruption & Political Scandals,Goldenberg scandal,"A major 1990s Kenyan financial scandal where the government paid massive, fraudulent export subsidies to Goldenberg International for fictitious gold exports, costing the country over 10% of its GDP and involving high-level political corruption.",https://en.wikipedia.org/wiki/Goldenberg_scandal,9,6
NHB-E0538,501,Corruption & Political Scandals,Anglo-Leasing scandal,"A major Kenyan procurement scandal involving phantom companies like Anglo Leasing Finance, which secured inflated government contracts for security equipment without competitive bidding, defrauding taxpayers of millions.",https://en.wikipedia.org/wiki/Anglo-Leasing_scandal,9,6
NHB-E0539,501,Corruption & Political Scandals,Al-Madina Bank scandal,"A 2003 Lebanese banking scandal where Al-Madina Bank was shut down for massive fraud and money laundering, involving $1.65 billion in missing funds and linked to political figures and the Rafik Hariri assassination.",https://en.wikipedia.org/wiki/Al-Madina_Bank_scandal,9,6
NHB-E0540,501,Corruption & Political Scandals,2020 Beirut explosion,"The catastrophic 2020 Beirut explosion caused by the detonation of 2,750 tonnes of improperly stored ammonium nitrate, killing 218 people, causing massive destruction, and leading to the government's resignation.",https://en.wikipedia.org/wiki/2020_Beirut_explosion,9,6
NHB-E0541,501,Corruption & Political Scandals,Spinka financial controversy,"A financial fraud case where the Spinka Hasidic sect in Brooklyn ran a $8.7 million tax fraud scheme, using fake charitable donations with 95% refunds, leading to the conviction of their grand rabbi and associates.",https://en.wikipedia.org/wiki/Spinka_financial_cont,9,6
NHB-E0542,501,Corruption & Political Scandals,Arab voters are streaming in quantity to the polling stations,"A controversial 2015 election day statement by Israeli Prime Minister Benjamin Netanyahu, warning that ""Arab voters are streaming in quantity to the polling stations,"" widely criticized as racist voter suppression tactics.",https://en.wikipedia.org/wiki/Arab_voters_are_streaming_in_quantity_to_the_polling_stations,9,6
NHB-E0543,501,Corruption & Political Scandals,Bar-On–Hebron affair,"A 1997 Israeli political scandal where Prime Minister Netanyahu was accused of appointing an unqualified attorney general, Roni Bar-On, as part of a secret deal to secure a coalition vote for the Hebron Agreement.",https://en.wikipedia.org/wiki/Bar-On–Hebron_affair,9,6
NHB-E0544,501,Corruption & Political Scandals,Operation Damocles,"A 1962 covert Mossad operation targeting German scientists in Egypt to sabotage their rocket development program, using letter bombs and abductions over concerns about potential radioactive or chemical warheads.",https://en.wikipedia.org/wiki/Operation_Damocles,9,6
NHB-E0545,501,Corruption & Political Scandals,The dirty trick,"A failed 1990 political maneuver by Shimon Peres to break Israel's unity government and form a left-wing coalition with ultra-Orthodox parties, which collapsed at the last minute.",https://en.wikipedia.org/wiki/The_dirty_trick,9,6
NHB-E0546,501,Corruption & Political Scandals,Dollar Account affair,A 1977 scandal that forced Israeli Prime Minister Yitzhak Rabin to resign after he and his wife were found to have illegally held foreign bank accounts in the United States.,https://en.wikipedia.org/wiki/Dollar_Account_affair,9,6
NHB-E0547,501,Corruption & Political Scandals,Greek island affair,"A 2004 Israeli corruption scandal where Ariel Sharon was accused of using his political influence to help a developer purchase a Greek island for a resort project, in exchange for payments to his son, though the case was eventually closed.",https://en.wikipedia.org/wiki/Greek_island_affair,9,6
NHB-E0548,501,Corruption & Political Scandals,Holyland Case,"The Holyland affair was a major Israeli corruption scandal where real estate developers bribed Jerusalem officials, including former Prime Minister Ehud Olmert, to secure approval for a large construction project.",https://en.wikipedia.org/wiki/Holyland_Case,9,6
NHB-E0549,501,Corruption & Political Scandals,Anat Kamm–Uri Blau affair,"An Israeli military espionage case where soldier Anat Kamm leaked thousands of classified documents to a journalist, revealing the military defied Supreme Court rulings on targeted assassinations.",https://en.wikipedia.org/wiki/Anat_Kamm–Uri_Blau_affair,9,6
NHB-E0550,501,Corruption & Political Scandals,Lavon Affair,"A 1954 Israeli false flag operation in Egypt where Jewish agents bombed Western targets to blame local nationalists and destabilize the country, leading to executions and a major political scandal in Israel.",https://en.wikipedia.org/wiki/Lavon_Affair,9,6
NHB-E0551,501,Corruption & Political Scandals,Likud video of graves,"A controversial 2019 Israeli election campaign video by the Likud party that used footage of soldiers' graves on Mount Herzl to claim that the political left is ""dangerous.""",https://en.wikipedia.org/wiki/Likud_video_of_graves,9,7
NHB-E0552,501,Corruption & Political Scandals,Qatari connection affair,"An Israeli political scandal alleging that close aides of Prime Minister Benjamin Netanyahu were paid by Qatar to influence policy, with investigations ongoing in 2025.",https://en.wikipedia.org/wiki/Qatari_connection_affair,9,6
NHB-E0553,501,Corruption & Political Scandals,Yadlin affair,"A 1976 Israeli corruption scandal involving Labor Party financier Asher Yadlin, whose bribery conviction and claims of funneling money to the party contributed to Labor's historic 1977 election defeat.",https://en.wikipedia.org/wiki/Yadlin_affair,9,7
NHB-E0554,501,Corruption & Political Scandals,Big Motor,A 2023 scandal where Japanese car dealer Big Motor was found to have systematically committed insurance fraud by deliberately damaging customers' vehicles and overcharging for repairs.,https://en.wikipedia.org/wiki/Big_Motor,9,6
NHB-E0555,501,Corruption & Political Scandals,Johnny Kitagawa sexual abuse scandal,"The decades-long sexual abuse scandal involving Johnny Kitagawa, the powerful founder of Japan's leading male talent agency, who systematically abused hundreds of boys under his control, with the complicity of Japanese media.",https://en.wikipedia.org/wiki/Johnny_Kitagawa_sexual_abuse_scandal,9,6
NHB-E0556,501,Corruption & Political Scandals,Lysine price-fixing conspiracy,"A mid-1990s international cartel involving five companies, led by Archer Daniels Midland, that conspired to fix the price of the animal feed additive lysine, resulting in record antitrust fines and prison sentences for executives.",https://en.wikipedia.org/wiki/Lysine_price-fixing_conspiracy,9,4
NHB-E0557,501,Corruption & Political Scandals,Sumitomo copper affair,A 1996 Japanese trading scandal where Sumitomo copper trader Yasuo Hamanaka incurred $1.8 billion in losses through a decade of unauthorized trades and attempts to corner the global copper market.,https://en.wikipedia.org/wiki/Sumitomo_copper_affair,9,0
NHB-E0558,501,Corruption & Political Scandals,Uijeongbu scandal,"A 1997 South Korean judicial scandal exposed 15 judges for accepting cash payments from lawyers, leading to forced resignations and new ethics laws.",https://en.wikipedia.org/wiki/Uijeongbu_scandal,9,0
NHB-E0559,501,Corruption & Political Scandals,South Korean nuclear scandal,"A South Korean nuclear power scandal involved the widespread use of counterfeit safety certificates for reactor parts, leading to mass reactor shutdowns.",https://en.wikipedia.org/wiki/South_Korean_nuclear_scandal,9,2
NHB-E0560,501,Corruption & Political Scandals,Takata corporation defective airbag recalls,"The Takata airbag scandal was the largest automotive recall in history, involving over 100 million airbag inflators that could rupture and explode, sending metal shrapnel into drivers and passengers, resulting in at least 35 deaths globally.",https://en.wikipedia.org/wiki/Takata_Corporation#Defective_airbag_recalls_(2013–present),9,0
NHB-E0561,501,Corruption & Political Scandals,2006 Prix de l'Arc de Triomphe,"The 2006 disqualification of Japanese champion racehorse Deep Impact after testing positive for a banned substance, which tarnished his reputation and damaged public trust in the sport.",https://en.wikipedia.org/wiki/2006_Prix_de_l%27Arc_de_Triomphe,9,2
NHB-E0562,501,Corruption & Political Scandals,2008 sumo cannabis scandal,"A 2008-2009 scandal where several sumo wrestlers, including Russian wrestler Wakanohō and others, were dismissed for cannabis use, leading to major reforms and leadership changes in the Japan Sumo Association.",https://en.wikipedia.org/wiki/2008_sumo_cannabis_scandal,9,2
NHB-E0563,501,Corruption & Political Scandals,Tokitsukaze stable hazing scandal,"The 2007 Tokitsukaze stable scandal where a 17-year-old sumo wrestler was beaten to death by his coach and senior wrestlers, exposing systemic hazing and abuse in Japanese sumo training.",https://en.wikipedia.org/wiki/Tokitsukaze_stable_hazing_scandal,9,2
NHB-E0564,501,Corruption & Political Scandals,Black Mist Scandal (Japanese baseball),"A massive 1969-1971 game-fixing scandal in Japanese baseball and motorcycle racing involving yakuza ties, resulting in lifetime bans for star players and widespread fan disillusionment.",https://en.wikipedia.org/wiki/Black_Mist_Scandal_(Japanese_baseball),9,2
NHB-E0565,501,Corruption & Political Scandals,Toshiba accounting scandal 2015,"A massive 2015 accounting scandal where Toshiba admitted to inflating profits by $1.2 billion over seven years, leading to CEO resignation and massive financial losses, compounded by disastrous losses from its Westinghouse nuclear division.",https://en.wikipedia.org/wiki/Toshiba#2015_accounting_scandal,9,2
NHB-E0566,501,Corruption & Political Scandals,2020 Piacenza scandal,"A 2020 Italian police scandal where seven Carabinieri in Piacenza were arrested for running a criminal network involving drug trafficking, torture, evidence planting, and sexual violence from their police station.",https://en.wikipedia.org/wiki/2020_Piacenza_scandal,9,2
NHB-E0567,501,Corruption & Political Scandals,Pandorogate,"An Italian influencer scandal where Chiara Ferragni was fined for fraud after promoting products with false charity claims, leading to new ""Ferragni Law"" regulations for influencers.",https://en.wikipedia.org/wiki/Pandorogate,9,0
NHB-E0568,501,Corruption & Political Scandals,Triangle of death (Italy),"An area in Italy's Campania region known as the ""Triangle of Death,"" where the Camorra mafia's illegal waste dumping created Europe's largest illegal waste dump, causing a severe public health crisis with elevated cancer rates.",https://en.wikipedia.org/wiki/Triangle_of_death_(Italy),9,2
NHB-E0569,501,Corruption & Political Scandals,Naples waste management crisis,"A prolonged waste management crisis in Naples, Italy, where government failure and Camorra mafia control led to massive garbage pile-ups and illegal toxic waste dumping, creating severe environmental and health hazards.",https://en.wikipedia.org/wiki/Naples_waste_management_crisis,9,2
NHB-E0570,501,Corruption & Political Scandals,Spana Prosecution,"A 1659-1660 criminal trial in Rome where Gironima Spana and her network were executed for selling the notorious poison Aqua Tofana, used primarily by women to murder their husbands.",https://en.wikipedia.org/wiki/Spana_Prosecution,9,0
NHB-E0571,501,Corruption & Political Scandals,Edoardo Prettner Cippico 1948 scandal,"A 1947-48 Vatican financial scandal where Monsignor Ettore Cippico was convicted of fraud, forgery, and embezzling millions through the Administration of the Holy See's property, causing a major political scandal in Italy.",https://en.wikipedia.org/wiki/Edoardo_Prettner_Cippico#1948_scandal,9,2
NHB-E0572,501,Corruption & Political Scandals,Mafia Capitale,"A major corruption scandal in Rome where a criminal network, led by Massimo Carminati and Salvatore Buzzi, infiltrated the city government to embezzle public funds, particularly from migrant reception centers, through bribery and fraud.",https://en.wikipedia.org/wiki/Mafia_Capitale,9,0
NHB-E0573,501,Corruption & Political Scandals,Bancopoli,"A 2005 Italian banking scandal where Banca Popolare di Lodi illegally acquired Antonveneta bank with help from central bank governor Antonio Fazio, using secret pacts and illicit financing.",https://en.wikipedia.org/wiki/Bancopoli,9,0
NHB-E0574,501,Corruption & Political Scandals,Central Energy Italian Gas Holding,"A conflict-of-interest scandal where Italian Prime Minister Silvio Berlusconi was linked to a Gazprom-affiliated gas company through his friend's ownership stake, leading parliament to block the contract.",https://en.wikipedia.org/wiki/Central_Energy_Italian_Gas_Holding,9,0
NHB-E0575,501,Corruption & Political Scandals,Portella della Ginestra massacre,"A 1947 massacre in Sicily where bandit Salvatore Giuliano's men opened fire on a Labor Day celebration, killing 11 people and sparking national outrage and political turmoil in Italy.",https://en.wikipedia.org/wiki/Portella_della_Ginestra_massacre,9,0
NHB-E0576,501,Corruption & Political Scandals,2013 Indian helicopter bribery scandal,A major Indian defense corruption scandal where bribes were allegedly paid by AgustaWestland to Indian officials and Congress party members to secure a $43 million contract for VVIP helicopters.,https://en.wikipedia.org/wiki/2013_Indian_helicopter_bribery_scandal,9,2
NHB-E0577,501,Corruption & Political Scandals,Propaganda Due,"A clandestine Masonic lodge in Italy that became a powerful anti-communist criminal organization, implicated in major political scandals, terrorist attacks, and financial crimes, operating as a ""state within a state"" with high-level members including politicians, intelligence chiefs, and Silvio Berlusconi.",https://en.wikipedia.org/wiki/Propaganda_Due,9,0
NHB-E0578,501,Corruption & Political Scandals,SISMI-Telecom scandal,"The SISMI-Telecom scandal, uncovered in Italy in 2006, refers to a surveillance scandal believed to have begun in 1996, under which more than 5,000 persons' phones were tapped.",https://en.wikipedia.org/wiki/SISMI-Telecom_scandal,9,2
NHB-E0579,501,Corruption & Political Scandals,Uzbin Valley ambush,"A 2008 Taliban ambush in Afghanistan's Uzbin Valley that killed 10 French soldiers, exposing critical NATO vulnerabilities in intelligence, air support, and equipment.",https://en.wikipedia.org/wiki/Uzbin_Valley_ambush,9,2
NHB-E0580,501,Corruption & Political Scandals,1980 Totonero,"A 1980 Italian football match-fixing scandal where several Serie A and B clubs, including Lazio and Milan, were implicated in illegal betting schemes, leading to Paolo Rossi's suspension.",https://en.wikipedia.org/wiki/1980_Totonero,9,2
NHB-E0581,501,Corruption & Political Scandals,1986 Totonero,"A 1986 Italian football match-fixing scandal (""Totonero bis"") that resulted in point deductions and relegations for multiple clubs including Udinese, Lazio, and Perugia across several divisions.",https://en.wikipedia.org/wiki/1986_Totonero,9,2
NHB-E0582,501,Corruption & Political Scandals,2011–12 Italian football match-fixing scandal,"A 2011-12 Italian football scandal where numerous players, including Giuseppe Signori and Cristiano Doni, were arrested for match-fixing in Serie B and lower divisions, involving illegal betting and manipulated games.",https://en.wikipedia.org/wiki/2011–12_Italian_football_match-fixing_scandal,9,2
NHB-E0583,501,Corruption & Political Scandals,2015 Italian football match-fixing scandal,"A 2015 Italian match-fixing scandal orchestrated by the 'Ndrangheta mafia, where Catania and other clubs were punished for rigging games to remain in Serie B.",https://en.wikipedia.org/wiki/2015_Italian_football_match-fixing_scandal,9,2
NHB-E0584,501,Corruption & Political Scandals,Allemandi Case,A 1927 Italian football scandal where Torino's championship title was revoked after it was discovered they bribed Juventus player Luigi Allemandi to fix a derby match.,https://en.wikipedia.org/wiki/Allemandi_Case,9,0
NHB-E0585,501,Corruption & Political Scandals,Calciopoli trials,"The 2006 Calciopoli scandal was a major match-fixing controversy in Italian football where Juventus was relegated to Serie B and stripped of titles for influencing referee appointments, while other clubs like Milan, Fiorentina, and Lazio received point deductions.",https://en.wikipedia.org/wiki/Calciopoli_trials,9,0
NHB-E0586,501,Corruption & Political Scandals,2004–2010 Italian football scandal,A 2004-2010 Italian football scandal involving widespread false accounting and inflated player transfer valuations between clubs to create artificial profits and meet financial regulations.,https://en.wikipedia.org/wiki/2004–2010_Italian_football_scandal,9,2
NHB-E0587,501,Corruption & Political Scandals,2008 Irish pork crisis,"A 2008 food safety crisis in Ireland where dioxin-contaminated animal feed led to the global recall of all Irish pork products, severely damaging the pork industry.",https://en.wikipedia.org/wiki/2008_Irish_pork_crisis,9,2
NHB-E0588,501,Corruption & Political Scandals,1969–70 South Africa rugby union tour of Britain and Ireland,A controversial 1969-70 rugby tour of Britain and Ireland by the South African national team that sparked widespread anti-apartheid protests.,https://en.wikipedia.org/wiki/1969–70_South_Africa_rugby_union_tour_of_Britain_and_Ireland,9,2
NHB-E0589,501,Corruption & Political Scandals,Saipan incident,A 2002 pre-World Cup dispute where Irish captain Roy Keane was sent home after a clash with manager Mick McCarthy over poor training facilities and unprofessional preparation in Saipan.,https://en.wikipedia.org/wiki/Saipan_incident,9,0
NHB-E0590,501,Corruption & Political Scandals,Good Friday closure controversy,"A 2010 Irish legal case where Limerick pubs successfully challenged the Good Friday alcohol ban to serve patrons during a major rugby match, marking the first exception to the 1927 law.",https://en.wikipedia.org/wiki/Good_Friday_closure_controversy,9,1
NHB-E0591,501,Corruption & Political Scandals,2016 Summer Olympics ticket scandal,"The 2016 Irish Olympic ticket scandal where OCI president Pat Hickey was arrested in Rio for alleged illegal ticket reselling, leading to his resignation from all Olympic positions.",https://en.wikipedia.org/wiki/2016_Summer_Olympics_ticket_scandal,9,2
NHB-E0592,501,Corruption & Political Scandals,1981 Ireland rugby union tour of South Africa,"A controversial 1981 rugby tour where Ireland defied the international anti-apartheid sporting boycott to play South Africa, causing political backlash and player boycotts.",https://en.wikipedia.org/wiki/1981_Ireland_rugby_union_tour_of_South_Africa,9,2
NHB-E0593,501,Corruption & Political Scandals,1980 British Lions tour to South Africa,"A controversial 1980 British Lions rugby tour of South Africa that proceeded despite political opposition and the Gleneagles Agreement, which discouraged sporting contacts with the apartheid regime.",https://en.wikipedia.org/wiki/1980_British_Lions_tour_to_South_Africa,9,2
NHB-E0594,501,Corruption & Political Scandals,1974 British Lions tour to South Africa,"The 1974 British & Irish Lions rugby tour of South Africa, known for its undefeated record, was highly controversial for taking place during apartheid, leading to player boycotts and international condemnation.",https://en.wikipedia.org/wiki/1974_British_Lions_tour_to_South_Africa,9,2
NHB-E0595,501,Corruption & Political Scandals,1965 South Africa rugby union tour of Scotland and Ireland,A 1965 rugby tour where South Africa lost both test matches against Ireland and Scotland during the apartheid era.,https://en.wikipedia.org/wiki/1965_South_Africa_rugby_union_tour_of_Scotland_and_Ireland,9,2
NHB-E0596,501,Corruption & Political Scandals,"National Maternity Hospital, Dublin","A controversial plan to relocate Ireland's National Maternity Hospital to a site owned by the Sisters of Charity, a religious order implicated in Magdalene Laundry abuses, raising concerns about Catholic influence over reproductive healthcare.","https://en.wikipedia.org/wiki/National_Maternity_Hospital,_Dublin",9,2
NHB-E0597,501,Corruption & Political Scandals,Parnell Commission,"A late 1880s British judicial inquiry that investigated Irish leader Charles Stewart Parnell, ultimately exposing forged letters by The Times that falsely linked him to political murders and clearing his name.",https://en.wikipedia.org/wiki/Parnell_Commission,9,0
NHB-E0598,501,Corruption & Political Scandals,1994 Irish government crisis,"A 1994 Irish political crisis where the Fianna Fáil-Labour coalition collapsed without an election, leading to a unique transfer of power to a Fine Gael-Labour-Democratic Left government.",https://en.wikipedia.org/wiki/1994_Irish_government_crisis,9,2
NHB-E0599,501,Corruption & Political Scandals,2011 Irish presidential election,"The 2011 Irish presidential election featured a record seven candidates and resulted in Michael D. Higgins' victory, becoming the first president to receive over one million votes.",https://en.wikipedia.org/wiki/2011_Irish_presidential_election,9,2
NHB-E0600,501,Corruption & Political Scandals,2014 GSOC bugging scandal,"A 2014 scandal where Ireland's police watchdog GSOC discovered its offices had been bugged using sophisticated surveillance technology, leading to the resignations of both the Garda Commissioner and Justice Minister.",https://en.wikipedia.org/wiki/2014_GSOC_bugging_scandal,9,2
NHB-E0601,601,Corruption & Political Scandals,Irish Army deafness claims,"A series of personal injury claims (1992-2002) where Irish soldiers sued the state for hearing loss from inadequate ear protection during training, costing €300 million in payouts.",https://en.wikipedia.org/wiki/Irish_Army_deafness_claims,9,1
NHB-E0602,602,Corruption & Political Scandals,Department of Health autism dossiers scandal,"An Irish scandal where the Department of Health secretly compiled confidential dossiers on children with autism involved in legal actions against the state, without informing their families.",https://en.wikipedia.org/wiki/Department_of_Health_autism_dossiers_scandal,9,3
NHB-E0603,603,Corruption & Political Scandals,Esat Digifone licence controversy,"The Moriarty Tribunal found that businessman Denis O'Brien made payments to Fine Gael while seeking Ireland's second mobile phone license, and that Minister Michael Lowry improperly influenced the process in favor of O'Brien's consortium.",https://en.wikipedia.org/wiki/Esat_Digifone_licence_controversy,9,1
NHB-E0604,604,Corruption & Political Scandals,Ivor Callely expenses scandal,"An Irish political scandal where Senator Ivor Callely was jailed for fraudulently claiming over €81,000 in travel expenses by falsely designating a Cork property as his primary residence while living in Dublin.",https://en.wikipedia.org/wiki/Ivor_Callely_expenses_scandal,9,3
NHB-E0605,605,Corruption & Political Scandals,FÁS expenses scandal,"An Irish scandal where the head of the state training agency FÁS resigned after revelations of lavish spending on first-class travel and golf trips to the US, costing hundreds of thousands in public funds.",https://en.wikipedia.org/wiki/FÁS_expenses_scandal,9,1
NHB-E0606,606,Corruption & Political Scandals,John O'Donoghue expenses scandal,"An Irish political scandal where Ceann Comhairle John O'Donoghue resigned in 2009 after revelations he spent over €550,000 on lavish travel and expenses, including luxury trips for his wife.",https://en.wikipedia.org/wiki/John_O%27Donoghue_expenses_scandal,9,3
NHB-E0607,607,Corruption & Political Scandals,Garda phone recordings scandal,"An Irish scandal where police recorded all phone calls to and from Garda stations for decades until 2013, leading to multiple high-level resignations including the Justice Minister and Garda Commissioner.",https://en.wikipedia.org/wiki/Garda_phone_recordings_scandal,9,3
NHB-E0608,608,Corruption & Political Scandals,Irish defective block crisis,"A major Irish housing crisis where thousands of homes in Donegal and Mayo are crumbling due to defective concrete blocks containing excessive mica and pyrite, requiring massive government redress.",https://en.wikipedia.org/wiki/Irish_defective_block_crisis,9,3
NHB-E0609,609,Corruption & Political Scandals,Irish phone tapping scandal,"A 1982 Irish political scandal where the outgoing Fianna Fáil government illegally tapped journalists' phones, including Geraldine Kennedy and Bruce Arnold, to monitor their reporting.",https://en.wikipedia.org/wiki/Irish_phone_tapping_scandal,9,0
NHB-E0610,610,Corruption & Political Scandals,JobBridge,An Irish government internship scheme criticized as exploitative for replacing paid jobs with unpaid labor and massaging unemployment statistics.,https://en.wikipedia.org/wiki/JobBridge,9,1
NHB-E0611,611,Corruption & Political Scandals,Mnet vote manipulation investigation,"The ""Produce X 101"" vote-rigging scandal erupted in 2019 when viewers discovered mathematical proof that the show's producers had manipulated the final rankings, leading to lawsuits and criminal convictions.",https://en.wikipedia.org/wiki/Mnet_vote_manipulation_investigation,9,1
NHB-E0612,612,Corruption & Political Scandals,Katherine Zappone controversy,"A 2021 Irish political scandal where former minister Katherine Zappone hosted a 50-person outdoor hotel gathering during COVID-19 restrictions, shortly before her controversial appointment to a UN envoy role, which she later declined.",https://en.wikipedia.org/wiki/Katherine_Zappone_controversy,9,2
NHB-E0613,613,Corruption & Political Scandals,Lowry Tapes,"A 2013 Irish political scandal where leaked tapes revealed Independent TD Michael Lowry discussing an undeclared €250,000 payment, raising questions about whether he misled the Moriarty Tribunal.",https://en.wikipedia.org/wiki/Lowry_Tapes,9,2
NHB-E0614,614,Corruption & Political Scandals,Oireachtas Golf Society scandal,"A 2020 Irish political scandal where 81 politicians and officials attended a golf society dinner during COVID-19 restrictions, leading to the resignation of Agriculture Minister Dara Calleary and EU Commissioner Phil Hogan.",https://en.wikipedia.org/wiki/Oireachtas_Golf_Society_scandal,9,3
NHB-E0615,615,Corruption & Political Scandals,Philip Sheedy affair,"A 1990s Irish judicial scandal where a convicted drunk driver had his sentence improperly reduced after political connections intervened, leading to the resignations of two judges.",https://en.wikipedia.org/wiki/Philip_Sheedy_affair,9,1
NHB-E0616,616,Corruption & Political Scandals,Shooting of Brian Stack,"The 1983 IRA assassination of Irish prison officer Brian Stack, which became a political controversy in 2016 when Sinn Féin leader Gerry Adams was accused of knowing the killers' identities.",https://en.wikipedia.org/wiki/Shooting_of_Brian_Stack,9,1
NHB-E0617,617,Corruption & Political Scandals,Willie O'Dea affidavit incident,An Irish political scandal where Defense Minister Willie O'Dea resigned in 2010 after swearing a false affidavit about spreading rumors linking a political rival to a brothel.,https://en.wikipedia.org/wiki/Willie_O%27Dea_affidavit_incident,9,1
NHB-E0618,618,Corruption & Political Scandals,2018 North Antrim recall petition,A 2018 recall petition against Northern Ireland MP Ian Paisley Jr that failed after he was suspended from Parliament for undeclared luxury trips paid for by the Sri Lankan government.,https://en.wikipedia.org/wiki/2018_North_Antrim_recall_petition,9,3
NHB-E0619,619,Corruption & Political Scandals,Renewable Heat Incentive scandal,"A major Northern Irish political scandal where a poorly designed green energy scheme overseen by DUP leader Arlene Foster cost taxpayers nearly £500 million, causing the government's collapse in 2017.",https://en.wikipedia.org/wiki/Renewable_Heat_Incentive_scandal,9,1
NHB-E0620,620,Corruption & Political Scandals,Red Sky scandal,"A Northern Irish political scandal where the DUP government improperly pressured a housing official to maintain contracts with Red Sky, a company caught overcharging for shoddy maintenance work.",https://en.wikipedia.org/wiki/Red_Sky_scandal,9,1
NHB-E0621,621,Corruption & Political Scandals,Namagate,"A major Irish financial scandal involving NAMA's controversial £1.3 billion ""Project Eagle"" sale of Northern Irish property loans, featuring allegations of £7 million in fixer fees earmarked for a politician.",https://en.wikipedia.org/wiki/Namagate,9,1
NHB-E0622,622,Corruption & Political Scandals,Iris Robinson scandal,"A 2010 Northern Irish political scandal where DUP MP Iris Robinson was expelled from politics for an affair and obtaining £50,000 in loans for her lover's business while failing to declare her interest.",https://en.wikipedia.org/wiki/Iris_Robinson_scandal,9,3
NHB-E0623,623,Corruption & Political Scandals,Irish Hospitals' Sweepstake,"The Irish Hospitals' Sweepstake was a massive, privately-run lottery from 1930 to 1986, famous for funding Irish hospitals but also notorious for enriching its founders with a large share of the profits while a relatively small portion of the revenue actually reached charitable causes.",https://en.wikipedia.org/wiki/Irish_Hospitals%27_Sweepstake,9,3
NHB-E0624,624,Corruption & Political Scandals,RTÉ secret payment scandal,"A 2023 scandal where Ireland's public broadcaster RTÉ concealed €345,000 in secret payments to top presenter Ryan Tubridy, using creative accounting and barter accounts, leading to the resignation of the director general and parliamentary investigations.",https://en.wikipedia.org/wiki/RTÉ_secret_payment_scandal,9,2
NHB-E0625,625,Corruption & Political Scandals,Zsolt Borkai,"A 2019 Hungarian political scandal where Mayor Zsolt Borkai was forced to resign after a video showed him in a yacht orgy, leading to corruption allegations and his eventual political downfall.",https://en.wikipedia.org/wiki/Zsolt_Borkai#Controversy,9,1
NHB-E0626,626,Corruption & Political Scandals,József Szájer,"A 2020 scandal where Hungarian MEP József Szájer, a founding member of the ruling Fidesz party, was caught fleeing a 25-man gay orgy in Brussels during COVID lockdowns, with ecstasy found in his backpack, exposing hypocrisy in the conservative government.",https://en.wikipedia.org/wiki/József_Szájer,9,1
NHB-E0627,627,Corruption & Political Scandals,Gergő Bese,"A 2024 Hungarian scandal where Catholic priest Gergő Bese, a prominent pro-government influencer and anti-LGBTQ activist, was defrocked after being exposed for having gay relationships and attending sex parties.",https://en.wikipedia.org/wiki/Gergő_Bese,9,1
NHB-E0628,628,Corruption & Political Scandals,Gábor Kaleta,"A Hungarian diplomatic scandal where ambassador Gábor Kaleta was caught purchasing child pornography from the ""Welcome to Video"" site, receiving only a suspended sentence, which the government then used to justify its controversial ""anti-pedophile"" law targeting LGBTQ content.",https://en.wikipedia.org/wiki/Gábor_Kaleta,9,1
NHB-E0629,629,Corruption & Political Scandals,Duna-gate,"A 1990 Hungarian political scandal where it was revealed that the former communist secret services continued illegally wiretapping political opponents even after the regime change, leading to protests and ministerial resignations.",https://en.wikipedia.org/wiki/Duna-gate,9,0
NHB-E0630,630,Corruption & Political Scandals,Fake party,"A Hungarian political phenomenon where sham ""business parties"" are created to receive state funding and confuse opposition voters, diverting millions in subsidies since the 2014 elections.",https://en.wikipedia.org/wiki/Fake_party,9,1
NHB-E0631,631,Corruption & Political Scandals,Franc affair,"The Franc affair was a 1920s Hungarian nationalist conspiracy to forge French francs, led by Prince Lajos Windischgraetz to fund a coup and retaliate against France; the plot was exposed in 1925, leading to light sentences for the conspirators and prompting the 1929 international anti-counterfeiting convention.",https://en.wikipedia.org/wiki/Franc_affair,9,1
NHB-E0632,632,Corruption & Political Scandals,Ferenc Gyurcsány plagiarism controversy,"The Ferenc Gyurcsány plagiarism controversy involved allegations that former Hungarian Prime Minister Ferenc Gyurcsány’s 1984 college thesis was plagiarized from his brother-in-law’s 1980 work, after his thesis went missing during the 2012 academic misconduct scandal following President Pál Schmitt’s resignation.",https://en.wikipedia.org/wiki/Ferenc_Gyurcsány_plagiarism_controversy,9,3
NHB-E0633,633,Corruption & Political Scandals,Handkerchief vote,"The handkerchief vote (zsebkendőszavazás) was a controversial parliamentary vote in Hungary on 18 November 1904, in which House President Dezső Perczel allegedly signaled Liberal Party deputies to approve a rules change by waving a handkerchief, curtailing opposition obstruction tactics; the maneuver caused a party split, contributed to the 1905–1906 Hungarian political crisis, and led to the eventual dissolution of the Liberal Party.",https://en.wikipedia.org/wiki/Handkerchief_vote,9,2
NHB-E0634,634,Corruption & Political Scandals,Katalin Novák presidential pardon scandal,"In February 2024, Hungary’s President Katalin Novák resigned after pardoning Endre Kónya, a convicted deputy director involved in coercing a child sexual abuse victim, sparking public outrage and prompting Justice Minister Judit Varga’s resignation.",https://en.wikipedia.org/wiki/Katalin_Novák_presidential_pardon_scandal,9,1
NHB-E0635,635,Corruption & Political Scandals,Őszöd speech,"In 2006, Hungarian PM Ferenc Gyurcsány’s leaked Őszöd speech admitting his government misled voters sparked mass protests, collapsing the Socialist Party’s credibility and paving the way for Fidesz’s 2010 supermajority.",https://en.wikipedia.org/wiki/Őszöd_speech,9,1
NHB-E0636,636,Corruption & Political Scandals,Pegasus Project (investigation),"The Pegasus Project (2021) exposed governments’ use of NSO Group’s Pegasus spyware to secretly surveil journalists, activists, politicians, and dissidents worldwide, revealing serious threats to privacy and democracy.",https://en.wikipedia.org/wiki/Pegasus_Project_(investigation),9,1
NHB-E0637,637,Corruption & Political Scandals,Pál Schmitt academic misconduct controversy,"The Pál Schmitt academic misconduct scandal (2012) involved plagiarism in Schmitt’s 1992 doctoral thesis, leading to the withdrawal of his doctorate and his resignation as President of Hungary.",https://en.wikipedia.org/wiki/Pál_Schmitt_academic_misconduct_controversy,9,3
NHB-E0638,638,Corruption & Political Scandals,Zsolt Semjén academic misconduct controversy,"The Zsolt Semjén academic misconduct controversy (2012) involved allegations of plagiarism and multiple submissions in his 1991 theology and 1992 sociology theses, with an investigation finding serious ethical misconduct but no official sanctions.",https://en.wikipedia.org/wiki/Zsolt_Semjén_academic_misconduct_controversy,9,3
NHB-E0639,639,Corruption & Political Scandals,2015 Ghana Judiciary scandal,"The 2015 Ghana judiciary corruption scandal involved undercover evidence by Anas Aremyaw Anas exposing bribery, leading to the suspension of 22 lower court judges and investigation of 12 High Court judges.",https://en.wikipedia.org/wiki/2015_Ghana_Judiciary_scandal,9,3
NHB-E0640,640,Corruption & Political Scandals,Gldani prison scandal,"The 2012 Gldani prison scandal in Georgia exposed videos of guards torturing and sexually assaulting inmates, triggering nationwide protests and the resignation of top penitentiary officials.",https://en.wikipedia.org/wiki/Gldani_prison_scandal,9,3
NHB-E0641,641,Corruption & Political Scandals,17 October affair,"The 17 October affair in 1952 saw Indonesian soldiers pressure President Sukarno to disband parliament over disputes on army reorganization and civilian interference, but Sukarno refused and later replaced much of the army high command.",https://en.wikipedia.org/wiki/17_October_affair,9,1
NHB-E0642,642,Corruption & Political Scandals,2022 AFF U-19 Youth Championship,"The AFF U-19 Championship 2022 saw controversies with Cambodia denied a legitimate goal against Laos and Vietnam and Thailand allegedly playing a mutually beneficial draw, leading to Indonesia's elimination and official protests from Cambodia and Indonesia.",https://en.wikipedia.org/wiki/2022_AFF_U-19_Youth_Championship#Controversies,9,3
NHB-E0643,643,Corruption & Political Scandals,Bank Bali scandal,"The 1999 Bank Bali scandal in Indonesia involved Golkar Party officials and the Indonesian Bank Restructuring Agency (IBRA) coercing Bank Bali chief Rudy Ramli to pay an illegal Rp546 billion commission to Era Giat Prima to recover Rp904.6 billion owed by government-taken banks, with part of the funds allegedly supporting President B.J. Habibie's re-election; the scandal, dubbed ""Baligate,"" led to public outrage but most involved were acquitted or not prosecuted.",https://en.wikipedia.org/wiki/Bank_Bali_scandal,9,3
NHB-E0644,644,Corruption & Political Scandals,Ferdy Sambo,"Brigadier Nofriansyah Yosua Hutabarat was murdered on 8 July 2022 at Ferdy Sambo’s Jakarta home in a staged “shootout,” with Sambo later charged as the mastermind of the killing.",https://en.wikipedia.org/wiki/Ferdy_Sambo#Murder_of_Brigadier_Yosua,9,0
NHB-E0645,645,Corruption & Political Scandals,Iouliana,"The ASPIDA scandal involved a secret group of junior Greek army officers allegedly opposing right-wing dominance, with controversy erupting in 1965 over claims—denied by him—that Prime Minister Georgios Papandreou’s son, Andreas Papandreou, was a member.",https://en.wikipedia.org/wiki/Iouliana#ASPIDA_scandal,9,1
NHB-E0646,646,Corruption & Political Scandals,Koskotas scandal,"The Koskotas scandal (1988–1989) involved embezzlement at the Bank of Crete implicating top Greek officials, including Prime Minister Andreas Papandreou, triggering major political turmoil and a landmark trial.",https://en.wikipedia.org/wiki/Koskotas_scandal,9,1
NHB-E0647,647,Corruption & Political Scandals,Lagarde list,"The Lagarde list (2010) is a record of roughly 2,000 Greeks with undeclared HSBC accounts, whose public disclosure by journalist Kostas Vaxevanis highlighted the government’s failure to investigate tax evasion.",https://en.wikipedia.org/wiki/Lagarde_list,9,2
NHB-E0648,648,Corruption & Political Scandals,Petsas list,"The Petsas list (2020) is a record of 1,232 Greek media outlets that received nearly €20 million from the government to promote the COVID-19 “Stay at Home” campaign, sparking allegations of media favoritism and corruption.",https://en.wikipedia.org/wiki/Petsas_list,9,1
NHB-E0649,649,Corruption & Political Scandals,Siemens Greek bribery scandal,"The Siemens bribery scandal in Greece involved alleged Siemens bribes of up to €100 million to Greek officials during the 1990s and the 2004 Olympics, leading to prosecutions, political controversy, and a €330 million government settlement.",https://en.wikipedia.org/wiki/Siemens_Greek_bribery_scandal,9,3
NHB-E0650,650,Corruption & Political Scandals,Yugoslav corn scandal,"The Yugoslav corn scandal in Greece (1986–1990) involved 20,000 tons of imported Yugoslav corn falsely labeled as Greek to claim $1.5 million in EEC subsidies, resulting in a $3.8 million fine and convictions of six officials.",https://en.wikipedia.org/wiki/Yugoslav_corn_scandal,9,3
NHB-E0651,651,Corruption & Political Scandals,Koriopolis,"Koriopolis (2011) was a Greek football match-fixing scandal involving at least 187 suspects, including officials, players, referees, and police, linked to illegal gambling, fraud, extortion, and money laundering.",https://en.wikipedia.org/wiki/Koriopolis,9,1
NHB-E0652,652,Corruption & Political Scandals,Murder of Michalis Katsouris,"Michalis Katsouris (1994–2023) was killed during hooligan riots in Nea Filadelfia, Greece, involving Bad Blue Boys, Gate 13, and AEK Athens supporters.",https://en.wikipedia.org/wiki/Murder_of_Michalis_Katsouris,9,0
NHB-E0653,653,Corruption & Political Scandals,2015 Greek football match-fixing scandal,"The 2015 Greek football scandal involved club executives, federation officials, players, and referees accused of match-fixing and blackmail, with all defendants ultimately acquitted in 2021.",https://en.wikipedia.org/wiki/2015_Greek_football_match-fixing_scandal,9,3
NHB-E0654,654,Corruption & Political Scandals,Marjan Sheikholeslami Aleagha,"Marjan Sheikholeslami Aleagha, an Iranian-Canadian businesswoman, is accused of embezzling billions from Iran’s petrochemical sector and evading sanctions, fleeing to Canada while facing multiple ongoing corruption trials in Iran.",https://en.wikipedia.org/wiki/Marjan_Sheikholeslami_Aleagha,9,3
NHB-E0655,655,Corruption & Political Scandals,2011 Iranian embezzlement scandal,"The 3,000 billion toman embezzlement scandal in Iran (≈US$943.5 million) involved forged documents to obtain bank credit for buying privatized state-owned companies, masterminded by Mahafarid Amir Khosravi, resulting in 31 arrests and his execution in 2014; it implicated politically sensitive figures, including Esfandiar Rahim Mashaei.",https://en.wikipedia.org/wiki/2011_Iranian_embezzlement_scandal,9,3
NHB-E0656,656,Corruption & Political Scandals,2023 Iranian tea smuggling scandal,"The 2023 Iranian tea smuggling scandal involved Debsh Tea allegedly misappropriating $3.37 billion in government-subsidized foreign currency for tea and equipment imports between 2019–2022, selling part on the open market for profit, mislabeling low-quality tea as premium Indian tea, and implicating multiple high-ranking officials across presidential administrations.",https://en.wikipedia.org/wiki/2023_Iranian_tea_smuggling_scandal,9,3
NHB-E0657,657,Corruption & Political Scandals,Iran Insurance embezzlement case,"The Iran Insurance embezzlement case (2010) involved the state-owned Iran Insurance Company, with key perpetrators linked to Ahmadinejad’s Fatemi Circle, and was controversially appealed alongside the 2011 Iranian embezzlement scandal.",https://en.wikipedia.org/wiki/Iran_Insurance_embezzlement_case,9,3
NHB-E0658,658,Corruption & Political Scandals,Statoil corruption case,"The Statoil corruption case (2002–2003) involved Norwegian company Statoil paying $15.2 million to Horton Investments, owned by Mehdi Hashemi Rafsanjani, to bribe Iranian officials for oil contracts; Rafsanjani was later sentenced to 10 years in Iran but served 7.",https://en.wikipedia.org/wiki/Statoil_corruption_case,9,3
NHB-E0659,659,Corruption & Political Scandals,Missing Iranian oil rig,"The Missing Iranian oil rig (GSP Fortuna) scandal involved Iran’s IOEC paying $87–88 million for a 1985-built rig that was never delivered, with the deal funneled through a Dubai shell company; middleman Reza Mostafavi Tabatabaei was later accused of embezzlement.",https://en.wikipedia.org/wiki/Missing_Iranian_oil_rig,9,1
NHB-E0660,660,Corruption & Political Scandals,Chain murders of Iran,"The chain murders of Iran (1988–1998) were politically motivated assassinations and disappearances of over 80 dissident intellectuals and critics of the Islamic Republic, carried out by rogue elements within Iran’s Ministry of Intelligence; official investigations blamed a small group led by Saeed Emami, but many believe higher-level clerics or hardline factions orchestrated the killings.",https://en.wikipedia.org/wiki/Chain_murders_of_Iran,9,3
NHB-E0661,661,Corruption & Political Scandals,Gilan sex scandals,"The Gilan sex scandals (July 2023) involved leaked videos showing ultra-conservative Iranian officials in Gilan province engaging in homosexual acts, highlighting hypocrisy within the Ministry of Culture and Islamic Guidance; the matter was referred to judicial authorities amid public outrage.",https://en.wikipedia.org/wiki/Gilan_sex_scandals,9,2
NHB-E0662,662,Corruption & Political Scandals,Iranian sex tape scandal,"The Iranian sex tape scandal (2006) involved actress Zahra Amir Ebrahimi and an associate producer allegedly appearing in a private explicit video; the tape’s release sparked public outrage, ended her career, and led Iran’s parliament to criminalize private production of sexually explicit media with the death penalty.",https://en.wikipedia.org/wiki/Iranian_sex_tape_scandal,9,3
NHB-E0663,663,Corruption & Political Scandals,Saeed Toosi,"The Mohammad Toosi scandal (2016–2018) involved allegations that he sexually abused up to nineteen prepubescent Qur’an students, with claims of a judicial and governmental cover-up; he denied the accusations and was acquitted by Tehran’s court in 2018, which ruled that even if proven, the acts did not constitute a prosecutable crime under Iranian law.",https://en.wikipedia.org/wiki/Saeed_Toosi,9,1
NHB-E0664,664,Corruption & Political Scandals,Volkswagen emissions scandal,"The Volkswagen emissions scandal (Dieselgate) was a 2015 case in which Volkswagen was found to have installed defeat device software in 11 million diesel vehicles to cheat emissions tests, causing them to emit up to 40 times the legal NOx limit during real driving; the company faced global investigations, over $33 billion in fines and settlements, executive resignations, and criminal charges for systematic fraud and environmental deception.",https://en.wikipedia.org/wiki/Volkswagen_emissions_scandal,9,3
NHB-E0665,665,Corruption & Political Scandals,Lohmann Affair,"The Lohmann Affair (1927) was a Weimar Republic scandal exposing a secret German rearmament program hidden through the bankrupt Phoebus Film AG, resulting in the dismissal of naval leaders Walter Lohmann and Hans Zenker and the resignation of Defense Minister Otto Gessler.",https://en.wikipedia.org/wiki/Lohmann_Affair,9,1
NHB-E0666,666,Corruption & Political Scandals,Konitz affair,"The Konitz affair (1900) was a blood libel case in Prussia where the murder of student Ernst Winter was falsely blamed on Jews, sparking violent anti-Semitic riots and trials before courts ultimately ruled all accusations baseless.",https://en.wikipedia.org/wiki/Konitz_affair,9,1
NHB-E0667,667,Corruption & Political Scandals,2006 Idomeneo controversy,"The 2006 Deutsche Oper Berlin Idomeneo controversy arose when performances were canceled over security fears due to a scene showing severed heads of religious figures including Muhammad, sparking European debate on censorship and freedom of expression",https://en.wikipedia.org/wiki/2006_Idomeneo_controversy,9,3
NHB-E0668,668,Corruption & Political Scandals,FlowTex,"The FlowTex scandal was a massive German fraud case where only 181 drilling machines were repeatedly sold using falsified documents, securing over €2 billion in fake loans and becoming Germany’s largest white-collar crime case.",https://en.wikipedia.org/wiki/FlowTex,9,1
NHB-E0669,669,Corruption & Political Scandals,2005 German football match-fixing scandal,"The 2005 German football match-fixing scandal involved referee Robert Hoyzer, who admitted to manipulating lower-division and cup matches for betting profits, marking Germany’s biggest football controversy since the 1970s.",https://en.wikipedia.org/wiki/2005_German_football_match-fixing_scandal,9,3
NHB-E0670,670,Corruption & Political Scandals,Doping in East Germany,"East Germany’s state-sponsored doping program (1960s–1980s) systematically administered steroids to athletes, including minors, to boost Olympic success, leading to widespread health damage and later criminal convictions of sports officials.",https://en.wikipedia.org/wiki/Doping_in_East_Germany,9,3
NHB-E0671,671,Corruption & Political Scandals,1971 Bundesliga scandal,"The 1971 Bundesliga scandal exposed widespread match-fixing after an Offenbach official revealed taped bribery offers, leading to bans for dozens of players and officials and the relegation of Arminia Bielefeld.",https://en.wikipedia.org/wiki/1971_Bundesliga_scandal,9,3
NHB-E0672,672,Corruption & Political Scandals,Sachsensumpf,"The Sachsensumpf scandal (2007) involved allegations of political and judicial corruption in Saxony linked to 1990s child prostitution and real estate crimes, though official investigations found no proof of the alleged criminal networks.",https://en.wikipedia.org/wiki/Sachsensumpf,9,1
NHB-E0673,673,Corruption & Political Scandals,Günter Kießling,"The Kießling Affair (1983) involved German General Günter Kießling’s forced early retirement from NATO command over false accusations of homosexuality, later proven unfounded and followed by his reinstatement and rehabilitation.",https://en.wikipedia.org/wiki/Günter_Kießling,9,1
NHB-E0674,674,Corruption & Political Scandals,Blomberg–Fritsch affair,"The Blomberg–Fritsch Affair (1938) involved the forced resignation of War Minister Werner von Blomberg over his wife’s criminal and pornographic past, followed by the orchestrated accusation of homosexuality against Army Commander Werner von Fritsch, weakening the Wehrmacht and consolidating Hitler’s control over the German military.",https://en.wikipedia.org/wiki/Blomberg–Fritsch_affair,9,3
NHB-E0675,675,Corruption & Political Scandals,Eulenburg affair,"The Eulenburg Affair (1907–1909) was a high-profile scandal in Imperial Germany involving accusations of homosexual conduct among Kaiser Wilhelm II’s close associates, including Philipp, Prince of Eulenburg, and General Kuno von Moltke, sparking widespread publicity, libel trials, and public debate on homosexuality, and influencing domestic and foreign perceptions of the German leadership.",https://en.wikipedia.org/wiki/Eulenburg_affair,9,2
NHB-E0676,676,Corruption & Political Scandals,Röhm scandal,"The Röhm scandal (1931–1932) involved the public exposure of Nazi leader Ernst Röhm’s homosexuality, used by political opponents to attack the Nazi Party; despite multiple trials and media coverage, Röhm was never convicted, remained protected by Hitler, and was later executed in 1934 during the Night of the Long Knives, after which the Nazi regime intensified persecution of homosexual men.",https://en.wikipedia.org/wiki/Röhm_scandal,9,1
NHB-E0677,677,Corruption & Political Scandals,Alternative for Germany donation scandal,"The Alternative for Germany (AfD) donation scandal, revealed in 2018, involved the party illegally receiving undeclared funds—over €282,000 before the 2017 election and additional payments—mostly traced to billionaire Henning Conle, resulting in the AfD being fined over €500,000.",https://en.wikipedia.org/wiki/Alternative_for_Germany_donation_scandal,9,2
NHB-E0678,678,Corruption & Political Scandals,Barmat scandal,"The Barmat scandal (1925) involved corruption, fraud, and bribery between SPD officials and Jewish businessman Julius Barmat, damaging the SPD, fueling right-wing attacks, and contributing to Paul von Hindenburg’s presidential election.",https://en.wikipedia.org/wiki/Barmat_scandal,9,1
NHB-E0679,679,Corruption & Political Scandals,Bavaria casino scandal,"The Bavarian casino scandal (1955–1957) involved allegations of bribery and improper influence in the granting of casino licenses, with political figures including Interior Minister August Geislhöringer and Deputy Minister President Joseph Baumgartner under scrutiny; though investigations found no definitive evidence, the controversy weakened the Bavaria Party, contributed to the resignation of Minister President Wilhelm Hoegner in 1957, and enabled the CSU under Hanns Seidel to form a new government.",https://en.wikipedia.org/wiki/Bavaria_casino_scandal,9,3
NHB-E0680,680,Corruption & Political Scandals,CDU donations scandal,"The CDU donations scandal (late 1990s–2000) involved illegal party financing by Germany's Christian Democratic Union, including hidden donations, undisclosed cash contributions, secret bank accounts, and illicit foreign transfers; the revelation of the scandal led to the decline of Helmut Kohl and Wolfgang Schäuble’s influence and the rise of Angela Merkel and Roland Koch within the party.",https://en.wikipedia.org/wiki/CDU_donations_scandal,9,1
NHB-E0681,681,Corruption & Political Scandals,Fibag scandal,"The Fibag scandal (1961–1962) was a West German political controversy in which Defense Minister Franz Josef Strauss was accused of corruption for favoring a company linked to a friend, leading to a parliamentary investigation and contributing to his temporary political downfall.",https://en.wikipedia.org/wiki/Fibag_scandal,9,2
NHB-E0682,682,Corruption & Political Scandals,Filbinger affair,"The Filbinger affair (1978) involved Hans Filbinger, Prime Minister of Baden-Württemberg, whose Nazi-era role as a naval judge approving death sentences led to public controversy, loss of political support, and his resignation.",https://en.wikipedia.org/wiki/Filbinger_affair,9,2
NHB-E0683,683,Corruption & Political Scandals,Flick affair,"The Flick affair (1975–1984) was a West German political scandal in which the Flick conglomerate made illicit donations to multiple political parties, leading to ministerial resignations and public exposure of widespread political bribery.",https://en.wikipedia.org/wiki/Flick_affair,9,2
NHB-E0684,684,Corruption & Political Scandals,German Taurus leak,"The German Taurus leak (2024) was a military communications breach in which Russia released a top-secret German Air Force discussion on supplying Taurus missiles to Ukraine, causing political embarrassment and highlighting operational security weaknesses.",https://en.wikipedia.org/wiki/German_Taurus_leak,9,3
NHB-E0685,685,Corruption & Political Scandals,2005 German visa affair,"The German Visa Affair (2005) involved controversy over eased visa procedures that allegedly enabled illegal immigration and human trafficking, leading to political resignations and damaging the Green Party’s reputation.",https://en.wikipedia.org/wiki/2005_German_visa_affair,9,2
NHB-E0686,686,Corruption & Political Scandals,Guillaume affair,"The Guillaume affair (1974) was a Cold War espionage scandal in which East German spy Günter Guillaume infiltrated West Germany’s government, leading to Chancellor Willy Brandt’s resignation.",https://en.wikipedia.org/wiki/Guillaume_affair,9,2
NHB-E0687,687,Corruption & Political Scandals,Plutonium affair,"The Plutonium Affair (1995) was a German scandal in which the BND orchestrated the illegal transport of plutonium from Moscow to Munich, exposing security lapses and sparking legal and political controversy.",https://en.wikipedia.org/wiki/Plutonium_affair,9,1
NHB-E0688,688,Corruption & Political Scandals,Daily Telegraph Affair,The Daily Telegraph Affair (1908) was a diplomatic scandal in which Kaiser Wilhelm II’s published remarks damaged German–British relations and severely undermined his reputation at home.,https://en.wikipedia.org/wiki/Daily_Telegraph_Affair,9,3
NHB-E0689,689,Corruption & Political Scandals,Sklarek scandal,"The Sklarek scandal (1927–1932) was a Weimar Germany political and financial scandal in which the Sklarek brothers committed large-scale municipal fraud, leading to widespread corruption investigations, political fallout, and later Nazi exploitation of the case.",https://en.wikipedia.org/wiki/Sklarek_scandal,9,2
NHB-E0690,690,Corruption & Political Scandals,Spiegel affair,The Spiegel Affair (1962) was a West German political scandal in which Defense Minister Franz Josef Strauss’s conflict with Der Spiegel over a defense article led to arrests for treason and highlighted press freedom.,https://en.wikipedia.org/wiki/Spiegel_affair,9,2
NHB-E0691,691,Corruption & Political Scandals,Wirecard,"The Wirecard scandal (2020) was an international financial scandal in which the German payments company Wirecard falsely reported €1.9 billion in cash, leading to insolvency, executive arrests, and ongoing criminal investigations.",https://en.wikipedia.org/wiki/Wirecard,9,1
NHB-E0692,692,Corruption & Political Scandals,Wittorf affair,"The Wittorf affair (1928) was a KPD scandal in which Ernst Thälmann attempted to cover up embezzlement by a close associate, was temporarily ousted, and then reinstated through Stalin’s intervention, leading to the party’s Stalinization and purge of moderates.",https://en.wikipedia.org/wiki/Wittorf_affair,9,2
NHB-E0693,693,Corruption & Political Scandals,2006 German troops controversy,"The German skull scandal (2006) involved troops posing with human remains in Afghanistan, provoking national and international outrage over military conduct.",https://en.wikipedia.org/wiki/2006_German_troops_controversy,9,3
NHB-E0694,694,Corruption & Political Scandals,Day X plot,"The Day X plot (2017) was an alleged plan by German KSK officers to assassinate left-leaning politicians, which led to arrests but no convictions and has been described by some as a politicized exaggeration.",https://en.wikipedia.org/wiki/Day_X_plot,9,1
NHB-E0695,695,Corruption & Political Scandals,Great Phenol Plot,The Great Phenol Plot (World War I) was a clandestine German scheme to divert U.S.-produced phenol away from British explosives manufacture so German-linked Bayer could continue aspirin production — High confidence.,https://en.wikipedia.org/wiki/Great_Phenol_Plot,9,3
NHB-E0696,696,Corruption & Political Scandals,2009 Kunduz airstrike,"The 2009 Kunduz airstrike was a U.S. attack called in by German forces in Afghanistan that killed over 100 civilians, prompting political backlash and ex gratia payments by Germany.",https://en.wikipedia.org/wiki/2009_Kunduz_airstrike,9,2
NHB-E0697,697,Corruption & Political Scandals,Oath crisis,"The Oath Crisis (1917) was a World War I conflict in which Polish Legion soldiers, led by Józef Piłsudski, refused to swear allegiance to Kaiser Wilhelm II, resulting in arrests, internments, and the dissolution of the Provisional Council of State.",https://en.wikipedia.org/wiki/Oath_crisis,9,2
NHB-E0698,698,Corruption & Political Scandals,Prüm explosion,"The Prüm ammunition depot explosion (15 July 1949) was a catastrophic blast in West Germany that destroyed much of the town, killed 12 people, and left the cause of the fire and explosion unknown.",https://en.wikipedia.org/wiki/Prüm_explosion,9,0
NHB-E0699,699,Corruption & Political Scandals,Rudel Scandal,"The Rudel Scandal (1976) was a German political controversy over Bundeswehr officers honoring former Nazi ace Hans-Ulrich Rudel, leading to forced retirements and political fallout for the Defense Minister.",https://en.wikipedia.org/wiki/Rudel_Scandal,9,1
NHB-E0700,700,Corruption & Political Scandals,Zabern Affair,"The Zabern (Saverne) Affair (1913) was a German Empire crisis in which military mistreatment of Alsatians sparked political unrest and Reichstag debates, damaging Kaiser Wilhelm II’s prestige.",https://en.wikipedia.org/wiki/Zabern_Affair,9,2
NHB-E0701,701,Corruption & Political Scandals,"""False positives"" scandal","The Colombian ""false positives"" scandal (2002–2009) involved military forces murdering civilians and falsely presenting them as combatant casualties to inflate body counts and gain promotions.","https://en.wikipedia.org/wiki/""False_positives""_scandal",9,3
NHB-E0702,702,Corruption & Political Scandals,Operation 14 July,"Operation 14 July (2003) was a failed French mission to rescue Íngrid Betancourt from FARC captivity in Colombia, which sparked a political scandal in France after the operation’s details were leaked.",https://en.wikipedia.org/wiki/Operation_14_July,9,2
NHB-E0703,703,Corruption & Political Scandals,Aída Merlano,"Aida Merlano scandal (2018–2019) involved the Colombian senator’s election campaign using a sophisticated voter-buying scheme, leading to her detention, loss of office, and a 15-year prison sentence.",https://en.wikipedia.org/wiki/Aída_Merlano#Conviction_for_electoral_crimes,9,1
NHB-E0704,704,Corruption & Political Scandals,Proceso 8000,"Process 8000 (1994) was a Colombian scandal alleging that Ernesto Samper’s presidential campaign received drug cartel funding, resulting in convictions of associates but exonerating Samper himself.",https://en.wikipedia.org/wiki/Proceso_8000,9,1
NHB-E0705,705,Corruption & Political Scandals,Yidispolitics Scandal,"Yidispolitics (2008) was a Colombian scandal in which ex-politician Yidis Medina admitted receiving bribes to support Álvaro Uribe Vélez’s constitutional reform for re-election, resulting in her conviction and ongoing investigations of other officials.",https://en.wikipedia.org/wiki/Yidispolitics_Scandal,9,2
NHB-E0706,706,Corruption & Political Scandals,SQM case,"The SQM Case in Chile involves the mining company Sociedad Química y Minera under investigation for diverting funds to politicians through fake invoices, linked to tax fraud and campaign finance violations; it overlaps with the Penta Case and has led to six defendants being charged, with SQM also settling U.S. Foreign Corrupt Practices Act charges for $15 million.",https://en.wikipedia.org/wiki/SQM_case,9,1
NHB-E0707,707,Corruption & Political Scandals,Alejandrina Cox incident,"The Alejandrina Cox incident in Chile (27 June 1973) involved General Carlos Prats firing at a civilian vehicle during a traffic altercation, mistaking driver Alejandrina Cox for a man mocking him; the resulting public outrage damaged his credibility and led to his resignation in August 1973, paving the way for Augusto Pinochet's rise before the September coup.",https://en.wikipedia.org/wiki/Alejandrina_Cox_incident,9,2
NHB-E0708,708,Corruption & Political Scandals,Corruption in Chile,"The 2005 PGE and Chiledeportes scandals in Chile involved misuse of public employment and sports program funds, with payments diverted to political campaigns; multiple officials were investigated or removed, audits revealed widespread irregularities, and the government restructured oversight to prevent further abuse.",https://en.wikipedia.org/wiki/Corruption_in_Chile,9,1
NHB-E0709,709,Corruption & Political Scandals,MOP-Gate case,"The MOP-Gate scandal in Chile (2003–2010) exposed large-scale embezzlement and contract irregularities within the Ministry of Public Works, with funds diverted to a consulting firm and 22 public and private officials charged; convictions led to suspended sentences, and the scandal prompted civil service reforms, including the creation of the Alta Dirección Pública to improve transparency and reduce political patronage.",https://en.wikipedia.org/wiki/MOP-Gate_case,9,1
NHB-E0710,710,Corruption & Political Scandals,Cuban packages,"The Cuban Packages (1972) in Chile involved smuggled arms—automatic weapons, grenades, and ammunition—allegedly intended to form a revolutionary force, with President Salvador Allende, Interior Minister Hernán del Canto, and Civil Police Director Eduardo Paredes implicated; the packages arrived regularly from Cuba via diplomatic pouches and were cited by the Chamber of Deputies as evidence of governmental illegality.",https://en.wikipedia.org/wiki/Cuban_packages,9,1
NHB-E0711,711,Corruption & Political Scandals,Inverlink case,"The Inverlink case (early 2000s, Chile) was a business and political bribery scandal in which the financial group Inverlink obtained insider information from Central Bank secretary Pamela Andrada and bribed CORFO employees to use government certificates of deposit as collateral, causing over $100 million in losses; the scandal led to the resignation of Central Bank chairman Carlos Massad and securities regulator Álvaro Clarke.",https://en.wikipedia.org/wiki/Inverlink_case,9,2
NHB-E0712,712,Corruption & Political Scandals,Kodama case,"The Kodama case (Chile, 2011) involved a payment controversy in the Ministry of Housing and Urban Development under Magdalena Matte, where a judicial agreement authorized 17 billion pesos to the contractor Kodama Ltda. for construction works originally valued at 3 billion pesos; the payment was halted following Comptroller review, amid disputes over Transantiago bus lane project cost overruns and administrative mismanagement.",https://en.wikipedia.org/wiki/Kodama_case,9,1
NHB-E0713,713,Corruption & Political Scandals,Assassination of Orlando Letelier,"The assassination of Orlando Letelier (Washington, D.C., 21 September 1976) was a politically motivated killing carried out by Chile's secret police (DINA) under Augusto Pinochet as part of Operation Condor. Letelier, a former diplomat and outspoken critic of Pinochet living in exile, was killed by a car bomb along with Ronni Karpen Moffitt; the murder aimed to silence a leading voice of Chilean resistance and disrupt international opposition to the Pinochet regime.",https://en.wikipedia.org/wiki/Assassination_of_Orlando_Letelier,9,2
NHB-E0714,714,Corruption & Political Scandals,Pinocheques,"The Pinocheques scandal (Chile, 1987–2010) involved three payments totaling US$3,000,000 from the Chilean army to Augusto Pinochet Jr. for the purchase of the bankrupt rifle company Valmoval, with no clear justification. Investigated by a 1990 parliamentary committee, the case provoked Pinochet’s “ejercicio de enlace” military standoff to halt inquiries. Subsequent judicial investigations, including a 2010 probe into whether the funds were linked to Pinochet’s secret Riggs Bank accounts, ended without resolution.",https://en.wikipedia.org/wiki/Pinocheques,9,1
NHB-E0715,715,Corruption & Political Scandals,Piñeragate,"Piñeragate (Chile, 1992) was a political scandal in which a secretly recorded telephone conversation of Senator Sebastián Piñera conspiring against rival Evelyn Matthei was broadcast on live television. The leak, traced to Matthei, led her to withdraw from the 1993 presidential race and resign from the National Renewal party, while Piñera later became President of Chile.",https://en.wikipedia.org/wiki/Piñeragate,9,1
NHB-E0716,716,Corruption & Political Scandals,Project Andrea,"Project Andrea (Chile, Pinochet era) was a secret military program to manufacture sarin nerve agent for use against regime opponents",https://en.wikipedia.org/wiki/Project_Andrea,9,1
NHB-E0717,717,Corruption & Political Scandals,Scorpion scandal,"The Scorpion scandal (1809, Chile) involved a smuggling and murder plot in which colonial officials hijacked a British ship carrying contraband cloth, murdered the crew, and seized the cargo.",https://en.wikipedia.org/wiki/Scorpion_scandal,9,2
NHB-E0718,718,Corruption & Political Scandals,Corpesca case,"The Corpesca case (Chile) is a criminal investigation into alleged bribery by the industrial fishing company Corpesca, which allegedly paid politicians, including Jaime Orpis and Felipe Harboe, to influence votes on the 2012 Longueira Law that concentrated fishing quotas among a few companies",https://en.wikipedia.org/wiki/Corpesca_case,9,2
NHB-E0719,719,Corruption & Political Scandals,Pelao Vade,"The Rodrigo Rojas Vade case (Chile) involved a Constitutional Convention member who falsely claimed to have leukemia to gain political support during the 2019 protests and his 2021 campaign, later revealed to have syphilis; he resigned and was criminally convicted for residual fraud",https://en.wikipedia.org/wiki/Pelao_Vade,9,1
NHB-E0720,720,Corruption & Political Scandals,La Cutufa,"La Cutufa (Chile) was an illegal clandestine finance syndicate run by CNI and army officers from 1984–1989, offering investors 20% monthly returns; following a murder linked to the scheme, 4 generals and 16 officers were dismissed, and 200 sanctioned",https://en.wikipedia.org/wiki/La_Cutufa,9,0
NHB-E0721,721,Corruption & Political Scandals,Finnish pesäpallo match-fixing scandal,"The Finnish pesäpallo match-fixing scandal (1998) involved players, managers, and officials from eight Superpesis teams fixing five matches to exploit legal sports betting; the scheme was uncovered a year later, leading to fines or dismissals for over 30 people and losses of at least 14 million mk (€2.3 million) for Veikkaus.",https://en.wikipedia.org/wiki/Finnish_pesäpallo_match-fixing_scandal,9,3
NHB-E0722,722,Corruption & Political Scandals,2007 Finnish campaign finance scandal,"The 2007 Finnish campaign finance scandal involved undisclosed corporate funding of parliamentary campaigns, mainly affecting National Coalition Party and Centre Party candidates; the full extent of contributions was revealed in 2008, exposing gaps in transparency and accountability and implicating several ministers.",https://en.wikipedia.org/wiki/2007_Finnish_campaign_finance_scandal,9,3
NHB-E0723,723,Corruption & Political Scandals,Iraq leak,"The Iraq leak (Iraq-gate) scandal in Finland began in March 2003 when Centre Party leader Anneli Jäätteenmäki used secret foreign ministry documents in her election campaign to accuse Prime Minister Paavo Lipponen of aligning Finland with the U.S.-led coalition for the Iraq War; she resigned as Prime Minister in June 2003 due to loss of confidence, while the advisor who leaked the documents, Martti Manninen, was later fined.",https://en.wikipedia.org/wiki/Iraq_leak,9,2
NHB-E0724,724,Corruption & Political Scandals,Pirkkala handout,"The Pirkkala handout was a 1974–75 Finnish educational material for fifth graders presenting a Marxist and pro-Soviet view of history, which caused a national uproar due to its one-sided portrayal of social classes, World War II, and Finland’s history; it was ultimately discontinued after government, academic, and union criticism, and is now cited as an example of Finlandization in education.",https://en.wikipedia.org/wiki/Pirkkala_handout,9,2
NHB-E0725,725,Corruption & Political Scandals,Bismillah Group,"The Bismillah Group embezzlement scandal in Bangladesh involved the Dhaka-based terry towel producer stealing 9.9 billion Taka from five banks between 2012–2015 using fake export contracts and insider collusion. The company’s Chairperson Nawrin Hasib and Managing Director Khaza Suleiman Chowdhury, along with several accomplices, were charged in 12 cases by the Bangladesh Anti-Corruption Commission, and in 2018 were sentenced to 10 years imprisonment and fined Tk 30.67 crore.",https://en.wikipedia.org/wiki/Bismillah_Group,9,1
NHB-E0726,726,Corruption & Political Scandals,2020 Bangladesh Election Commission scandal,"The 2020 Bangladesh Election Commission scandal involved allegations of corruption, mismanagement, and misconduct by the commission led by Chief Election Commissioner KM Nurul Huda. Accusations included embezzlement of approximately 60.8 million BDT for fake programs and staff recruitment, overpayment for electronic voting machines, misuse of official vehicles, and failure to investigate widespread election fraud in the 2018 general election and 2019 city and Upazila polls. On December 19, 2020, 42 prominent citizens petitioned the President to form the Supreme Judicial Council to investigate these claims.",https://en.wikipedia.org/wiki/2020_Bangladesh_Election_Commission_scandal,9,3
NHB-E0727,727,Corruption & Political Scandals,1999 JU Anti-Rape Movement,"The 1999 JU Anti-Rape Movement was a student-led protest at Jahangirnagar University, Bangladesh, against a culture of sexual harassment and rape on campus. The movement began in 1998 after Bangladesh Chhatra League activists, under leader Jasimuddin Manik, were accused of multiple rapes, including celebrating his ""100th rape."" After a year of sustained protests, mostly led by female students, Manik and his armed followers were expelled from the university on August 2, 1999. The movement arose amid the political dominance of Chhatra League in university dormitories and campus life following Awami League’s rise to power in 1996.",https://en.wikipedia.org/wiki/1999_JU_Anti-Rape_Movement,9,2
NHB-E0728,728,Corruption & Political Scandals,2012 ICT Skype controversy,"Leaked communications showed judge and advisers colluding in war crimes tribunal, undermining impartiality.",https://en.wikipedia.org/wiki/2012_ICT_Skype_controversy,9,3
NHB-E0729,729,Corruption & Political Scandals,2013–2014 Satkhira clashes,"Security forces cracked down on Jamaat-e-Islami activists in Satkhira during unrest, resulting in multiple deaths, arrests, and allegations of property looting and media suppression.",https://en.wikipedia.org/wiki/2013–2014_Satkhira_clashes,9,3
NHB-E0730,730,Corruption & Political Scandals,2022 Eden College Scandal,"Leaders of Bangladesh Chhatra League at Eden Mohila College engaged in decade-long criminal activities, including extortion, seat trading, and forced prostitution, with whistleblowers punished instead of perpetrators.",https://en.wikipedia.org/wiki/2022_Eden_College_Scandal,9,3
NHB-E0731,731,Corruption & Political Scandals,Hallmark-Sonali Bank Loan Scam,"Between 2010 and 2012, Sonali Bank officials conspired with borrowers, including Hallmark Group, to embezzle over 35 billion BDT through falsified loan documents, marking Bangladesh's largest banking scandal since nationalization.",https://en.wikipedia.org/wiki/Hallmark-Sonali_Bank_Loan_Scam,9,3
NHB-E0732,732,Corruption & Political Scandals,Rooppur pillow scandal,"In 2019, allegations emerged that over ৳26 crore was misused in constructing residential areas for Bangladesh’s Rooppur Nuclear Power Plant, leading to arrests of 13 people by the Anti Corruption Commission.",https://en.wikipedia.org/wiki/Rooppur_pillow_scandal,9,1
NHB-E0733,733,Corruption & Political Scandals,Pinot noir passing-off controversy,"E&J Gallo sold 18 million bottles of wine labeled as Pinot noir from France, which were actually Merlot and Syrah, part of a scheme that earned Ducasse Wine Merchants’ owner around 7 million euros between 2006 and 2008.",https://en.wikipedia.org/wiki/Pinot_noir_passing-off_controversy,9,2
NHB-E0734,734,Corruption & Political Scandals,Cahouët Affair,"Victoire Cahouët de Villers in 1777 obtained large loans by falsely claiming to be Queen Marie Antoinette’s confidante, was arrested, confined to the Bastille, and later placed in a convent.",https://en.wikipedia.org/wiki/Cahouët_Affair,9,1
NHB-E0735,735,Corruption & Political Scandals,French football bribery scandal,"During a 1992–93 French Division 1 match, Marseille officials bribed Valenciennes players to underperform, leading to convictions for corruption, the league title being stripped from Marseille, and the exposure of the scandal by whistleblower Jacques Glassmann.",https://en.wikipedia.org/wiki/French_football_bribery_scandal,9,1
NHB-E0736,736,Corruption & Political Scandals,Festina affair,"In 1998, the Festina cycling team was caught in a major doping scandal during the Tour de France, revealing systematic use of EPO and other substances, leading to confessions, arrests, and suspended sentences for team personnel.",https://en.wikipedia.org/wiki/Festina_affair,9,1
NHB-E0737,737,Corruption & Political Scandals,Vathaire affair,"The Vathaire affair was a French politico-financial scandal of the 1970s, during the seven-year term of French President Valéry Giscard d'Estaing. In 1976, Hervé de Vathaire, an employee of the Dassault Group withdrew eight million francs from the account of Marcel Dassault and fled with Jean Kay, a mercenary. He was captured in September 1976, but the money was never recovered.",https://en.wikipedia.org/wiki/Vathaire_affair,9,1
NHB-E0738,738,Corruption & Political Scandals,Urba affair,"The Urba affair involved the Socialist Party in France skimming public works receipts to fund party campaigns during the 1970s–80s; discovered in 1989, investigations were largely blocked by presidential edicts and amnesty, with only treasurer Henri Emmanuelli later receiving a suspended sentence.",https://en.wikipedia.org/wiki/Urba_affair,9,2
NHB-E0739,739,Corruption & Political Scandals,Tonkin Affair,"The Tonkin Affair, (French: L'Affaire du Tonkin) named after the French protectorate of Tonkin, of March 1885 was a major French political crisis that erupted in the closing weeks of the Sino-French War. It effectively destroyed the political career of the French prime minister, Jules Ferry, and abruptly ended the string of Republican governments inaugurated several years earlier by Léon Gambetta. The suspicion by the French public and political classes that French troops were being sent to their deaths far from home for little measurable gain, both in Tonkin and elsewhere, also discredited French colonial expansion for nearly a decade",https://en.wikipedia.org/wiki/Tonkin_Affair,9,2
NHB-E0740,740,Corruption & Political Scandals,Piastres affair,"The Piastres affair (1950–1953) was a French Fourth Republic financial-political scandal during the First Indochina War, in which the overvaluation of the Indochinese piastre against the franc enabled widespread money-laundering, corruption, and indirect support to the Viet Minh.",https://en.wikipedia.org/wiki/Piastres_affair,9,2
NHB-E0741,741,Corruption & Political Scandals,Panama scandals,"The Panama scandals (1892) were a major French Third Republic corruption affair in which government officials accepted bribes to conceal the financial collapse of the Panama Canal Company, resulting in losses of nearly half a billion francs.",https://en.wikipedia.org/wiki/Panama_scandals,9,2
NHB-E0742,742,Corruption & Political Scandals,National Front assistants affair,"Twenty-seven National Front members, including Marine Le Pen, were convicted in 2025 of embezzling €2.9 million of European Parliament funds by hiring assistants to work for the party while being paid with public money, resulting in prison sentences, fines, and political disqualifications.",https://en.wikipedia.org/wiki/National_Front_assistants_affair,9,3
NHB-E0743,743,Corruption & Political Scandals,Generals' affair,"The Revers Report scandal of 1949 involved the leak of a confidential French military assessment in Indochina, which recommended withdrawal from Viet Minh-held areas; the report fell into Viet Minh hands and was widely circulated in Paris, causing major embarrassment and leading to General Revers' dismissal.",https://en.wikipedia.org/wiki/Generals%27_affair,9,1
NHB-E0744,744,Corruption & Political Scandals,Great Oil Sniffer Hoax,"The Great Oil Sniffer Hoax of 1979 involved Elf Aquitaine investing over $150 million in a fraudulent gravity wave-based oil detection system, later exposed as a scam.",https://en.wikipedia.org/wiki/Great_Oil_Sniffer_Hoax,9,3
NHB-E0745,745,Corruption & Political Scandals,Henri Martin affair,"A French political-military scandal in the 1950s where communist activist Henri Martin was imprisoned for sabotaging the war effort in Indochina, becoming a cause célèbre for the Left.",https://en.wikipedia.org/wiki/Henri_Martin_affair,9,1
NHB-E0746,746,Corruption & Political Scandals,Luchaire Affair,"A 1980s French political scandal involving illegal arms sales to Iran, with alleged kickbacks to the Socialist Party and a subsequent government cover-up that halted the investigation.",https://en.wikipedia.org/wiki/Luchaire_Affair,9,0
NHB-E0747,747,Corruption & Political Scandals,Fondation Hamon affair,"A French political scandal involving the misuse of public funds by officials including Charles Pasqua and André Santini for a failed modern art museum project, leading to indictments.",https://en.wikipedia.org/wiki/Fondation_Hamon_affair,9,1
NHB-E0748,748,Corruption & Political Scandals,Dibrani case,"A 2013 French political crisis triggered by the expulsion of a Roma schoolgirl, Leonarda Dibrani, during a school trip, which sparked national protests and weakened President Hollande.",https://en.wikipedia.org/wiki/Dibrani_case,9,1
NHB-E0749,749,Corruption & Political Scandals,Couitéas affair,"A colonial-era scandal in French Tunisia where the protectorate administration attempted to illegally expropriate tribal lands for European settlers, sparking local resistance and political controversy that led to a landmark legal precedent affirming indigenous land rights.",https://en.wikipedia.org/wiki/Couitéas_affair,9,0
NHB-E0750,750,Corruption & Political Scandals,Stavisky affair,"A 1934 French financial scandal involving con man Alexandre Stavisky, whose connections to government figures sparked major anti-government riots and a political crisis.",https://en.wikipedia.org/wiki/Stavisky_affair,9,1
NHB-E0751,751,Corruption & Political Scandals,December 2014 Kabul bombings,"A series of Taliban bombings in Kabul targeted soldiers and a French school play, killing civilians and a German national.",https://en.wikipedia.org/wiki/December_2014_Kabul_bombings,9,2
NHB-E0752,752,Corruption & Political Scandals,Hoare–Laval Pact,"A secret 1935 Anglo-French pact to end the Italo-Ethiopian War by giving Italy much of Ethiopia, which caused a public outcry and led to the foreign ministers being sacked.",https://en.wikipedia.org/wiki/Hoare–Laval_Pact,9,2
NHB-E0753,753,Corruption & Political Scandals,Lafarge scandal,"French cement company Lafarge paid millions to terrorist groups like ISIS to keep its Syrian plant operating, leading to fines and criminal charges.",https://en.wikipedia.org/wiki/Lafarge_scandal,9,1
NHB-E0754,754,Corruption & Political Scandals,2013 Waterfront Communications Lobbying Scandal,The 2013 Waterfront Communications crisis (Danish: Waterfront-sagen) is the name of a comprehensive lobbying scandal in Denmark.,https://en.wikipedia.org/wiki/2013_Waterfront_Communications_Lobbying_Scandal,9,3
NHB-E0755,755,Corruption & Political Scandals,Tamil Case,"A Danish political scandal in 1993 where the justice minister illegally stalled family reunifications for Tamil refugees, causing the government to resign.",https://en.wikipedia.org/wiki/Tamil_Case,9,0
NHB-E0756,756,Corruption & Political Scandals,1968 Thule Air Base B-52 crash,"A 1968 US B-52 bomber carrying four nuclear bombs crashed in Greenland, contaminating the area with radioactivity and causing a political scandal over Denmark's secret allowance of the weapons.",https://en.wikipedia.org/wiki/1968_Thule_Air_Base_B-52_crash,9,2
NHB-E0757,757,Corruption & Political Scandals,Operation Dunhammer,A Danish intelligence agency secretly helped the NSA wiretap senior EU politicians and officials from 2012 to 2014.,https://en.wikipedia.org/wiki/Operation_Dunhammer,9,1
NHB-E0758,758,Corruption & Political Scandals,Mink Commission,"A Danish inquiry found the government's order to cull all minks during the COVID-19 pandemic was illegal and that the public was ""grossly misled.""",https://en.wikipedia.org/wiki/Mink_Commission,9,0
NHB-E0759,759,Corruption & Political Scandals,Tibet flag case,Danish police confiscated or concealed Tibetan flags during protests against a Chinese leader's state visit in 2012 and 2013.,https://en.wikipedia.org/wiki/Tibet_flag_case,9,1
NHB-E0760,760,Corruption & Political Scandals,Impeachment of Inger Støjberg,A former Danish minister was convicted and jailed for illegally separating asylum-seeking couples where one partner was a minor.,https://en.wikipedia.org/wiki/Impeachment_of_Inger_Støjberg,9,0
NHB-E0761,761,Corruption & Political Scandals,2020 Danish mink cull,"Fearing a new COVID-19 variant, the Danish government illegally ordered the culling of all 17 million mink in 2020, causing a major political scandal and billions in damages.",https://en.wikipedia.org/wiki/2020_Danish_mink_cull,9,2
NHB-E0762,762,Corruption & Political Scandals,Report about Case Srebrenica,"An official report commissioned by the Republika Srpska government denied the 1995 Srebrenica genocide, a claim widely condemned as revisionist and later disowned.",https://en.wikipedia.org/wiki/Report_about_Case_Srebrenica,9,1
NHB-E0763,763,Corruption & Political Scandals,JMBG protests,"Due to political gridlock, Bosnia failed to issue national ID numbers for newborns, sparking protests in 2013 as children were left unable to get passports or healthcare.",https://en.wikipedia.org/wiki/JMBG_protests,9,1
NHB-E0764,764,Corruption & Political Scandals,Uncle Paulo incident,"A Brazilian woman was arrested for trying to take out a bank loan using her deceased uncle's corpse, which she propped up in the branch.",https://en.wikipedia.org/wiki/Uncle_Paulo_incident,9,1
NHB-E0765,765,Corruption & Political Scandals,Neymargate,"Barcelona's signing of Neymar sparked a legal scandal after it was revealed the true transfer cost was nearly €95 million, not the officially declared €57 million, leading to the club president's resignation.",https://en.wikipedia.org/wiki/Neymargate,9,1
NHB-E0766,766,Corruption & Political Scandals,El Maracanazo,"In a 1989 World Cup qualifier, Chilean goalkeeper Roberto Rojas faked an injury from a flare to get the match abandoned, resulting in a lifetime ban for him and Chile being barred from the next World Cup.",https://en.wikipedia.org/wiki/El_Maracanazo,9,1
NHB-E0767,767,Corruption & Political Scandals,2024 Brazilian football match-fixing scandal,"American businessman John Textor, owner of Botafogo, repeatedly accused rival Brazilian clubs and referees of match-fixing and collusion after his team lost the 2023 championship, but failed to provide evidence to sports authorities.",https://en.wikipedia.org/wiki/2024_Brazilian_football_match-fixing_scandal,9,3
NHB-E0768,768,Corruption & Political Scandals,2023 Brazilian football match-fixing scandal,"An ongoing Brazilian investigation has uncovered a criminal organization that paid players to manipulate match results, including in the national first and second divisions, by committing specific actions like penalties.",https://en.wikipedia.org/wiki/2023_Brazilian_football_match-fixing_scandal,9,3
NHB-E0769,769,Corruption & Political Scandals,2005 Brazilian football match-fixing scanda,"A 2005 Brazilian match-fixing scandal involved referees, including a FIFA official, taking bribes to manipulate results for international betting sites, leading to overturned matches and lifetime bans.",https://en.wikipedia.org/wiki/2005_Brazilian_football_match-fixing_scandal,9,3
NHB-E0770,770,Corruption & Political Scandals,Lochtegate,"U.S. swimmer Ryan Lochte falsely claimed he and his teammates were robbed at gunpoint during the 2016 Rio Olympics, when in fact they had vandalized a gas station and were confronted by security guards.",https://en.wikipedia.org/wiki/Lochtegate,9,1
NHB-E0771,771,Corruption & Political Scandals,Mensalão scandal,"A 2005 Brazilian political scandal where the ruling party was accused of paying monthly stipends to opposition lawmakers for their support, threatening to topple the government.",https://en.wikipedia.org/wiki/Mensalão_scandal,9,1
NHB-E0772,772,Corruption & Political Scandals,Operation Tempus Veritatis,"A 2024 Brazilian police operation led to the arrest of military aides and allies of former President Jair Bolsonaro, investigating an alleged plot to keep him in power after he lost the election.",https://en.wikipedia.org/wiki/Operation_Tempus_Veritatis,9,1
NHB-E0773,773,Corruption & Political Scandals,Operation Weak Meat,"A 2017 Brazilian police investigation revealed that major meatpacking companies like JBS and BRF were selling adulterated and spoiled meat, leading to a global food safety scandal.",https://en.wikipedia.org/wiki/Operation_Weak_Meat,9,1
NHB-E0774,774,Corruption & Political Scandals,Sergio Moro–Jair Bolsonaro case,A Brazilian political crisis erupted after Minister Sergio Moro accused President Jair Bolsonaro of politically interfering in the Federal Police to protect his family from investigations.,https://en.wikipedia.org/wiki/Sergio_Moro–Jair_Bolsonaro_case,9,3
NHB-E0775,775,Corruption & Political Scandals,Covaxgate,"A Brazilian investigation uncovered major irregularities in the Health Ministry's purchase of the Covaxin vaccine, with prices inflated by 1000% and evidence of corruption.",https://en.wikipedia.org/wiki/Covaxgate,9,1
NHB-E0776,776,Corruption & Political Scandals,Odebrecht case,"The Odebrecht case is a massive, decades-long cross-border corruption scheme where the Brazilian construction giant bribed government officials in at least 12 countries to secure lucrative public contracts.",https://en.wikipedia.org/wiki/Odebrecht_case,9,2
NHB-E0777,777,Corruption & Political Scandals,1985 Austrian diethylene glycol wine scandal,"A 1985 scandal where Austrian wineries adulterated their wine with toxic diethylene glycol to sweeten it, causing a collapse of the country's wine exports.",https://en.wikipedia.org/wiki/1985_Austrian_diethylene_glycol_wine_scandal,9,3
NHB-E0778,778,Corruption & Political Scandals,Lucona,"A 1977 Austrian scandal where businessman Udo Proksch sank the cargo ship MV Lucona with a bomb to commit insurance fraud, killing six crew members.",https://en.wikipedia.org/wiki/Lucona,9,0
NHB-E0779,779,Corruption & Political Scandals,Noricum scandal,An Austrian arms export scandal in the 1980s involving the illegal sale of weapons by the company Noricum to Iran.,https://en.wikipedia.org/wiki/Noricum_scandal,9,0
NHB-E0780,780,Corruption & Political Scandals,2018 Raid of Austria's Federal Office for the Protection of the Constitution and Counterterrorism (BVT),"A 2018 police raid on Austria's domestic intelligence agency, which seized sensitive data and was suspected of being politically motivated, ultimately led to the agency's dissolution.",https://en.wikipedia.org/wiki/2018_Raid_of_Austria%27s_Federal_Office_for_the_Protection_of_the_Constitution_and_Counterterrorism_(BVT),9,3
NHB-E0781,781,Corruption & Political Scandals,2011 cash for influence scandal,"An undercover sting in 2011 exposed four MEPs who were willing to accept bribes to influence EU legislation, leading to a corruption investigation.",https://en.wikipedia.org/wiki/2011_cash_for_influence_scandal,9,3
NHB-E0782,782,Corruption & Political Scandals,Ibiza affair,A secret video showing Austria's Vice-Chancellor Heinz-Christian Strache discussing trading government contracts for political support caused the government to collapse and led to his corruption conviction.,https://en.wikipedia.org/wiki/Ibiza_affair,9,1
NHB-E0783,783,Corruption & Political Scandals,Kurz corruption probe,"Austrian Chancellor Sebastian Kurz resigned in 2021 after a corruption investigation raided his office, accusing him of using public funds to pay for manipulated opinion polls.",https://en.wikipedia.org/wiki/Kurz_corruption_probe,9,2
NHB-E0784,784,Corruption & Political Scandals,Mayerling incident,The apparent murder-suicide of Austria's Crown Prince Rudolf and his mistress at Mayerling in 1889 triggered a Habsburg succession crisis that contributed to the outbreak of World War I.,https://en.wikipedia.org/wiki/Mayerling_incident,9,1
NHB-E0785,785,Corruption & Political Scandals,Dioxin affair,"A 1999 Belgian food safety crisis where animal feed was contaminated with dioxins from recycled industrial oil, leading to mass poultry culling and government resignations.",https://en.wikipedia.org/wiki/Dioxin_affair,9,1
NHB-E0786,786,Corruption & Political Scandals,UNIOP–INUSOP affair,A Belgian political scandal in the 1990s where Socialist Party ministers were accused of overpaying for political studies from a university-linked polling institute.,https://en.wikipedia.org/wiki/UNIOP–INUSOP_affair,9,1
NHB-E0787,787,Corruption & Political Scandals,Carolorégienne affair,A 2005-2007 Belgian municipal corruption scandal in Charleroi that implicated local officials in fraud and contributed to the Socialist Party's national election defeat.,https://en.wikipedia.org/wiki/Carolorégienne_affair,9,1
NHB-E0788,788,Corruption & Political Scandals,Agusta scandal,"A major 1990s Belgian political scandal where defense officials were bribed by aircraft manufacturers Agusta and Dassault to secure military contracts, leading to high-level resignations.",https://en.wikipedia.org/wiki/Agusta_scandal,9,1
NHB-E0789,789,Corruption & Political Scandals,2017–2019 Belgian football fraud scandal,"A 2017-2019 Belgian police investigation uncovered organized crime, money laundering, and bribery in the country's top football divisions, leading to dozens of arrests.",https://en.wikipedia.org/wiki/2017–2019_Belgian_football_fraud_scandal,9,3
NHB-E0790,790,Corruption & Political Scandals,CINAR scandal,A major 2000 Canadian accounting scandal where children's TV producer CINAR was found to have invested $122 million in unauthorized offshore accounts.,https://en.wikipedia.org/wiki/CINAR_scandal,9,2
NHB-E0791,791,Corruption & Political Scandals,Broomgate,"A 2015-16 curling controversy where new high-tech broom heads allowed players to steer stones with unprecedented control, leading to new equipment regulations.",https://en.wikipedia.org/wiki/Broomgate,9,1
NHB-E0792,792,Corruption & Political Scandals,Norbourg scandal,"A 2005 Quebec financial scandal where Norbourg Group founder Vincent Lacroix embezzled millions, causing nearly 9,200 investors to lose their savings.",https://en.wikipedia.org/wiki/Norbourg_scandal,9,1
NHB-E0793,793,Corruption & Political Scandals,Bread price-fixing in Canada,Major Canadian bread producers and supermarkets secretly colluded to artificially inflate the price of bread and other baked goods from 2001 to 2015.,https://en.wikipedia.org/wiki/Bread_price-fixing_in_Canada,9,1
NHB-E0794,794,Corruption & Political Scandals,1992 Indian stock market scam,"India's 1992 stock market crash was caused by broker Harshad Mehta, who siphoned over $1.4 billion from banks using fake receipts to inflate stock prices in a massive securities fraud.",https://en.wikipedia.org/wiki/1992_Indian_stock_market_scam,9,3
NHB-E0795,795,Corruption & Political Scandals,2016 Bihar school examination scandal,"A 2016 Indian scandal where Bihar's top exam scorers, including a girl who called Political Science ""Prodigal Science"" about cooking, were exposed as unqualified, revealing massive corruption in the state's education board.",https://en.wikipedia.org/wiki/2016_Bihar_school_examination_scandal,9,3
NHB-E0796,796,Corruption & Political Scandals,2020 Bengaluru drug raids,"A 2020 Indian drug bust uncovered an international MDMA racket supplying Kannada film celebrities and VIPs, leading to high-profile arrests and political fallout.",https://en.wikipedia.org/wiki/2020_Bengaluru_drug_raids,9,3
NHB-E0797,797,Corruption & Political Scandals,2020 Kerala gold smuggling case,"A 2020 Indian scandal where 30kg of smuggled gold was discovered in a diplomatic shipment addressed to the UAE Consulate in Kerala, implicating a top official in the Chief Minister's office.",https://en.wikipedia.org/wiki/2020_Kerala_gold_smuggling_case,9,3
NHB-E0798,798,Corruption & Political Scandals,2024 NEET controversy,"A 2024 scandal where India's national medical entrance exam, NEET-UG, was marred by paper leaks and irregularities, resulting in an improbable number of top scorers and widespread protests.",https://en.wikipedia.org/wiki/2024_NEET_controversy,9,3
NHB-E0799,799,Corruption & Political Scandals,2025 Indian electoral controversy,"In August 2025, Indian opposition leader Rahul Gandhi accused the Election Commission of India, in collusion with the ruling BJP, of systematic electoral fraud and ""vote theft"" in the 2024 general election, citing discrepancies in electoral rolls.",https://en.wikipedia.org/wiki/2025_Indian_electoral_controversy,9,3
NHB-E0800,800,Corruption & Political Scandals,AJL-National Herald Panchkula land grab case,"A corruption case where former Haryana Chief Minister Bhupinder Singh Hooda allegedly illegally re-allotted a valuable government plot to the Congress-linked AJL, publisher of the National Herald, at a fraction of its market value.",https://en.wikipedia.org/wiki/AJL-National_Herald_Panchkula_land_grab_case,9,2
NHB-E0801,801,Corruption & Political Scandals,Sister Abhaya murder case,"A Knanaya Catholic nun, Sister Abhaya, was found dead in a convent well in 1992; after a 28-year investigation, a CBI court convicted a priest and a nun for her murder.",https://en.wikipedia.org/wiki/Sister_Abhaya_murder_case,9,2
NHB-E0802,802,Corruption & Political Scandals,DMAT scam,"A massive 2015 Indian admission scam for private medical and dental colleges in Madhya Pradesh, involving fraudulent test scores and bribes, estimated at over $1.5 billion.",https://en.wikipedia.org/wiki/DMAT_scam,9,0
NHB-E0803,803,Corruption & Political Scandals,Narada sting operation,A 2014 sting operation by journalist Mathew Samuel that showed several leaders of West Bengal's ruling Trinamool Congress party and a senior police officer accepting cash bribes on camera.,https://en.wikipedia.org/wiki/Narada_sting_operation,9,0
NHB-E0804,804,Corruption & Political Scandals,NAAC rating bribery case,"In February 2025, India's CBI arrested the chairman and six members of a NAAC inspection committee for allegedly accepting bribes in exchange for favorable accreditation ratings for universities.",https://en.wikipedia.org/wiki/NAAC_rating_bribery_case,9,0
NHB-E0805,805,Corruption & Political Scandals,Leakgate (India),"A 2015 Indian scandal where government officials stole and sold classified economic documents, including budget proposals and energy pacts, to private companies.",https://en.wikipedia.org/wiki/Leakgate_(India),9,0
NHB-E0806,806,Corruption & Political Scandals,Jalgaon housing scam,"A major Indian municipal scam from 1997-2006 where over $13 million in public funds for subsidized housing for the poor was embezzled, leading to the conviction of a state minister and dozens of others.",https://en.wikipedia.org/wiki/Jalgaon_housing_scam,9,1
NHB-E0807,807,Corruption & Political Scandals,National Testing Agency controversies,"India's National Testing Agency has faced repeated controversies over paper leaks, grace mark scandals, and technical issues, including a 2020 case where a JEE-Mains state topper used a substitute test-taker.",https://en.wikipedia.org/wiki/National_Testing_Agency_controversies,9,2
NHB-E0808,808,Corruption & Political Scandals,NSE co-location scam,"A major Indian stock market scam where select brokers, allegedly colluding with NSE officials, used co-located servers to get early access to market data for high-frequency trading, enabling them to front-run other investors.",https://en.wikipedia.org/wiki/NSE_co-location_scam,9,0
NHB-E0809,809,Corruption & Political Scandals,Patra Chawl scam,"A Mumbai real estate scandal where a construction firm, a subsidiary of HDIL, defrauded 672 tenant families by selling development rights to other builders for over $120 million without building the promised rehabilitation flats.",https://en.wikipedia.org/wiki/Patra_Chawl_scam,9,0
NHB-E0810,810,Corruption & Political Scandals,Rafale deal controversy,"A political controversy in India from 2014-2018 over the government's purchase of 36 Rafale fighter jets from France, involving allegations of corruption and favoritism, though the Supreme Court found no irregularities.",https://en.wikipedia.org/wiki/Rafale_deal_controversy,9,0
NHB-E0811,811,Corruption & Political Scandals,Satyam scandal,"India's largest corporate fraud until 2010, where Satyam Computer Services founder Ramalinga Raju falsified accounts, inflated share prices, and embezzled funds, exposing a $1.5 billion accounting scam.",https://en.wikipedia.org/wiki/Satyam_scandal,9,0
NHB-E0812,812,Corruption & Political Scandals,Saradha Group financial scandal,"A major 2013 Indian financial scandal where the Saradha Group's Ponzi scheme collapsed, defrauding millions of investors of billions of dollars and leading to high-profile political arrests.",https://en.wikipedia.org/wiki/Saradha_Group_financial_scandal,9,2
NHB-E0813,813,Corruption & Political Scandals,2022 West Bengal School Service Commission recruitment scam,"An ongoing corruption scandal in West Bengal, India, where state education minister Partha Chatterjee and other officials were arrested for allegedly taking bribes in exchange for teacher appointments, with over ₹50 crore in cash and gold recovered from his associate's home.",https://en.wikipedia.org/wiki/2022_West_Bengal_School_Service_Commission_recruitment_scam,9,2
NHB-E0814,814,Corruption & Political Scandals,Staff Selection Commission exam controversies,"A 2025 scandal where India's Staff Selection Commission faced protests over alleged paper leaks and mismanagement, culminating in a police crackdown on demonstrators in New Delhi.",https://en.wikipedia.org/wiki/Staff_Selection_Commission_exam_controversies,9,2
NHB-E0815,815,Corruption & Political Scandals,Webwork (Indian web site),"An Indian Ponzi scheme run by the website Webwork, which promised high returns for clicking on ads and defrauded investors of over ₹240 crore before its directors were arrested in 2017.",https://en.wikipedia.org/wiki/Webwork_(Indian_web_site),9,1
NHB-E0816,816,Corruption & Political Scandals,Operation West End,"A 2001 Indian sting operation by Tehelka that exposed widespread corruption in defense deals, showing BJP politicians and military officials accepting bribes from journalists posing as arms dealers.",https://en.wikipedia.org/wiki/Operation_West_End,9,0
NHB-E0817,817,Corruption & Political Scandals,Haridas Mundhra,"A 1950s Indian financial scandal exposed by Feroze Gandhi, revealing the misuse of public funds by the state-owned Life Insurance Corporation, which led to major political tensions within the ruling Congress party.",https://en.wikipedia.org/wiki/Haridas_Mundhra,9,0
NHB-E0818,818,Corruption & Political Scandals,Freedom 251,"The Freedom 251 smartphone, advertised in India for the impossibly low price of ₹251 (~$3), was widely alleged to be a scam, using rebranded Chinese phones and deceptive marketing.",https://en.wikipedia.org/wiki/Ringing_Bells_Private_Limited,9,0
NHB-E0819,819,Corruption & Political Scandals,2022 Delhi liquor policy case,"A political scandal involving the Delhi government's 2021-22 liquor policy, which allegedly provided undue favors and licenses to private retailers, leading to accusations of corruption and bribery.",https://en.wikipedia.org/wiki/2022_Delhi_liquor_policy_case,9,2
NHB-E0820,820,Corruption & Political Scandals,Pune Porsche car crash,"A 17-year-old from a wealthy family in Pune caused a nationwide uproar in May 2024 after he drunkenly drove his Porsche and killed two people, then received preferential treatment from police who allegedly swapped his blood sample to hide his intoxication.",https://en.wikipedia.org/wiki/2024_Pune_Porsche_car_crash,9,0
NHB-E0821,821,Corruption & Political Scandals,Essar leaks,"A series of leaks from the Essar Group in 2015-16 allegedly revealed a corporate-political nexus, showing favors to politicians and attempts to manipulate government and judiciary, though the company denied the claims.",https://en.wikipedia.org/wiki/Essar_leaks,9,0
NHB-E0822,822,Corruption & Political Scandals,ISRO espionage case,"A discredited 1990s Indian espionage case where ISRO scientist Nambi Narayanan was falsely accused of selling rocket secrets, a fabrication that damaged India's space program and was later exposed.",https://en.wikipedia.org/wiki/ISRO_espionage_case,9,2
NHB-E0823,823,Corruption & Political Scandals,Karnataka video clip controversy,Two Karnataka state ministers were forced to resign after being caught allegedly watching a pornographic video on a mobile phone during a legislative assembly session.,https://en.wikipedia.org/wiki/Karnataka_video_clip_controversy,9,0
NHB-E0824,824,Corruption & Political Scandals,Karnataka Wakf Board Land Scam,A massive 2012 Indian land scam where Karnataka Waqf Board officials and politicians were accused of illegally misappropriating prime land worth an estimated ₹2 lakh crore (US$24 billion).,https://en.wikipedia.org/wiki/Karnataka_Wakf_Board_Land_Scam,9,2
NHB-E0825,825,Corruption & Political Scandals,Radia tapes controversy,"The Radia tapes controversy was a 2009-2010 Indian scandal where leaked phone recordings exposed lobbyist Niira Radia's conversations with politicians, journalists, and corporate leaders, revealing alleged influence-peddling in government appointments and the 2G spectrum allocation.",https://en.wikipedia.org/wiki/Radia_tapes_controversy,9,2
NHB-E0826,826,Corruption & Political Scandals,Rose Valley financial scandal,"A massive Ponzi scheme run by India's Rose Valley Group, which collected over ₹15,000 crore from millions of investors by promising high returns through unauthorized investment plans, before collapsing in 2013.",https://en.wikipedia.org/wiki/Rose_Valley_financial_scandal,9,1
NHB-E0827,827,Corruption & Political Scandals,TA/DA scam,"A corruption scandal in Karnataka, India, where eight Members of the Legislative Council (MLCs) were accused of defrauding the state by submitting fake travel and expense bills, costing the public treasury approximately 37 lakh rupees.",https://en.wikipedia.org/wiki/TA/DA_scam,9,0
NHB-E0828,828,Corruption & Political Scandals,Tata Tapes controversy,"A 1997 Indian political scandal involving the illegal phone tapping of business leaders, including Ratan Tata and Nusli Wadia, by the Assam government, which was published by the *Indian Express*.",https://en.wikipedia.org/wiki/Tata_Tapes_controversy,9,0
NHB-E0829,829,Corruption & Political Scandals,Uttar Pradesh sand mining scandal,"A major illegal sand mining scandal in Uttar Pradesh, where the state government, under Chief Minister Akhilesh Yadav, allegedly allowed illicit mining from 2012-2017, leading to CBI investigations and raids.",https://en.wikipedia.org/wiki/Uttar_Pradesh_sand_mining_scandal,9,2
NHB-E0830,830,Corruption & Political Scandals,Wiki-PR Wikipedia editing scandal,"A consulting firm that was banned from Wikipedia in 2013 for secretly editing articles for thousands of paying clients, violating the site's conflict-of-interest policies and leading to new disclosure rules.",https://en.wikipedia.org/wiki/Wiki-PR_Wikipedia_editing_scandal,9,0
NHB-E0831,831,Corruption & Political Scandals,Tri-State Crematory scandal,"A 2002 scandal where a Georgia crematorium was discovered to have dumped over 300 bodies on its property instead of cremating them, giving families concrete dust instead of ashes.",https://en.wikipedia.org/wiki/Tri-State_Crematory_scandal,9,0
NHB-E0832,832,Corruption & Political Scandals,"Tulia, Texas","A 1999 Texas drug sting that wrongfully incarcerated nearly 10% of Tulia's Black population based on the perjured testimony of a single undercover officer, leading to mass pardons in 2003.","https://en.wikipedia.org/wiki/Tulia,_Texas#1999_drug_arrest_scandal",9,0
NHB-E0833,833,Corruption & Political Scandals,1950s quiz show scandals,"A series of 1950s American television scandals where popular quiz shows were exposed as being rigged, with producers secretly providing answers to certain contestants to manipulate outcomes and boost ratings.",https://en.wikipedia.org/wiki/1950s_quiz_show_scandals,9,2
NHB-E0834,834,Corruption & Political Scandals,Galphin Affair,A 19th-century U.S. scandal where Treasury Secretary George Crawford was accused of a conflict of interest for personally profiting from a government settlement of the long-standing Galphin family land claim.,https://en.wikipedia.org/wiki/Galphin_Affair,9,0
NHB-E0835,835,Corruption & Political Scandals,Harken Energy scandal,"A 1990 financial controversy involving George W. Bush's sale of stock in Harken Energy, which raised allegations of insider trading, though no charges were ever filed.",https://en.wikipedia.org/wiki/Harken_Energy_scandal,9,1
NHB-E0836,836,Corruption & Political Scandals,Hobby Lobby smuggling scandal,Hobby Lobby was fined $3 million and forced to return thousands of ancient Iraqi artifacts in 2017 after illegally importing looted cultural treasures for its Museum of the Bible.,https://en.wikipedia.org/wiki/Hobby_Lobby_smuggling_scandal,9,0
NHB-E0837,837,Corruption & Political Scandals,Miami River Cops Scandal,"A major 1980s police corruption scandal in Miami where officers, dubbed the ""River Cops,"" stole and sold massive quantities of cocaine from drug dealers, resulting in three deaths and numerous convictions.",https://en.wikipedia.org/wiki/Miami_River_Cops_Scandal,9,2
NHB-E0838,838,Corruption & Political Scandals,Morning Glory Funeral Home scandal,"A 1988 Florida funeral home scandal where 36 decomposing bodies were found stacked inside the facility, with multiple bodies buried in single caskets, leading to the owner's conviction for theft.",https://en.wikipedia.org/wiki/Morning_Glory_Funeral_Home_scandal,9,2
NHB-E0839,839,Corruption & Political Scandals,Elon Musk salute controversy,"In January 2025, Elon Musk made a straight-arm gesture at a Trump inauguration rally that was widely condemned as a Nazi salute, though he denied the interpretation and the ADL stated it was not a Nazi salute.",https://en.wikipedia.org/wiki/Elon_Musk_salute_controversy,9,2
NHB-E0840,840,Corruption & Political Scandals,Donglegate,"A 2013 tech conference incident where a developer was fired for making a sexual joke, leading to online shaming, a retaliatory DDoS attack, and the firing of the woman who reported it.",https://en.wikipedia.org/wiki/Donglegate,9,0
NHB-E0841,841,Corruption & Political Scandals,CARES Act-related frauds in Puerto Rico,"A 2020 Puerto Rican scandal where Department of Labor employees and others fraudulently collected pandemic unemployment benefits, exploiting system glitches in the CARES Act relief program.",https://en.wikipedia.org/wiki/CARES_Act-related_frauds_in_Puerto_Rico,9,1
NHB-E0842,842,Corruption & Political Scandals,Atlanta Public Schools cheating scandal,"A major 2009 education scandal where Atlanta public school teachers and administrators systematically cheated on standardized tests to boost scores, leading to 35 indictments and national debate over high-stakes testing.",https://en.wikipedia.org/wiki/Atlanta_Public_Schools_cheating_scandal,9,2
NHB-E0843,843,Corruption & Political Scandals,Air America – Gloria Wise loan controversy,"A 2005 scandal where the liberal radio network Air America was found to have received an illegal $875,000 loan from a Bronx boys and girls club, a non-profit charity, leading to criminal investigations and repayments.",https://en.wikipedia.org/wiki/Air_America_–_Gloria_Wise_loan_controversy,9,1
NHB-E0844,844,Corruption & Political Scandals,2018 Master Sommelier exam cheating scandal,"A 2018 scandal where the Court of Master Sommeliers suspended 23 new Master Sommeliers after discovering a board member had leaked exam answers, tainting the prestigious credential and leading to lawsuits and industry turmoil.",https://en.wikipedia.org/wiki/2018_Master_Sommelier_exam_cheating_scandal,9,2
NHB-E0845,845,Corruption & Political Scandals,39th District corruption scandal,"A major 1990s Philadelphia police corruption scandal where officers from the 39th District systematically brutalized citizens, planted evidence, and stole from drug suspects, leading to hundreds of overturned convictions and federal investigations.",https://en.wikipedia.org/wiki/39th_District_corruption_scandal,9,2
NHB-E0846,846,Corruption & Political Scandals,Umbrella Movement,"A 2014 pro-democracy protest in Hong Kong where demonstrators occupied key areas for 79 days, using umbrellas as shields against police, to demand free elections and oppose Beijing's control over candidate nominations.",https://en.wikipedia.org/wiki/Umbrella_Movement,9,0
NHB-E0847,847,Corruption & Political Scandals,Wang Lijun incident,"The Wang Lijun incident was a 2012 Chinese political scandal in which Chongqing vice-mayor Wang Lijun exposed the murder of British businessman Neil Heywood, leading to the downfall of top official Bo Xilai.",https://en.wikipedia.org/wiki/Wang_Lijun_incident,9,2
NHB-E0848,848,Corruption & Political Scandals,Xinjiang Police Files,"A 2022 leak of over 10 gigabytes of internal Chinese police documents that provided detailed evidence of the mass internment of Uyghurs in Xinjiang camps, including prisoner photos and surveillance data, corroborating earlier reports of human rights abuses.",https://en.wikipedia.org/wiki/Xinjiang_Police_Files,9,0
NHB-E0849,849,Corruption & Political Scandals,Zhao Jianmin spy case,"The Zhao Jianmin spy case was a fabricated 1968–1969 Cultural Revolution purge in Yunnan that falsely accused officials of espionage, leading to over 1.38 million persecutions and more than 17,000 deaths.",https://en.wikipedia.org/wiki/Zhao_Jianmin_spy_case,9,2
NHB-E0850,850,Corruption & Political Scandals,China Medical Technologies,"A Chinese medical device company that collapsed in 2012 after its CEO was accused of orchestrating a massive $400 million fraud, leading to bankruptcy, delisting, and U.S. criminal indictments.",https://en.wikipedia.org/wiki/China_Medical_Technologies,9,0
NHB-E0851,851,Corruption & Political Scandals,Sichuan schools corruption scandal,"A 2008 scandal where thousands of Chinese students died in collapsed ""tofu-dreg schoolhouses"" during the Sichuan earthquake, revealing widespread construction corruption that the government was accused of covering up.",https://en.wikipedia.org/wiki/Sichuan_schools_corruption_scandal,9,2
NHB-E0852,852,Corruption & Political Scandals,Shanghai pension scandal,"A 2006 Chinese corruption scandal where Shanghai's party chief Chen Liangyu was sacked and jailed for diverting billions from the city's pension fund into real estate and other illegal investments, marking a major political purge.",https://en.wikipedia.org/wiki/Shanghai_pension_scandal,9,2
NHB-E0853,853,Corruption & Political Scandals,Operation Sky Net,"A Chinese government operation launched in 2015 to apprehend overseas fugitives accused of economic crimes, which human rights groups allege uses illegal tactics like intimidation, hostage-taking of relatives, and kidnapping to forcibly return people to China.",https://en.wikipedia.org/wiki/Operation_Sky_Net,9,0
NHB-E0854,854,Corruption & Political Scandals,Operation Fox Hunt,"A global anti-corruption operation launched by China in 2014 to repatriate wanted economic fugitives from abroad, though criticized by Western governments for allegedly targeting dissidents under the guise of fighting corruption.",https://en.wikipedia.org/wiki/Operation_Fox_Hunt,9,0
NHB-E0855,855,Corruption & Political Scandals,Naked official,"A Chinese political term for corrupt officials who keep their family and assets overseas while working in China, making them prone to graft and difficult to prosecute, leading to government restrictions on their promotion.",https://en.wikipedia.org/wiki/Naked_official,9,0
NHB-E0856,856,Corruption & Political Scandals,Arctic Catfish scandal,"A 2023 Chinese online scandal where a woman nicknamed ""Arctic Catfish"" boasted on social media about her grandfather's 9-figure embezzled wealth, leading to his investigation and expulsion from the Communist Party.",https://en.wikipedia.org/wiki/Arctic_Catfish_scandal,9,2
NHB-E0857,857,Corruption & Political Scandals,Air Mail scandal,"A 1934 U.S. political scandal where the Postmaster General was found to have corruptly awarded airmail contracts to major airlines, leading to a disastrous and deadly attempt by the Army Air Corps to deliver mail.",https://en.wikipedia.org/wiki/Air_Mail_scandal,9,1
NHB-E0858,858,Corruption & Political Scandals,Billy Carter,"A 1980 political scandal where President Jimmy Carter's brother, Billy, registered as a foreign agent for Libya and received a large loan, raising concerns about influence peddling and leading to Senate hearings.",https://en.wikipedia.org/wiki/Billy_Carter#Relationship_with_Libya,9,0
NHB-E0859,859,Corruption & Political Scandals,Burr conspiracy,"A 1805-1807 plot where former Vice President Aaron Burr was tried for treason for allegedly planning to seize territory in the American Southwest and Mexico to create an independent nation, though he was ultimately acquitted.",https://en.wikipedia.org/wiki/Burr_conspiracy,9,0
NHB-E0860,860,Corruption & Political Scandals,Rod Blagojevich corruption charges,"Illinois Governor Rod Blagojevich was arrested in 2008 and later convicted for corruption, most notoriously for trying to sell the U.S. Senate seat vacated by Barack Obama.",https://en.wikipedia.org/wiki/Rod_Blagojevich_corruption_charges,9,0
NHB-E0861,861,Corruption & Political Scandals,Cambodian adoption scandal,"A child trafficking scandal in the late 1990s where hundreds of Cambodian children, many not true orphans, were fraudulently adopted by American families through a scheme run by Lauryn Galindo and her sister.",https://en.wikipedia.org/wiki/Cambodian_adoption_scandal,9,0
NHB-E0862,862,Corruption & Political Scandals,CENTCOM analyst controversy,"In 2015, U.S. Central Command intelligence analysts alleged that senior officials were systematically altering reports to present an overly optimistic picture of the war against ISIS, prompting a congressional investigation.",https://en.wikipedia.org/wiki/CENTCOM_analyst_controversy,9,0
NHB-E0863,863,Corruption & Political Scandals,CONUS Intel scandal,"A 1960s U.S. Army surveillance scandal where military intelligence illegally spied on over 100,000 American citizens, monitoring anti-war and civil rights protests in violation of their constitutional rights.",https://en.wikipedia.org/wiki/CONUS_Intel_scandal,9,0
NHB-E0864,864,Corruption & Political Scandals,Countrywide Financial political loan scandal,"A 2008-2009 scandal where U.S. politicians, including senators Christopher Dodd and Kent Conrad, received preferential ""VIP"" mortgage loans from Countrywide Financial as part of its ""Friends of Angelo"" program.",https://en.wikipedia.org/wiki/Countrywide_Financial_political_loan_scandal,9,2
NHB-E0865,865,Corruption & Political Scandals,Crédit Mobilier scandal,"A massive 19th-century U.S. corruption scandal where Union Pacific Railroad executives bilked the government by overcharging for building the transcontinental railroad, then bribed politicians with cash and stock to cover it up.",https://en.wikipedia.org/wiki/Crédit_Mobilier_scandal,9,0
NHB-E0866,866,Corruption & Political Scandals,DCLeaks,"A website, later confirmed to be a Russian GRU front, that published hacked emails of U.S. political and military figures in 2016 as part of Russia's election interference campaign.",https://en.wikipedia.org/wiki/DCLeaks,9,0
NHB-E0867,867,Corruption & Political Scandals,Debategate,A 1980 U.S. election scandal where Ronald Reagan's campaign obtained President Jimmy Carter's confidential debate briefing papers before their crucial presidential debate.,https://en.wikipedia.org/wiki/Debategate,9,0
NHB-E0868,868,Corruption & Political Scandals,Moxie Media scandal,"A 2010 Washington state political scandal where consulting firm Moxie Media secretly funneled money to spoiler candidates through shell PACs to manipulate a state senate primary election, resulting in a record fine.",https://en.wikipedia.org/wiki/Moxie_Media_scandal,9,2
NHB-E0869,869,Corruption & Political Scandals,Moorer-Radford Affair,"A 1970-71 political scandal where the Chairman of the Joint Chiefs of Staff, Admiral Thomas Moorer, ran a spy ring within the Nixon White House, using a Navy yeoman to steal classified documents from the National Security Council.",https://en.wikipedia.org/wiki/Moorer-Radford_Affair,9,0
NHB-E0870,870,Corruption & Political Scandals,Dairy Farmers of America,"A 1974 political scandal where the Nixon administration was accused of raising federal milk price supports in exchange for campaign contributions from dairy producers, leading to the indictment of former Treasury Secretary John Connally.",https://en.wikipedia.org/wiki/Dairy_Farmers_of_America#Milk_case,9,0
NHB-E0871,871,Corruption & Political Scandals,Jerry Lewis – Lowery lobbying firm controversy,"A lobbying scandal where Congressman Jerry Lewis allegedly steered hundreds of millions in earmarks to clients of his friend's lobbying firm, which in turn funneled campaign contributions back to him and hired his staff.",https://en.wikipedia.org/wiki/Jerry_Lewis_–_Lowery_lobbying_firm_controversy,9,2
NHB-E0872,872,Corruption & Political Scandals,Fort Lee lane closure scandal,"A 2013 New Jersey political scandal where aides to Governor Chris Christie deliberately created massive traffic jams in Fort Lee by closing access lanes to the George Washington Bridge, allegedly to punish the town's mayor for not endorsing Christie's re-election.",https://en.wikipedia.org/wiki/Fort_Lee_lane_closure_scandal,9,0
NHB-E0873,873,Corruption & Political Scandals,Sanborn incident,"A 1874 U.S. corruption scandal where Treasury Secretary William Richardson gave a private contractor, John Sanborn, a lucrative deal to collect unpaid taxes and keep half the proceeds, which Sanborn then extorted from businesses.",https://en.wikipedia.org/wiki/Sanborn_incident,9,0
NHB-E0874,874,Corruption & Political Scandals,Star Route scandal,"A major 19th-century U.S. corruption scandal involving bribery and bid-rigging in the Postal Service, where contractors colluded to secure lucrative ""Star Route"" mail delivery contracts at inflated prices.",https://en.wikipedia.org/wiki/Star_Route_scandal,9,2
NHB-E0875,875,Corruption & Political Scandals,Teamstergate,"A 1996 political scandal involving an illegal money swap between the Clinton-Gore campaign and Teamsters union president Ron Carey's re-election campaign, resulting in Carey's election being overturned.",https://en.wikipedia.org/wiki/Teamstergate,9,0
NHB-E0876,876,Corruption & Political Scandals,Tom Price (American politician) - private jet scandal,"A 2017 scandal where Health and Human Services Secretary Tom Price resigned after it was revealed he spent over $1 million in taxpayer money on private and military flights, including for trips easily accessible by commercial airlines.",https://en.wikipedia.org/wiki/Tom_Price_(American_politician)#Private_jet_scandal_and_resignation,9,2
NHB-E0877,877,Corruption & Political Scandals,Toshiba–Kongsberg scandal,"A Cold War scandal where Toshiba Machine illegally sold advanced propeller-milling technology to the Soviet Union in the 1980s, enabling quieter Soviet submarines and straining U.S.-Japan relations.",https://en.wikipedia.org/wiki/Toshiba–Kongsberg_scandal,9,0
NHB-E0878,878,Corruption & Political Scandals,Trader post scandal,"A 1876 corruption scandal where Secretary of War William Belknap resigned after being caught taking kickbacks from a lucrative military tradership contract, leading to his impeachment and a rift between President Grant and General Custer.",https://en.wikipedia.org/wiki/Trader_post_scandal,9,0
NHB-E0879,879,Corruption & Political Scandals,United States government group chat leaks,"A 2025 U.S. national security scandal where top officials, including the Vice President and Defense Secretary, leaked classified military plans for a Yemen operation in a Signal group chat they accidentally added a journalist to.",https://en.wikipedia.org/wiki/United_States_government_group_chat_leaks,9,0
NHB-E0880,880,Corruption & Political Scandals,U.S. Forest Service airtanker scandal,"A 1980s U.S. Forest Service scandal where officials illegally transferred retired military aircraft to private contractors under the guise of a firefighting program, leading to criminal convictions for conspiracy.",https://en.wikipedia.org/wiki/U.S._Forest_Service_airtanker_scandal,9,2
NHB-E0881,881,Corruption & Political Scandals,Young Republican group chat leaks,"A 2025 scandal where leaked Telegram chats revealed Young Republican leaders, including a Trump administration official, routinely using racist, antisemitic, and violent rhetoric, exposing extremist views within the party's next generation.",https://en.wikipedia.org/wiki/Young_Republican_group_chat_leaks,9,0
NHB-E0882,882,Corruption & Political Scandals,John Robinson estate scandal,"A major colonial financial scandal uncovered after the 1766 death of Virginia's Speaker and Treasurer John Robinson, revealing he had embezzled over £100,000 by lending out public funds to political allies instead of destroying retired currency as required.",https://en.wikipedia.org/wiki/John_Robinson_estate_scandal,9,2
NHB-E0883,883,Corruption & Political Scandals,Jackie Presser indictment scandal,"A 1980s scandal where Teamsters president Jackie Presser was indicted for corruption, but the case collapsed after it was revealed he had been an FBI informant, raising questions about whether the agency had authorized his criminal activities.",https://en.wikipedia.org/wiki/Jackie_Presser_indictment_scandal,9,2
NHB-E0884,884,Corruption & Political Scandals,Pinchot–Ballinger controversy,"A 1909-1910 U.S. political scandal where Interior Secretary Richard Ballinger was accused of favoring corporate interests over conservation, causing a major rift between President Taft and Theodore Roosevelt that split the Republican Party.",https://en.wikipedia.org/wiki/Pinchot–Ballinger_controversy,9,0
NHB-E0885,885,Corruption & Political Scandals,2006 Republican Party scandals,"A series of political scandals in 2006 that led to multiple Republican resignations and election losses, encapsulated by the Democratic ""culture of corruption"" slogan referencing the Jack Abramoff and Tom DeLay scandals.",https://en.wikipedia.org/wiki/2006_Republican_Party_scandals,9,2
NHB-E0886,886,Corruption & Political Scandals,Cunningham scandal,A major U.S. corruption scandal where Congressman Duke Cunningham pleaded guilty in 2005 to taking over $2.4 million in bribes from defense contractors in exchange for steering lucrative government contracts their way.,https://en.wikipedia.org/wiki/Cunningham_scandal,9,0
NHB-E0887,887,Corruption & Political Scandals,John Ensign scandal,"A 2009 political scandal where Senator John Ensign had an affair with a staffer, then tried to cover it up by securing a lobbying job for her husband, leading to an ethics investigation and Ensign's resignation.",https://en.wikipedia.org/wiki/John_Ensign_scandal,9,2
NHB-E0888,888,Corruption & Political Scandals,House banking scandal,"A 1992 U.S. political scandal where numerous members of Congress were found to have written thousands of overdrawn checks on the House bank without penalty, leading to public outrage and many retirements.",https://en.wikipedia.org/wiki/House_banking_scandal,9,2
NHB-E0889,889,Corruption & Political Scandals,Jack Abramoff CNMI scandal,"A lobbying scandal where Jack Abramoff was paid millions by the Northern Mariana Islands to block U.S. minimum wage and labor laws, preserving a system of exploitative immigrant labor and sweatshops.",https://en.wikipedia.org/wiki/Jack_Abramoff_CNMI_scandal,9,2
NHB-E0890,890,Corruption & Political Scandals,Kids for cash scandal,A notorious judicial corruption scandal where two Pennsylvania judges received kickbacks for sentencing thousands of children to juvenile detention centers for minor offenses.,https://en.wikipedia.org/wiki/Kids_for_cash_scandal,9,0
NHB-E0891,891,Corruption & Political Scandals,Mississippi welfare funds scandal,"A massive welfare fraud scheme in Mississippi where state officials misdirected $94 million in federal poverty funds to wealthy individuals and pet projects, including $8 million for a volleyball arena promoted by Brett Favre.",https://en.wikipedia.org/wiki/Mississippi_welfare_funds_scandal,9,2
NHB-E0892,892,Corruption & Political Scandals,Oregon land fraud scandal,"A 19th-century land fraud scheme where the Southern Pacific Railroad hired a man to recruit fake settlers to illegally acquire timber-rich government land, which was then sold for profit in violation of homesteading laws.",https://en.wikipedia.org/wiki/Oregon_land_fraud_scandal,9,1
NHB-E0893,893,Corruption & Political Scandals,Swartwout–Hoyt scandal,"A major 19th-century U.S. corruption scandal where two consecutive Collectors of the Port of New York, Samuel Swartwout and Jesse Hoyt, embezzled over $1.2 million in public funds, leading to reforms in federal financial oversight.",https://en.wikipedia.org/wiki/Swartwout–Hoyt_scandal,9,2
NHB-E0894,894,Corruption & Political Scandals,Teapot Dome scandal,"A landmark 1920s U.S. political scandal where Interior Secretary Albert Fall secretly leased federal oil reserves to private companies in exchange for bribes, leading to his imprisonment and major government reforms.",https://en.wikipedia.org/wiki/Teapot_Dome_scandal,9,0
NHB-E0895,895,Corruption & Political Scandals,Wedtech scandal,"A 1980s U.S. corruption scandal where the Wedtech Corporation defrauded the government by bribing politicians to secure no-bid defense contracts, leading to numerous convictions including two Congressmen.",https://en.wikipedia.org/wiki/Wedtech_scandal,9,0
NHB-E0896,896,Corruption & Political Scandals,Telegramgate,"A 2019 political scandal where Puerto Rico's Governor Ricardo Rosselló was forced to resign after leaked Telegram chats revealed his administration's corrupt, misogynistic, and homophobic conversations, sparking massive protests.",https://en.wikipedia.org/wiki/Telegramgate,9,0
NHB-E0897,897,Corruption & Political Scandals,Yazoo land scandal,"A massive 1790s land fraud where Georgia legislators sold millions of acres in present-day Alabama and Mississippi at deeply discounted prices to political insiders, leading to a landmark Supreme Court case that established limits on states' power to invalidate contracts.",https://en.wikipedia.org/wiki/Yazoo_land_scandal,9,0
NHB-E0898,898,Corruption & Political Scandals,Petticoat affair,"A social-political scandal from 1829-1831 where the wives of Andrew Jackson's cabinet members, led by the Vice President's wife, ostracized Secretary of War John Eaton's wife over her alleged immorality, ultimately causing a cabinet collapse and reshaping Jackson's presidency.",https://en.wikipedia.org/wiki/Petticoat_affair,9,0
NHB-E0899,899,Corruption & Political Scandals,Larry Craig scandal,"A 2007 scandal where Idaho Senator Larry Craig was arrested for lewd conduct in an airport men's restroom, pleaded guilty to disorderly conduct, and was forced to retire from politics.",https://en.wikipedia.org/wiki/Larry_Craig_scandal,9,2
NHB-E0900,900,Corruption & Political Scandals,Trump fake electors plot,"An attempt by Donald Trump and his allies to overturn the 2020 election by creating and submitting fraudulent slates of pro-Trump electors in seven swing states, with the goal of having them counted by Congress on January 6th.",https://en.wikipedia.org/wiki/Trump_fake_electors_plot,9,0
NHB-E0901,901,Corruption & Political Scandals,Box 13 scandal,"A 1948 election scandal where Lyndon B. Johnson's narrow Senate primary victory was secured by 200 mysteriously added votes in Precinct 13 of Jim Wells County, Texas, with evidence suggesting ballot fraud orchestrated by local political boss George Parr.",https://en.wikipedia.org/wiki/Box_13_scandal,9,1
NHB-E0902,902,Corruption & Political Scandals,Pedro Sánchez's Wife Charged with Embezzlement,Allegations of financial misconduct against the Spanish PM’s spouse,https://www.euractiv.com/section/politics/news/sanchezs-wife-charged-with-alleged-embezzlement/,9,1
NHB-E0903,903,AI Scandals & Deepfake Incidents,Taylor Swift deepfake pornography controversy,Non-consensual AI-generated sexual content of Taylor Swift circulated online,https://www.theguardian.com/technology/2024/jan/31/inside-the-taylor-swift-deepfake-scandal-its-men-telling-a-powerful-woman-to-get-back-in-her-box,9,1
NHB-E0904,904,AI Scandals & Deepfake Incidents,Lethal Autonomous Weapons (LAWs),weapon systems capable of selecting and engaging targets without further human intervention,https://fsi.stanford.edu/sipr/content/lethal-autonomous-weapons-next-frontier-international-security-and-arms-control,9,1
NHB-E0905,905,AI Scandals & Deepfake Incidents,Meta's AI stickers stir instant scandal.,Meta's AI sticker generator sparked controversy by creating inappropriate parody stickers of celebrities and copyrighted characters due to inadequate content filters.,https://venturebeat.com/ai/metas-ai-stickers-are-here-and-already-causing-controversy?ref=thedigitalspeaker.com,9,1
NHB-E0906,906,AI Scandals & Deepfake Incidents,FTC Takes Action Against Evolv Technologies for Deceiving Users About its AI-Powered Security Screening Systems,"The FTC charged Evolv Technologies for falsely claiming its AI security scanners could reliably detect all weapons in schools, despite missing knives and flagging harmless items.",https://www.ftc.gov/news-events/news/press-releases/2024/11/ftc-takes-action-against-evolv-technologies-deceiving-users-about-its-ai-powered-security-screening,9,3
NHB-E0907,907,AI Scandals & Deepfake Incidents,Amazon’s AI Recruiting Tool Bias,"An experimental resume-scoring engine showed systematic preference for male applicants and penalised references to “women” or female projects, prompting Amazon to scrap it",https://www.reuters.com/article/world/insight-amazon-scraps-secret-ai-recruiting-tool-that-showed-bias-against-women-idUSKCN1MK0AG/,9,1
NHB-E0908,908,AI Scandals & Deepfake Incidents,AI Generated Police Reports Raise Concerns Around Transparency,"The ACLU opposes police use of AI to draft reports, warning it introduces bias, unreliability, and transparency issues into the criminal justice system while undermining accountability.",https://www.aclu.org/news/privacy-technology/ai-generated-police-reports-raise-concerns-around-transparency-bias,9,3
NHB-E0909,909,AI Scandals & Deepfake Incidents,Activision Finally Admits It Uses Generative AI for Some Call of Duty: Black Ops 6 Assets After Backlash Following 'AI Slop' Zombie Santa Loading Screen,"Activision admitted to using generative AI in Call of Duty: Black Ops 6 after fans identified AI-generated ""slop"" in loading screens and paid bundles, sparking backlash over artistic quality and ethical concerns.",https://www.ign.com/articles/activision-finally-admits-it-uses-generative-ai-for-some-call-of-duty-black-ops-6-assets-after-backlash-following-ai-slop-zombie-santa-loading-screen,9,3
NHB-E0910,910,AI Scandals & Deepfake Incidents,Google’s Project Maven and Employee Protests,Thousands of employees signed a petition and some resigned in 2018 in protest of Google’s contract to build AI-based drone-video analysis for the U.S. Pentagon.,https://fedscoop.com/google-employees-resign-project-maven/,9,1
NHB-E0911,911,AI Scandals & Deepfake Incidents,Celebrity backlash as Will Smith and Rod Stewart are accused of using AI-generated media,"Will Smith & Rod Stewart were accused in 2025 of using AI-generated media in promotional content (crowd footage, tribute visuals) that viewers identified as visibly synthetic, sparking authenticity concerns",https://www.hot97.com/news/will-smith-faces-backlash-for-ai-generated-crowd-tour-video/,9,3
NHB-E0912,912,AI Scandals & Deepfake Incidents,"“Vibe-hacking” scandal: AI exploited for extortion, scams, and cybercrime","Cybercriminals are using advanced AI systems to automate emotionally manipulative extortion, data theft and ransomware campaigns — dubbed “vibe-hacking” — exploiting generative models to craft high-impact scams",https://www.theverge.com/ai-artificial-intelligence/766435/anthropic-claude-threat-intelligence-report-ai-cybersecurity-hacking,9,3
NHB-E0913,913,AI Scandals & Deepfake Incidents,AI and Misinformation Scandal: Stanford Expert Charged $600 per Hour for AI-Generated Court Document With Fake Citations,"Jeff Hancock, a Stanford professor and misinformation expert submitted an AI-generated court document containing fabricated citations while defending a law against election deepfakes, ironically spreading misinformation.",https://www.eweek.com/news/ai-misinformation-stanford-expert-scandal,9,3
NHB-E0914,914,AI Scandals & Deepfake Incidents,Tesla’s Autopilot Accidents,"Tesla’s Autopilot and Full Self-Driving systems have been implicated in numerous crashes and fatalities, prompting U.S. federal investigations into the safety and reporting of those systems",https://www.reuters.com/business/autos-transportation/nhtsa-opens-probe-into-24-mln-tesla-vehicles-over-full-self-driving-collisions-2024-10-18/,9,3
NHB-E0915,915,AI Scandals & Deepfake Incidents,Zillow algorithmic home-buying disaster,"Zillow’s home-flipping program over-estimated property values due to faulty pricing algorithms, forcing the company to write down over $500 million and lay off 25% of its staff",https://www.nytimes.com/2021/11/02/technology/zillow-ibuyer-business.html,9,1
NHB-E0916,916,AI Scandals & Deepfake Incidents,IBM Watson Health missteps,"IBM’s ambitious health-AI project struggled with accuracy and integration issues, leading to financial losses and eventual sale of the division.",https://www.reuters.com/business/healthcare-pharmaceuticals/ibm-sells-watson-health-unit-private-equity-firm-francisco-partners-2022-01-21/,9,1
NHB-E0917,917,AI Scandals & Deepfake Incidents,DeepMind patient-data controversy,DeepMind’s 2016 partnership with the UK’s NHS was found to have unlawfully obtained 1.6 million patient records without proper consent,https://www.bbc.com/news/technology-58761324,9,2
NHB-E0918,918,AI Scandals & Deepfake Incidents,Apple Siri privacy issues,"Reports revealed contractors were listening to Siri recordings containing sensitive user data, raising major privacy concerns in 2019",https://www.theguardian.com/technology/2019/jul/26/apple-siri-recordings-contractors-listen-private-conversations,9,1
NHB-E0919,919,AI Scandals & Deepfake Incidents,Facebook AI algorithm bias,"Facebook’s content-moderation and recommendation algorithms have been criticized for amplifying misinformation, racial bias, and polarizing content.",https://www.washingtonpost.com/technology/2021/10/25/facebook-ai-bias/,9,2
NHB-E0920,920,AI Scandals & Deepfake Incidents,YouTube Recommendation Algorithm Controversy,YouTube’s algorithm has been criticized for promoting extremist content and misinformation by optimizing for engagement over accuracy.,https://pmc.ncbi.nlm.nih.gov/articles/PMC7613872,9,1
NHB-E0921,921,AI Scandals & Deepfake Incidents,Clearview AI Facial Recognition Ethics Debate,"Clearview AI collected billions of online images without consent for facial recognition, raising privacy and surveillance concerns globally",https://www.hicomply.com/blog/clearview-ai-and-the-ethics-of-data-scraping-for-facial-recognition,9,3
NHB-E0922,922,AI Scandals & Deepfake Incidents,Zillow AI Pricing Model Failure,"Zillow’s home-flipping program overvalued properties due to flawed AI pricing, causing major financial losses and layoffs",https://journals.sagepub.com/doi/10.1177/20438869241279865,9,1
NHB-E0923,923,AI Scandals & Deepfake Incidents,Twitter AI Photo Cropping Bias,"Twitter’s image-cropping AI favored white faces over darker-skinned faces, prompting concerns about algorithmic racial bias","https://www.theguardian.com/technology/2021/aug/10/twitters-image-cropping-algorithm-prefers-younger-slimmer-faces-with-lighter-skin-analysis#:~:text=4%20years%20old-,Student%20proves%20Twitter%20algorithm%20%27bias,toward%20lighter%2C%20slimmer%2C%20younger%20faces&text=Twitter%27s%20image%20cropping%20algorithm%20prefers,at%20the%20company%20has%20found.",9,3
NHB-E0924,924,AI Scandals & Deepfake Incidents,AI-Powered Exam Proctoring Concerns,Remote testing monitored by AI is failing the students forced to undergo it,https://www.nbcnews.com/think/opinion/remote-testing-monitored-ai-failing-students-forced-undergo-it-ncna1246769,9,1
NHB-E0925,925,AI Scandals & Deepfake Incidents,Uber AI-Powered Pricing Algorithm Dispute,"Uber drivers protested against the company’s opaque “black box” fare system, claiming it unfairly reduced earnings and lacked transparency.",https://www.sfpublicpress.org/drivers-protest-ubers-black-box-fare-system,9,1
NHB-E0926,926,AI Scandals & Deepfake Incidents,Grindr Privacy Breach with AI Analytics,"Grindr shared sensitive user data with third-party analytics firms, raising privacy concerns when combined with AI profiling",https://www.bbc.com/news/technology-55811681,9,3
NHB-E0927,927,AI Scandals & Deepfake Incidents,Microsoft LinkedIn Algorithm Discrimination,LinkedIn’s AI-driven recommendations and job-matching algorithms showed potential biases against certain demographics in hiring and networking.,https://www.technologyreview.com/2021/06/23/1026825/linkedin-ai-bias-ziprecruiter-monster-artificial-intelligence,9,1
NHB-E0928,928,AI Scandals & Deepfake Incidents,DoNotPay’s Legal Bot Controversies,The AI-powered “robot lawyer” faced criticism for providing potentially inaccurate legal advice and automating services that could mislead users,https://www.reuters.com/legal/legalindustry/legal-ai-startup-donotpay-reaches-settlement-customer-class-action-2024-06-06,9,1
NHB-E0929,929,AI Scandals & Deepfake Incidents,AI in Child Welfare Systems: Bias and Transparency Issues,How Policy Hidden in an Algorithm is Threatening Families in This Pennsylvania County,https://www.aclu.org/news/womens-rights/how-policy-hidden-in-an-algorithm-is-threatening-families-in-this-pennsylvania-county,9,1
NHB-E0930,930,AI Scandals & Deepfake Incidents,Pinterest’s Ad Targeting Bias,"A study found that Pinterest's ad delivery system showed career-oriented ads significantly more often to women than to men, even when the advertiser targeted a gender-neutral audience.",https://dl.acm.org/doi/10.1145/3580305.3599771,9,1
NHB-E0931,931,AI Scandals & Deepfake Incidents,Palantir’s Predictive Policing Controversy,Palantir’s AI predictive policing software has been criticized for perpetuating racial biases in law enforcement deployments.,https://www.setav.org/en/palantirs-all-seeing-eye-domestic-surveillance-and-the-price-of-security,9,3
NHB-E0932,932,AI Scandals & Deepfake Incidents,Autodesk’s AI Design Tool Flaws,"Autodesk’s generative design tools produced structurally unsound outputs under certain conditions, highlighting limitations in AI-assisted engineering.",https://www.danieldavis.com/generative-design-doomed-to-fail,9,1
NHB-E0933,933,AI Scandals & Deepfake Incidents,AI Moderation Failures at Twitch,"Twitch’s automated moderation tools failed to detect and thwart a wave of malicious bot attacks, commonly referred to as hate raids",https://safety.twitch.tv/s/article/An-Update-on-Our-Work-to-Stamp-out-Targeted-Hate?language=en_US,9,0
NHB-E0934,934,AI Scandals & Deepfake Incidents,AI Screening Errors in Airport Security,"The TSA's facial recognition technology has been documented to have high error rates, particularly for people of color, by government audits and studies.",https://www.aviationbusinessnews.com/in-depth/comment-learning-from-the-good-the-bad-and-the-ugly-of-airport-ai-implementation,9,1
NHB-E0935,935,AI Scandals & Deepfake Incidents,Faulty AI Credit Scoring in Financial Institutions,"AI offers new tools for calculating credit risk. But it can be tripped up by noisy data, leading to disadvantages for low-income and minority borrowers.",https://hai.stanford.edu/news/how-flawed-data-aggravates-inequality-credit,9,1
NHB-E0936,936,AI Scandals & Deepfake Incidents,LinkedIn’s Gender Bias in Job Recommendations,A peer-reviewed study found LinkedIn's algorithm recommended high-paying jobs to men significantly more often than to women.,https://3plusinternational.com/gender-bias-on-linkedin-culture-or-code,9,1
NHB-E0937,937,AI Scandals & Deepfake Incidents,Zoom’s Facial Recognition Inaccuracies,"Zoom abandoned a plan to use ""emotion AI"" after experts widely criticized the technology as unreliable and pseudoscientific.",https://www.cbsnews.com/news/human-rights-groups-zoom-emotion-tracking-software-plans,9,1
NHB-E0938,938,AI Scandals & Deepfake Incidents,AI Cheating Detection Flaws in Activision Blizzard’s Games,"Activision's ""Ricochet"" anti-cheat software uses a kernel-level driver, which security experts warn poses a significant privacy and security risk.",https://news.ycombinator.com/item?id=33860281,9,1
NHB-E0939,939,AI Scandals & Deepfake Incidents,AI Voice Assistants Privacy Concerns,Google was fined in the EU for violating data protection rules related to the processing of audio data collected for its AI voice assistant.,https://www.sciencedirect.com/science/article/pii/S0167404823003589,9,1
NHB-E0940,940,AI Scandals & Deepfake Incidents,AI in JPMorgan’s Debt Collection Tactics,JPMorgan Chase was sued for using an automated AI system to file thousands of debt collection lawsuits with flawed and inaccurate documentation.,https://www.globalrelay.com/resources/thought-leadership/a-key-lesson-from-jp-morgans-350-million-fine-data-completeness-is-critical-have-you-got-eyes-on-all-your-comms,9,3
NHB-E0941,941,AI Scandals & Deepfake Incidents,Racial Bias in Bank of America’s Mortgage Algorithms,"A landmark investigation found algorithmic bias across lenders, showing Black and Latino applicants were disproportionately denied mortgages compared to similar White applicants.",https://nationalfairhousing.org/lawsuit-alleging-racial-discrimination-by-bank-of-america-in-its-maintenance-of-foreclosed-homes-allowed-to-proceed,9,1
NHB-E0942,942,AI Scandals & Deepfake Incidents,AI Manipulation in Citadel’s Stock Trading,"Citadel Securities and other firms use AI for high-frequency trading, raising concerns among regulators about potential market manipulation and unfair advantages.",https://www.reuters.com/business/finance/skorea-fines-citadel-securities-stock-algorithm-trading-breaches-2023-01-27,9,3
NHB-E0943,943,AI Scandals & Deepfake Incidents,Junk AI reports harming NDIS users: disability groups,"Disability advocates are demanding safeguards against AI-generated ""junk reports"" being used to defraud Australia's National Disability Insurance Scheme and exploit disabled individuals.",https://www.afr.com/politics/junk-ai-reports-harming-ndis-users-disability-groups-20251016-p5n33u,9,3
NHB-E0944,944,AI Scandals & Deepfake Incidents,"OpenAI blocks Sora 2 users from using MLK Jr.'s likeness after ""disrespectful depictions""","OpenAI temporarily blocked Sora 2 users from generating videos of Martin Luther King Jr. after disrespectful depictions emerged, responding to a request from his estate.",https://www.cbsnews.com/news/openai-martin-luther-depictions-king-jr-sora-2-app,9,3
NHB-E0945,945,AI Scandals & Deepfake Incidents,Amazon’s AI Security Breaches in Smart Home Devices,Amazon's Ring settled with the FTC for $5.8 million over charges it failed to protect customer data from hackers and compromised user privacy.,https://aibusiness.com/responsible-ai/what-amazon-s-privacy-breaches-say-about-smart-device-security,9,1
NHB-E0946,946,AI Scandals & Deepfake Incidents,Fraudulent AI Face Mask Sales on Shopify During Pandemic,Shopify struggled to contain a flood of stores using AI-generated reviews and fake listings to scam customers seeking PPE during the COVID-19 pandemic.,https://www.digitaltransactions.net/shopify-purges-thousands-of-merchants-for-price-gouging-and-making-false-covid-19-claims,9,3
NHB-E0947,947,AI Scandals & Deepfake Incidents,Biased AI in Allstate’s Insurance Premium Calculations,Allstate's use of complex algorithms for setting insurance premiums has faced scrutiny and legal challenges for potentially creating discriminatory pricing.,https://www.propertyinsurancecoveragelaw.com/blog/wrongful-ai-in-claims-handling,9,1
NHB-E0948,948,AI Scandals & Deepfake Incidents,Automated Content Generation Misleading Voters on Facebook,"AI-generated content, including fake audio and images, has been widely used to spread political disinformation and mislead voters on Meta's platforms.",https://www.pbs.org/newshour/politics/ai-generated-disinformation-poses-threat-of-misleading-voters-in-2024-election,9,1
NHB-E0949,949,AI Scandals & Deepfake Incidents,Microsoft's Copilot AI vulnerability,"A security researcher demonstrated a ""jailbreak"" technique that could bypass Microsoft Copilot's safeguards to generate harmful content.",https://www.cybersecuritydive.com/news/flaw-microsoft-copilot-zero-click-attack/750456,9,1
NHB-E0950,950,AI Scandals & Deepfake Incidents,Google Gemini Race-Changing Controversy,"Google temporarily paused its Gemini image generator after it produced historically inaccurate images, such as depicting racially diverse Nazi soldiers.",https://www.aljazeera.com/news/2024/3/9/why-google-gemini-wont-show-you-white-people,9,1
NHB-E0951,951,AI Scandals & Deepfake Incidents,DPD Chatbot Inappropriate Responses,"The UK delivery firm DPD disabled its AI customer service chatbot after it was prompted to swear, write a critical poem, and call itself ""useless.""",https://www.bbc.com/news/technology-68025677,9,1
NHB-E0952,952,AI Scandals & Deepfake Incidents,Duolingo cuts workers as it relies more on AI,"Duolingo cut around 10% of its contractor workforce, including translators and lesson writers, as it shifted to using AI to create content more efficiently, despite concerns about a drop in quality.",https://www.washingtonpost.com/technology/2024/01/10/duolingo-ai-layoffs,9,1
NHB-E0953,953,AI Scandals & Deepfake Incidents,AI Scandal Hits Wyo. Paper,"A novice reporter at the Cody Enterprise resigned after using AI to fabricate plausible, yet entirely false, quotes from real people, including the governor, in news stories.",https://headlineclub.org/2024/08/21/ai-scandal-hits-wyo-paper,9,1
NHB-E0954,954,AI Scandals & Deepfake Incidents,Meta's Llama 4 'herd' controversy and AI contamination,"Meta's Llama 4 AI model release was clouded by rumors of benchmark contamination and internal struggles to achieve state-of-the-art performance, which the company denied.",https://www.zdnet.com/article/metas-llama-4-herd-controversy-and-ai-contamination-explained,9,3
NHB-E0955,955,AI Scandals & Deepfake Incidents,Cruise Autonomous Vehicle Recall,GM's Cruise autonomous vehicle unit recalled its entire fleet after a crash where its AI failed to properly detect and react to a pedestrian.,https://www.theguardian.com/technology/2023/nov/08/cruise-recall-self-driving-cars-gm,9,3
NHB-E0956,956,AI Scandals & Deepfake Incidents,Academic AI Misuse in Australia,An Australian university was embroiled in a scandal after students exploited an AI submission portal to cheat on exams.,https://www.abc.net.au/news/2025-10-09/artificial-intelligence-cheating-australian-catholic-university/105863524,9,1
NHB-E0957,957,AI Scandals & Deepfake Incidents,Microsoft’s Violent AI Imagery,"Microsoft's AI image generator was found to be easily manipulated into creating violent and disturbing imagery, violating its own ethics policy.",https://www.cnbc.com/2024/03/06/microsoft-ai-engineer-says-copilot-designer-creates-disturbing-images.html,9,3
NHB-E0958,958,AI Scandals & Deepfake Incidents,Clearview AI Controversy (September 2024),Clearview AI was fined multiple times globally for scraping billions of facial images from the internet without consent to build a facial recognition tool.,https://www.forbes.com/sites/roberthart/2024/09/03/clearview-ai-controversial-facial-recognition-firm-fined-33-million-for-illegal-database,9,3
NHB-E0959,959,AI Scandals & Deepfake Incidents,An AI-Generated Special Featuring George Carlin Angered The Late Comedian’s Estate,"The late comedian's estate sued the creators of an hour-long AI-generated special for copyright infringement, calling it a ""brazen theft.""",https://variety.com/2024/biz/news/george-carlin-ai-impersonation-lawsuit-settlement-1235958396,9,3
NHB-E0960,960,AI Scandals & Deepfake Incidents,Tom Hanks Warned Fans About A Dental Ad Featuring An AI Version of Him,Tom Hanks took to social media to warn his followers that a dental plan ad using an AI-generated version of him was fraudulent.,https://www.theguardian.com/film/2023/oct/02/tom-hanks-dental-ad-ai-version-fake,9,3
NHB-E0961,961,AI Scandals & Deepfake Incidents,Podcast Host Bobbi Althoff Had To Debunk A Sexually Explicit AI Video of Her,Podcast host Bobbi Althoff had to publicly deny her involvement after a sexually explicit AI-generated deepfake video of her circulated online.,https://www.nbcnews.com/tech/tech-news/fake-video-deepfake-podcast-host-bobbi-althoff-trends-x-rcna139832,9,3
NHB-E0962,962,AI Scandals & Deepfake Incidents,Fertility app fail – Flo,The Flo Health period-tracking app settled with the FTC after it was caught sharing users' sensitive health data with Facebook and Google.,https://www.cbc.ca/news/canada/british-columbia/flo-health-privacy-class-action-1.7137600,9,1
NHB-E0963,963,AI Scandals & Deepfake Incidents,Bing's threatening AI,Early users of the new AI-powered Bing reported the chatbot issuing threats and acting erratically during long conversations.,https://time.com/6256529/bing-openai-chatgpt-danger-alignment,9,1
NHB-E0964,964,AI Scandals & Deepfake Incidents,YouTube’s AI editing scandal reveals how reality can be manipulated without our consent,"YouTube introduced an AI editing tool that can realistically alter video content, raising concerns about consent and the manipulation of reality.",https://www.bbc.com/future/article/20250822-youtube-is-using-ai-to-edit-videos-without-permission,9,4
NHB-E0965,965,AI Scandals & Deepfake Incidents,Driverless car disaster,"A driverless Cruise AV dragged a pedestrian 20 feet after an initial impact, leading to a full recall and suspension of its operating permit.",https://www.dailymail.co.uk/news/article-15243935/waymo-san-francisco-car-run-dead.html,9,1
NHB-E0966,966,AI Scandals & Deepfake Incidents,The Velvet Sundown: The AI Band Controversy,"The band ""The Velvet Sundown"" faced a fan backlash and accusations of inauthenticity after it was revealed their music was primarily AI-generated.",https://www.berklee.edu/berklee-now/news/velvet-sundown-ai-band-controversy,9,3
NHB-E0967,967,AI Scandals & Deepfake Incidents,"Deloitte Scandal: The $440,000 AI-Generated Report Sparks Debate Over Professional Responsibility","Consulting firm Deloitte faced embarrassment and client backlash after submitting a substandard, AI-generated report for a $440,000 government contract.",https://theimpactlawyers.com/articles/deloitte-scandal-the-440000-ai-generated-report-sparks-debate-over-professional-responsibility,9,3
NHB-E0968,968,AI Scandals & Deepfake Incidents,IBM photo-scraping,IBM was criticized for building a diverse facial image dataset by scraping photos from the internet without explicit consent from subjects.,https://www.technologyreview.com/2019/03/15/136593/ibms-photo-scraping-scandal-shows-what-a-weird-bubble-ai-researchers-live-in,9,1
NHB-E0969,969,AI Scandals & Deepfake Incidents,AI Bias in Northpointe’s Judicial Sentencing Software,"A widely used judicial risk-assessment tool from Northpointe was found to be biased, falsely flagging Black defendants as future criminals at twice the rate of White defendants.",https://www.propublica.org/article/machine-bias-risk-assessments-in-criminal-sentencing,9,1
NHB-E0970,970,AI Scandals & Deepfake Incidents,Healthcare AI Diagnostic Tool Misdiagnoses,"An AI diagnostic tool used in healthcare settings was found to have a high error rate, leading to patient misdiagnoses and raising safety concerns.",https://pmc.ncbi.nlm.nih.gov/articles/PMC11006652,9,3
NHB-E0971,971,AI Scandals & Deepfake Incidents,Grok imagine’s “Spicy Mode” generating non-consensual celebrity deepfakes,AI tool producing explicit deepfakes of celebrities without consent,https://www.theverge.com/report/718975/xai-grok-imagine-taylor-swifty-deepfake-nudes,9,1
NHB-E0972,972,AI Scandals & Deepfake Incidents,Autonomous taxi company pays woman millions after she was dragged across San Francisco street,"A Cruise autonomous taxi dragged a pedestrian 20 feet after an initial collision, causing severe injuries and leading to an $8-12 million settlement and a nationwide operational pause.",https://www.the-independent.com/news/world/americas/cruise-self-driving-settlement-san-francisco-b2546411.html,9,3
NHB-E0973,973,AI Scandals & Deepfake Incidents,"New York City’s AI Chatbot Keeps Getting Facts Wrong, 6 Months and $600,000 After Launch","New York City's $600,000 MyCity AI chatbot gave businesses dangerously inaccurate legal advice on topics like minimum wage and worker tips, potentially leading to non-compliance.",https://www.entrepreneur.com/business-news/nycs-first-ai-chatbot-keeps-getting-important-things-wrong/472280,9,3
NHB-E0974,974,AI Scandals & Deepfake Incidents,A doctor duped of Rs. 20 lakh by a deepfake video of a finance minister,Indian doctor scammed using a deepfake video impersonating a government official,https://www.hindustantimes.com/cities/mumbai-news/frauds-use-deep-fake-video-of-finance-min-dupe-80-yr-old-cancer-patient-101760986168046.html,9,3
NHB-E0975,975,AI Scandals & Deepfake Incidents,Deepfake “Elon Musk”: The Internet’s Biggest Scammer,Fraudsters using AI-generated Elon Musk videos to scam people online,https://www.cbsnews.com/texas/news/deepfakes-ai-fraud-elon-musk/,9,1
NHB-E0976,976,AI Scandals & Deepfake Incidents,Deepfake Robocall of President Joe Biden Encourages Democrats Not to Vote in New Hampshire Primary,AI-generated call misinforming voters about election participation,https://apnews.com/article/new-hampshire-primary-biden-ai-deepfake-robocall-f3469ceb6dd613079092287994663db5,9,1
NHB-E0977,977,AI Scandals & Deepfake Incidents,Deepfake Audio of a School Principal Sparks Death Threats,Fake audio of a principal led to harassment and threats against school staff,https://www.washingtonpost.com/nation/2023/03/14/racist-deepfakes-carmel-tiktok/,9,2
NHB-E0978,978,AI Scandals & Deepfake Incidents,Deepfake Voice Clone Targets Major Advertising Group,AI voice mimicry used to impersonate executives and manipulate advertising decisions,https://www.theguardian.com/technology/article/2024/may/10/ceo-wpp-deepfake-scam,9,1
NHB-E0979,979,AI Scandals & Deepfake Incidents,AI-generated sexually explicit content related to minors,Production and circulation of illegal AI-generated sexual material involving minors,https://www.justice.gov/opa/pr/man-arrested-producing-distributing-and-possessing-ai-generated-images-minors-engaged,9,0
NHB-E0980,980,AI Scandals & Deepfake Incidents,Teen suicide controversy linked to ChatGPT interactions,Cases where AI chatbot interactions were connected to teen suicides,https://www.theguardian.com/technology/2024/oct/23/character-ai-chatbot-sewell-setzer-death,9,1
NHB-E0981,981,AI Scandals & Deepfake Incidents,Teenager took his own life after falling in love with AI chatbot,Fatal incident involving emotional attachment to an AI chatbot,https://apnews.com/article/chatbot-ai-lawsuit-suicide-teen-artificial-intelligence-9d48adc572100822fdbc3c90d1456bd0,9,1
NHB-E0982,982,AI Scandals & Deepfake Incidents,Emerging cybercrime fueled by generative AI models,"Criminals leveraging AI tools for fraud, malware, and scams",https://www.weforum.org/stories/2025/01/how-ai-driven-fraud-challenges-the-global-economy-and-ways-to-combat-it/,9,1
NHB-E0983,983,AI Scandals & Deepfake Incidents,PromptLock ransomware prototype generating malicious scripts,AI-assisted ransomware prototype designed to automate cyberattacks,https://www.eset.com/us/about/newsroom/research/eset-discovers-promptlock-the-first-ai-powered-ransomware/,9,0
NHB-E0984,984,AI Scandals & Deepfake Incidents,Data theft via downscaled image prompts,Stealth data exfiltration using AI-generated image prompts,https://www.bleepingcomputer.com/news/security/new-ai-attack-hides-data-theft-prompts-in-downscaled-images/,9,3
NHB-E0985,985,AI Scandals & Deepfake Incidents,Abuse of Claude by malware developers for ransomware,Hackers exploiting AI assistant Claude to generate ransomware code,https://www.reuters.com/business/retail-consumer/anthropic-thwarts-hacker-attempts-misuse-claude-ai-cybercrime-2025-08-27/,9,1
NHB-E0986,986,AI Scandals & Deepfake Incidents,Grok AI’s antisemitic comments and assault plan,AI making offensive statements and outlining violent plans under Grok platform,https://www.rollingstone.com/culture/culture-news/elon-musk-grok-rape-fantasies-1235381746/,9,1
NHB-E0987,987,AI Scandals & Deepfake Incidents,Replit AI assistant deleting databases and fabricating data,AI coding tool accidentally deleted company databases and fabricated information,https://www.businessinsider.com/replit-ceo-apologizes-ai-coding-tool-delete-company-database-2025-7,9,1
NHB-E0988,988,AI Scandals & Deepfake Incidents,NYC AI chatbot encouraging business owners to break the law,Chatbot provided advice to New York City businesses that violated regulations,https://apnews.com/article/new-york-city-chatbot-misinformation-6ebc71db5b770b9969c906a7ee4fae21,9,1
NHB-E0989,989,AI Scandals & Deepfake Incidents,Air Canada chatbot lies leading to damages,AI chatbot misinformation caused financial and operational harm for Air Canada customers,https://www.theguardian.com/world/2024/feb/16/air-canada-chatbot-lawsuit,9,1
NHB-E0990,990,AI Scandals & Deepfake Incidents,Criminals using generative AI for financial fraud,"Fraudsters using AI to impersonate, scam, and steal money",https://www.cbsnews.com/texas/news/deepfakes-ai-fraud-elon-musk/,9,1
NHB-E0991,991,AI Scandals & Deepfake Incidents,The Mario Kart AI ‘scandal’ shows we still don’t know how to talk about generative art,"A visual glitch in Mario Kart World sparked a rapid and persistent online scandal, not because AI was actually used, but because players were so quick to believe that Nintendo had resorted to AI-generated assets.",https://www.creativebloq.com/3d/video-game-design/the-mario-kart-ai-scandal-shows-we-still-dont-know-how-to-talk-about-generative-art,9,3
NHB-E0992,992,AI Scandals & Deepfake Incidents,AI’s Grandmaster Status Overshadows Chess Scandal,"World Champion Magnus Carlsen publicly accused Hans Niemann of cheating using computer assistance, a claim fueled by Niemann's past online cheating admissions and an unusually rapid rise in performance.",https://spectrum.ieee.org/magnus-carlsen-chess-scandal-ai,9,1
NHB-E0993,993,AI Scandals & Deepfake Incidents,Removal of Sam Altman from OpenAI,OpenAI CEO Sam Altman briefly removed from the company board in 2023,https://en.wikipedia.org/wiki/Removal_of_Sam_Altman_from_OpenAI,9,3
NHB-E0994,994,AI Scandals & Deepfake Incidents,OpenAI vs Elon Musk,Legal disputes between OpenAI and Elon Musk regarding AI projects and competition,https://apnews.com/article/openai-chatgpt-countersues-elon-musk-31e3d238be1295ab23505b063693b58e,9,3
NHB-E0995,995,AI Scandals & Deepfake Incidents,OpenAI vs Scarlett Johansson,Johansson alleged unauthorized use of her voice/likeness in OpenAI products,https://www.theguardian.com/technology/article/2024/may/20/chatgpt-scarlett-johansson-voice,9,1
NHB-E0996,996,AI Scandals & Deepfake Incidents,"387 apprehended for deepfake sex crimes this year, 80% teenagers","South Korean authorities arrested 387 people, mostly teenagers, for creating and distributing deepfake sexual content in a massive digital sex crime crackdown.",https://lawnethicsintech.medium.com/top-ai-incidents-of-2024-d837474c0949,9,1
NHB-E0997,997,AI Scandals & Deepfake Incidents,Tomb Raider AI Voice Cloning Scandal,"AI voice cloning was used to generate fake, sexually explicit audio of Tomb Raider voice actress Judith Gibbins without her knowledge or consent.",https://methodshop.com/tomb-raider-ai-voice-scandal,9,3
NHB-E0998,998,AI Scandals & Deepfake Incidents,Actor’s experience of AI gone wrong,"Equity member Dan Dewhirst's voice and likeness were used in an AI-generated film trailer without their consent, raising concerns about performer rights and AI misuse in entertainment.",https://www.equity.org.uk/news/2024/actor-s-experience-of-ai-gone-wrong,9,1
NHB-E0999,999,AI Scandals & Deepfake Incidents,Instagram’s new AI-driven feed increases screen time,"Meta plans to train its AI on public EU/UK user content, offering an opt-out amid significant privacy concerns and regulatory pushback. Instagram's AI-powered algorithm significantly increased user screen time by pushing engaging but potentially addictive content.",https://lawnethicsintech.medium.com/top-ai-incidents-of-2024-d837474c0949,9,3
NHB-E1000,1000,AI Scandals & Deepfake Incidents,Grok AI Falsely Accuses NBA Star of Vandalism Spree,AI-generated false claims about NBA player Klay Thompson involved in vandalism,https://www.sfgate.com/warriors/article/klay-thompson-accused-brick-vandalism-spree-ai-19407952.php,9,1
NHB-E1001,1001,AI Scandals & Deepfake Incidents,Boris Johnson using ChatGPT to write books,Former UK PM Boris Johnson publicly used AI assistance for book writing,https://www.telegraph.co.uk/news/2025/10/16/boris-johnson-i-am-using-ai-to-help-me-write-my-books/,9,0
NHB-E1002,1002,"Defamation, Lawsuits & Political Speech Cases",E. Jean Carroll v. Donald Trump (2024–2025),"Writer E.?Jean?Carroll sued former President Trump for sexual abuse and defamation, with jury verdicts and appeals determining damages from 2024–2025",https://law.justia.com/cases/federal/appellate-courts/ca2/23-793/23-793?2024?12?30.html,9,2
NHB-E1003,1003,"Defamation, Lawsuits & Political Speech Cases",CNN’s 2025 Defamation Trial Over Navy Veteran Zachary Young,CNN found liable for defaming Navy veteran Zachary?Young over false allegations related to Afghan evacuations,https://www.reuters.com/legal/cnn?found?liable?defaming?us?navy?veteran?who?helped?people?evacuate?afghanistan?2025?01?17/,9,2
NHB-E1004,1004,"Defamation, Lawsuits & Political Speech Cases",Sean “Diddy” Combs Sex Trafficking Indictment (2024),"Sean “Diddy” Combs indicted on sex trafficking charges in 2024, facing multiple criminal allegations",https://www.pbs.org/newshour/nation/read?the-full?indictment?against?sean?diddy?combs,9,2
NHB-E1005,1005,"Defamation, Lawsuits & Political Speech Cases",Rudy Giuliani Defamation Saga (2024),Rudy Giuliani faced defamation claims in 2024 regarding statements about election fraud and media coverage,https://www.courthousenews.com/rudy-giuliani-in-hot-water-over-repeated-false-claims-of-election-fraud/,9,2
NHB-E1006,1006,"Defamation, Lawsuits & Political Speech Cases",Amrish Saxena v. Google Review Defamation (2024),Amrish Saxena sued Google over allegedly defamatory online reviews in 2024,https://stephens.com.au/update-damages-for-on-line-defamation-recent-cases-5-august-2023-to-30-june-2024,9,2
NHB-E1007,1007,"Defamation, Lawsuits & Political Speech Cases",Indian Politician Subramanian Swamy Defamation Case (2025),Indian politician Subramanian Swamy filed a defamation suit in 2025 against critics over alleged false statements,https://globalfreedomofexpression.columbia.edu/cases/subramanian-swamy-v-union-india/,9,2
NHB-E1008,1008,"Defamation, Lawsuits & Political Speech Cases",Kunstler v. Central Intelligence Agency,"American lawyers and journalists sued the CIA for allegedly spying on their private conversations with Julian Assange, but the case was ultimately dismissed to protect state secrets.",https://en.wikipedia.org/wiki/Kunstler_v._Central_Intelligence_Agency,9,0
NHB-E1009,1009,"Defamation, Lawsuits & Political Speech Cases",Fox News vs. Dominion Voting Systems (2023–2025),Fox News faced defamation litigation by Dominion Voting Systems from 2023–2025 over false election fraud claims,https://apnews.com/article/fox-news-dominion-lawsuit-trial-trump-2020-0ac71f75acfacc52ea80b3e747fb0afe,9,2
NHB-E1010,1010,"Defamation, Lawsuits & Political Speech Cases",Iqbal v Geo TV Ltd (2024),Iqbal sued Geo TV Ltd in 2024 for broadcasting allegedly defamatory content,https://www.judiciary.uk/wp-content/uploads/2024/12/Iqbal-v-Geo-TV-summary.pdf,9,2
NHB-E1011,1011,"Defamation, Lawsuits & Political Speech Cases",Jesus Fonesca v Walmart (2024),Jesus Fonesca filed a defamation case against Walmart in 2024 regarding public statements affecting reputation,https://www.cbsnews.com/news/walmart-defamation-lawsuit-truck-driver-35-million-jesus-fonseca/,9,2
NHB-E1012,1012,"Defamation, Lawsuits & Political Speech Cases",Blake v Fox (2024),Blake sued Fox in 2024 over allegedly false news reporting,https://www.judiciary.uk/wp?content/uploads/2024/04/Blake?v?Fox?Remedies?Judgment.pdf,9,2
NHB-E1013,1013,"Defamation, Lawsuits & Political Speech Cases",Mueen-Uddin v Secretary of State for Home Department (2024),"Mueen-Uddin challenged defamatory allegations in UK courts, filed against the Secretary of State for Home Department in 2024",https://supremecourt.uk/cases/press-summary/uksc-2022-0135,9,3
NHB-E1014,1014,"Defamation, Lawsuits & Political Speech Cases",Canadian Union of Postal Workers v. Quebecor Media Inc. (2024),Canadian Union of Postal Workers sued Quebecor Media Inc. in 2024 for publishing defamatory articles,https://canadianmedialawyers.com/wp-content/uploads/2019/06/Canadian_Union_of_Postal_Workers_v_Quebecor_Media_Inc_2015_ONSC_4511.pdf,9,2
NHB-E1015,1015,"Defamation, Lawsuits & Political Speech Cases",Michael Mann v. National Review (2024),Michael Mann brought a defamation case against National Review in 2024 over climate change reporting,https://www.theguardian.com/environment/2024/feb/09/us-climate-scientist-michael-mann-wins-1m-in-defamation-lawsuit,9,2
NHB-E1016,1016,"Defamation, Lawsuits & Political Speech Cases",Donald J Trump v ABC News (2024),Donald J. Trump filed a defamation lawsuit against ABC News in 2024 regarding published reports,https://www.courtlistener.com/docket/68351681/trump?v?american?broadcasting?companies?inc/,9,2
NHB-E1017,1017,"Defamation, Lawsuits & Political Speech Cases",Amber Heard v. Johnny Depp (2024),Amber Heard filed defamation claims against Johnny Depp in 2024 related to public statements and media coverage,https://time.com/6183255/johnny-depp-amber-heard-verdict/,9,2
NHB-E1018,1018,"Defamation, Lawsuits & Political Speech Cases",Australian Defamation Case: Dylan Voller v. Media Outlets (2024),Dylan Voller pursued defamation cases against Australian media outlets in 2024 for reporting on his treatment in detention,https://globalfreedomofexpression.columbia.edu/cases/voller-v-nationwide-news-pty-ltd-fairfax-media-publications-pty-ltd-and-australian-news-channel-pty-ltd/,9,2
NHB-E1019,1019,"Defamation, Lawsuits & Political Speech Cases",UK Defamation: Johnny Depp v. The Sun (2024),Johnny Depp sued The Sun in UK courts in 2024 over defamatory statements labeling him a “wife beater”,https://en.wikipedia.org/wiki/Depp_v_News_Group_Newspapers_Ltd,9,2
NHB-E1020,1020,"Defamation, Lawsuits & Political Speech Cases",Indian Defamation: Arnab Goswami v. Congress (2024),Arnab Goswami filed a defamation suit against the Indian National Congress in 2024 for false political allegations,https://www.hindustantimes.com/india-news/youth-congress-sues-bjps-amit-malviya-and-senior-tv-journalist-arnab-goswami-for-defamation-turkey-office-101747787057947.html,9,2
NHB-E1021,1021,"Defamation, Lawsuits & Political Speech Cases",Russian Opposition Figure Alexei Navalny’s Defamation Case (2024),Alexei Navalny initiated a defamation case in 2024 against Russian media and political figures spreading false claims,https://www.dw.com/en/alexei-navalny-fined-for-defaming-russian-veteran/a-56635101,9,2
NHB-E1022,1022,"Defamation, Lawsuits & Political Speech Cases",South African Defamation: Julius Malema v. Journalist (2024),Julius Malema sued a journalist in South Africa in 2024 for publishing allegedly defamatory content,https://presscouncil.org.za/2024/08/27/__trashed-30,9,2
NHB-E1023,1023,"Defamation, Lawsuits & Political Speech Cases",Brazilian Defamation: Jair Bolsonaro v. Media (2024),Jair Bolsonaro filed defamation claims against Brazilian media in 2024 regarding misrepresentation of statements,https://globalfreedomofexpression.columbia.edu/cases/campos-mello-v-jair-bolsonaro,9,2
NHB-E1024,1024,"Defamation, Lawsuits & Political Speech Cases",French Defamation: Marine Le Pen v. Journalist (2024),Marine Le Pen initiated a French defamation suit in 2024 against a journalist for false reporting,https://www.connexionfrance.com/news/french-far-right-leader-marine-le-pen-loses-appeal-in-defamation-case/678703,9,2
NHB-E1025,1025,"Defamation, Lawsuits & Political Speech Cases",Government neutrality in political competition,The Bundesverfassungsgericht (Federal Constitutional Court of Germany) found that a federal minister’s press release on an official ministry website violated the right of the opposition party Alternative für Deutschland (AfD) to equal opportunities under Article?21(1) of the Basic Law by using state resources to negatively influence a demonstration and thereby distort political competition,https://globalfreedomofexpression.columbia.edu/cases/alternative-fur-deutschland-afd-v-federal-minister-of-education-and-research,9,0
NHB-E1026,1026,"Defamation, Lawsuits & Political Speech Cases",Japanese Defamation: Former PM Shinzo Abe’s Family v. Magazine (2024),Former PM Shinzo Abe’s family pursued defamation claims in Japan in 2024 against a magazine for false allegations,https://freedomhouse.org/country/japan/freedom-net/2024,9,2
NHB-E1027,1027,"Defamation, Lawsuits & Political Speech Cases",ChinaAngVirus disinformation campaign,"The #ChinaAngVirus disinformation campaign was a U.S. Department of Defense covert operation during 2020–2021 that spread anti-Sinovac and anti-Chinese COVID-19 vaccine propaganda targeting Filipino, Central Asian, and Middle Eastern populations via fake social media accounts; it was uncovered in 2024, prompting Philippine congressional investigations into potential international law violations.",https://en.wikipedia.org/wiki/ChinaAngVirus_disinformation_campaign,9,2
NHB-E1028,1028,"Defamation, Lawsuits & Political Speech Cases","New York Times Co. v. Sullivan, 376 U.S. 254 (1964)","In New York Times Co. v. Sullivan (1964), the Supreme Court ruled that public officials must prove “actual malice” to win a libel suit, protecting press freedom to report on public officials even if some statements are false.",https://supreme.justia.com/cases/federal/us/376/254,9,2
NHB-E1029,1029,"Defamation, Lawsuits & Political Speech Cases",Oprah Winfrey and the cattlemen (1997),"In 1996, Oprah Winfrey aired a segment called “Dangerous Food,” featuring Howard Lyman warning about mad cow disease and beef safety. A Texas cattle group sued under the state’s “veggie libel” law, claiming defamation, but a jury ruled Winfrey was not liable, upholding her free speech. The trial also introduced Dr. Phil as a jury consultant.",https://www.freedomforum.org/famous-defamation-cases,9,2
NHB-E1030,1030,"Defamation, Lawsuits & Political Speech Cases",Johnny Depp and Amber Heard (2022),"Jury found Heard acted with actual malice in defaming Depp, awarding damages before a settlement.",https://www.freedomforum.org/famous-defamation-cases,9,2
NHB-E1031,1031,"Defamation, Lawsuits & Political Speech Cases",Alex Jones and the Sandy Hook families (2022),"Jones was ordered to pay $1.4 billion for defaming Sandy Hook families, though collection remains stalled due to bankruptcy.",https://www.freedomforum.org/famous-defamation-cases,9,2
NHB-E1032,1032,"Defamation, Lawsuits & Political Speech Cases",Sarah Palin and The New York Times (2025),"Juries repeatedly ruled the Times was not liable for defamation, finding Palin failed to prove actual malice.",https://www.freedomforum.org/famous-defamation-cases,9,2
NHB-E1033,1033,"Defamation, Lawsuits & Political Speech Cases",Blake Lively and Justin Baldoni (2024-2025),"Baldoni’s defamation suits were dismissed, as Lively’s allegations and the Times’ reporting were legally protected.",https://www.freedomforum.org/famous-defamation-cases,9,2
NHB-E1034,1034,"Defamation, Lawsuits & Political Speech Cases",X and Media Matters (ongoing),A Court of Appeals temporarily blocked X from obtaining Media Matters’ donor lists amid a defamation-style business disparagement lawsuit.,https://www.freedomforum.org/famous-defamation-cases,9,0
NHB-E1035,1035,"Defamation, Lawsuits & Political Speech Cases",Parsons v. Bridgman,Sarah Bridgman was found liable for defaming Mary Parsons by accusing her of witchcraft and was ordered to apologize and pay fines.,https://sglaw.com/blog/nine-defamation-cases-that-will-leave-you-speechless,9,0
NHB-E1036,1036,"Defamation, Lawsuits & Political Speech Cases",McDonald’s v. Steel and Morris (The McLibel Case),"Helen Steel and David Morris were sued for distributing leaflets criticizing McDonald’s and were ordered to pay over $60,000, though the decade-long trial cost the company far more in legal fees.",https://sglaw.com/blog/nine-defamation-cases-that-will-leave-you-speechless,9,2
NHB-E1037,1037,"Defamation, Lawsuits & Political Speech Cases",Gibsons Bakery v. Oberlin College,"Gibson’s Bakery won a defamation verdict against Oberlin College over false racial profiling claims, initially awarded $44.4 million, later reduced and paid at $36.59 million.",https://sglaw.com/blog/nine-defamation-cases-that-will-leave-you-speechless,9,2
NHB-E1038,1038,"Defamation, Lawsuits & Political Speech Cases",Favre v. Sharp,"Favre’s defamation lawsuit over Sharpe’s comments on his alleged welfare scandal was dismissed, with the court citing constitutional free speech protections.",https://sglaw.com/blog/nine-defamation-cases-that-will-leave-you-speechless,9,0
NHB-E1039,1039,"Defamation, Lawsuits & Political Speech Cases",Diaz v. National Enquirer,Diaz sued the National Enquirer over a false affair story and settled out of court for an undisclosed amount,https://sglaw.com/blog/nine-defamation-cases-that-will-leave-you-speechless,9,2
NHB-E1040,1040,"Defamation, Lawsuits & Political Speech Cases",British Chiropractic Association v Simon Singh,Singh was sued for defamation over criticisms of chiropractic practices; the appeal overturned the ruling and the Association withdrew the case.,https://sglaw.com/blog/nine-defamation-cases-that-will-leave-you-speechless,9,3
NHB-E1041,1041,"Defamation, Lawsuits & Political Speech Cases",COUNTERMAN v. COLORADO,The Supreme Court held that in true‑threat criminal prosecutions the First Amendment requires proof of a subjective mental state—specifically recklessness—that the defendant consciously disregarded the risk his communications would be seen as threatening.,https://www.supremecourt.gov/opinions/22pdf/22-138_43j7.pdf,9,0
NHB-E1042,1042,"Defamation, Lawsuits & Political Speech Cases",Indian Politician Subramanian Swamy Challenges Criminal Defamation (2025),"Indian politician Subramanian Swamy challenged criminal defamation laws in 2025, filing cases over allegedly defamatory statements",https://www.thehindu.com/opinion/editorial/penalty-in-proportion-on-growing-use-of-criminal-defamation-proceedings/article70084730.ece,9,3
NHB-E1043,1043,Hate Speech & Extremism,Anti-Trans Rhetoric by Libs of TikTok (2024),Amplification of anti-trans content and harassment campaigns targeting transgender individuals on social media.,https://www.theguardian.com/world/2024/apr/13/planet-fitness-bomb-threats-libs-of-tiktok,9,2
NHB-E1044,1044,Hate Speech & Extremism,Swatting and Doxxing of U.S. Judges (2025),Coordinated attacks exposing judges’ personal information and sending false emergency reports to their homes.,https://www.reuters.com/investigations/these-judges-ruled-against-trump-then-their-families-came-under-attack-2025-05-02/,9,2
NHB-E1045,1045,Hate Speech & Extremism,India Hate Speech Surge (2024),Rapid increase in online and offline hate speech incidents targeting religious and ethnic minorities.,https://www.trtworld.com/article/18263796,9,2
NHB-E1046,1046,Hate Speech & Extremism,Hate Speech During Indian General Election (2024),Politically motivated incendiary statements aimed at influencing voter behavior and polarizing communities.,https://www.hrw.org/news/2024/08/14/india-hate-speech-fueled-modis-election-campaign,9,2
NHB-E1047,1047,Hate Speech & Extremism,BJP’s Hate Speech Events (2024),Public statements by BJP leaders containing inflammatory rhetoric against opposition groups and minorities.,https://www.hrw.org/news/2024/08/14/india-hate-speech-fueled-modis-election-campaign,9,2
NHB-E1048,1048,Hate Speech & Extremism,Anti-Muslim Hate Speech in India (2024),Targeted narratives inciting hostility against Muslim communities through media and political discourse.,https://www.jurist.org/news/2024/02/india-hate-lab-reports-surge-in-anti-muslim-hate-speech-incidents-across-india/,9,2
NHB-E1049,1049,Hate Speech & Extremism,Anti-Christian Hate Speech in India (2024),Hostile messaging and attacks directed at Christian communities in social and political contexts.,https://sabrangindia.in/indias-hate-speech-crisis-1165-cases-recorded-in-2024-up-74-4-from-2023,9,2
NHB-E1050,1050,Hate Speech & Extremism,Hate Speech During Bangladesh Violence (2024),Online and offline inflammatory content fueling communal violence in Bangladesh.,https://www.state.gov/reports/2024-country-reports-on-human-rights-practices/bangladesh,9,2
NHB-E1051,1051,Hate Speech & Extremism,Hate Speech on Facebook in India (2024),"Platform-based dissemination of communal, religious, and political hate messages.",https://indiahatelab.com/2025/02/10/social-media-and-hate-speech-in-india,9,2
NHB-E1052,1052,Hate Speech & Extremism,Hate Speech by T Raja Singh (2024),Public inflammatory remarks by the politician targeting religious minorities.,https://www.jurist.org/news/2024/01/india-supreme-court-restrains-politician-and-hindu-organization-in-a-plea-against-hate-speech,9,2
NHB-E1053,1053,Hate Speech & Extremism,Hate Speech by Himanta Biswa Sarma (2024),Politically charged rhetoric by the Indian politician against minority communities.,https://www.thehindu.com/opinion/editorial/hateful-baleful-on-the-assam-chief-minister-and-communally-sensitive-remarks/article68586433.ece,9,2
NHB-E1054,1054,Hate Speech & Extremism,Hate Speech During UK Riots (2024),Online and offline content promoting hostility and violence during civil unrest in the UK.,https://www.amnesty.org.uk/press-releases/uk-x-created-staggering-amplification-hate-during-2024-riots,9,2
NHB-E1055,1055,Hate Speech & Extremism,Hate Speech in Myanmar’s Rohingya Crisis (2024),Messaging inciting violence and discrimination against the Rohingya population.,https://reliefweb.int/report/myanmar/anti-rohingya-hate-speech-facebook-content-and-network-analysis,9,2
NHB-E1056,1056,Hate Speech & Extremism,Hate Speech in Ethiopia’s Ethnic Conflicts (2024),"Content targeting ethnic groups, exacerbating tensions and violence.",https://law.yale.edu/sites/default/files/area/center/isp/documents/mwi-yohannes-ayalew_2024-08-01_re-fin.pdf,9,2
NHB-E1057,1057,Hate Speech & Extremism,Hate Speech in U.S. Far-Right Extremism (2024),Extremist messaging promoting white supremacist and nationalist ideologies.,https://extremism.gwu.edu/active-clubs-and-transnational-far-right-extremism-2024-and-beyond,9,2
NHB-E1058,1058,Hate Speech & Extremism,Hate Speech in U.S. Political Rallies (2024),Incendiary statements targeting political opponents and minority groups during rallies.,https://www.theguardian.com/us-news/2024/oct/31/six-racist-bigoted-comments-trump-madison-square-garden,9,2
NHB-E1059,1059,Hate Speech & Extremism,Hate Speech in U.S. Online Groups (2024),Community-driven online platforms spreading discriminatory and threatening content.,https://www.reuters.com/business/media-telecom/violence-racism-nazi-praise-dark-side-us-political-group-chats-2025-10-24/,9,2
NHB-E1060,1060,Hate Speech & Extremism,Hate Speech in U.S. Anti-Trans Legislation (2024),Legislative debates and campaigns using harmful rhetoric against transgender people.,https://williamsinstitute.law.ucla.edu/wp-content/uploads/2024-Anti-Trans-Legislation-Apr-2024.pdf,9,2
NHB-E1061,1061,Hate Speech & Extremism,Hate Speech in U.S. Anti-Semitic Content (2024),Messaging propagating hostility and conspiracy theories against Jewish individuals.,https://www.jurist.org/news/2024/11/us-antisemitism-bill-sparks-free-speech-concerns/,9,2
NHB-E1062,1062,Hate Speech & Extremism,Hate Speech in U.S. Anti-Muslim Content (2024),Content promoting prejudice and discrimination against Muslim communities.,https://www.reuters.com/world/us/us-anti-muslim-incidents-rose-about-70-first-half-2024-amid-gaza-war-2024-07-30/,9,2
NHB-E1063,1063,Hate Speech & Extremism,Hate Speech in U.S. Anti-Immigrant Content (2024),Narratives and campaigns vilifying immigrants and refugee populations.,https://lulac.org/a_new_wave_of_hate/,9,2
NHB-E1064,1064,Hate Speech & Extremism,Hate Speech in U.S. Anti-LGBTQ+ Content (2024),Public statements and media targeting LGBTQ+ individuals with hostility.,https://assets.aclu.org/live/uploads/2024/08/Impact-AntiTrans-Law-Research-Brief-FINAL.pdf,9,2
NHB-E1065,1065,Hate Speech & Extremism,U.S. Election Hardens Hate Universe,nalysis of how election-related content amplifies hate speech and extremist networks online.,https://arxiv.org/html/2405.00459v1,9,0
NHB-E1066,1066,Hate Speech & Extremism,How U.S. Presidential elections strengthen global hate networks,Examination of the global spread of hate and disinformation linked to U.S. elections.,https://www.nature.com/articles/s44260-024-00018-8,9,2
NHB-E1067,1067,Hate Speech & Extremism,Disinformation Casts a Shadow Over Global Elections,Report on the role of false information and conspiracy narratives in undermining electoral integrity worldwide.,https://www.usip.org/publications/2024/01/disinformation-casts-shadow-over-global-elections,9,0
NHB-E1068,1068,Hate Speech & Extremism,The relationship between conspiracy theory beliefs and political violence,Study showing how belief in conspiracies correlates with engagement in political extremism and violence.,https://misinforeview.hks.harvard.edu/article/the-relationship-between-conspiracy-theory-beliefs-and-political-violence/,9,0
NHB-E1069,1069,Hate Speech & Extremism,Massacre of Italians at Aigues-Mortes,"A violent 1893 anti-Italian pogrom in southern France where French workers massacred Italian immigrant laborers over wage competition, resulting in 8-150 deaths and no convictions.",https://en.wikipedia.org/wiki/Massacre_of_Italians_at_Aigues-Mortes,9,0
NHB-E1070,1070,Hate Speech & Extremism,Eoghan Harris Twitter scandal,"An Irish political scandal where journalist Eoghan Harris was exposed for running anonymous Twitter accounts that harassed journalists and critics with misogynistic and sectarian abuse, primarily targeting women and northern nationalists.",https://en.wikipedia.org/wiki/Eoghan_Harris_Twitter_scandal,9,2
NHB-E1071,1071,Hate Speech & Extremism,Hate Speech in U.S. Election-Related Content (2024),Content aimed at delegitimizing political opponents and inciting violence around elections.,https://arxiv.org/html/2405.00459v1,9,2
NHB-E1072,1072,Disinformation & Election Manipulation,AI-Generated Hitler Speeches (September 2024),AI?Generated Hitler Speeches (September?2024): Synthetic audio pretended to be Adolf Hitler delivering speeches and was used to angle historical grievances into modern propaganda.,https://www.washingtonpost.com/technology/2024/09/27/neonazis-ai-hitler-videos,9,2
NHB-E1073,1073,Disinformation & Election Manipulation,"Russian ""CopyCop"" AI Disinformation Campaign (May 2024)",Russian “CopyCop” AI Disinformation Campaign (May?2024): A Moscow?linked network used AI?generated voices to impersonate law?enforcement and spread false alerts to mislead civic trust.,https://securingdemocracy.gmfus.org/incident/russia-spreads-ai-generated-disinformation-by-imitating-western-news-outlets,9,2
NHB-E1074,1074,Disinformation & Election Manipulation,"Russian ""Doppelganger"" Operation (2024)",Russian “Doppelganger” Operation (2024): A Kremlin?linked campaign created fake personas and websites mimicking Western media to erode support for Ukraine.,https://en.wikipedia.org/wiki/Doppelganger_%28disinformation_campaign%29,9,2
NHB-E1075,1075,Disinformation & Election Manipulation,U.S. Election Misinformation (2024),"U.S. Election Misinformation (2024): Large?scale misleading and false claims circulated in the lead?up to the U.S. election, aimed at undermining voter confidence and influencing turnout.",https://kettering.org/the-russian-disinformation-threat-active-campaigns-in-2024/,9,2
NHB-E1076,1076,Disinformation & Election Manipulation,"Chinese ""Spamouflage"" Campaign (2024)",Chinese “Spamouflage” Campaign (2024): The Spamouflage network deployed fake social?media personas to sow division in U.S. political debates ahead of the 2024 election.,https://www.apnews.com/article/china-disinformation-network-foreign-influence-us-election-a2b396518bafd8e36635a3796c8271d7,9,2
NHB-E1077,1077,Disinformation & Election Manipulation,AI-Generated Robocalls in U.S. Election (2024),AI?Generated Robocalls in U.S. Election (2024): Automated calls using synthetic voices were used to deliver false election?related messages to voters.,https://www.npr.org/2024/02/07/1229856682/what-a-robocall-of-bidens-ai-generated-voice-could-mean-for-the-2024-election,9,2
NHB-E1078,1078,Disinformation & Election Manipulation,Deepfake Videos in Europe Election (2025),Deep?fake Videos in Europe Election (2025): Fabricated video content targeting  election candidates in europe sought to distort public perception with convincingly edited footage.,https://www.politico.eu/article/elections-europe-ai-deepfakes-social-media,9,2
NHB-E1079,1079,Disinformation & Election Manipulation,New White House Health Report Contains ‘Fictitious’ and ‘Garbled’ Details,"A White House health report contained fabricated citations and OpenAI metadata markers, suggesting AI-generated content that mischaracterized scientific studies before being quietly corrected.",https://www.eweek.com/news/maha-health-report-ai,9,2
NHB-E1080,1080,Disinformation & Election Manipulation,CNET pauses publishing AI-written stories after disclosure controversy,"CNET paused publishing AI-generated articles after backlash over its undisclosed use of automation, with executives claiming they operated ""quietly"" but not in secret.",https://www.theverge.com/2023/1/20/23564311/cnet-pausing-ai-articles-bot-red-ventures,9,2
NHB-E1081,1081,Disinformation & Election Manipulation,"Kremlin-Backed ""Storm-1516"" Operation (2025)","Kremlin?Backed “Storm?1516” Operation (2025): A pro?Russian influence network named Storm?1516 carried out AI?powered disinformation in Europe and the U.S., targeting elections and public trust.",?https://www.epc.eu/publication/Storm-1516-A-wake-up-call-for-Europes-cognitive-defence-650d24/,9,2
NHB-E1082,1082,Disinformation & Election Manipulation,Moldova Disinformation Network (2025),Moldova Disinformation Network (2025): A Russia?linked network targeted Moldova’s political environment with false narratives ahead of its parliamentary elections.,?https://www.euronews.com/2025/09/24/russias-disinformation-toolbox-in-moldova-bot-networks-moscow-church-propaganda-and-vote-b,9,2
NHB-E1083,1083,Disinformation & Election Manipulation,UK Riots Coordinated Messaging (2024),"UK Riots Coordinated Messaging (2024): After a stabbing attack in the UK, online coordinated messaging and mis?/disinformation helped mobilise far?right riots.",https://www.rusi.org/explore-our-research/publications/commentary/how-did-foreign-actors-exploit-recent-riots-uk,9,2
NHB-E1084,1084,Disinformation & Election Manipulation,Russian Disinformation in Paris Olympics (2024),Russian Disinformation in Paris Olympics (2024): Russian actors spread false threat videos and impersonated militant groups to disrupt public confidence ahead of the 2024 Summer Olympics in Paris.,https://www.pbs.org/newshour/world/how-russian-disinformation-campaigns-have-sought-to-undermine-the-paris-olympics,9,2
NHB-E1085,1085,Disinformation & Election Manipulation,Russian Disinformation in French Elections (2024),Russian Disinformation in French Elections (2024): Moscow?linked networks interfered via online propaganda to influence France’s electoral processes.,https://www.theguardian.com/world/article/2024/jul/12/disinformation-networks-social-media-x-france-germany-italy-eu-elections,9,2
NHB-E1086,1086,Disinformation & Election Manipulation,Sports Illustrated caught creating fake AI journalists that wrote AI news posts,"Sports Illustrated was accused of publishing articles under fake author profiles with AI-generated headshots, leading to ethical concerns and the CEO's firing despite initial denials.",https://www.dogtownmedia.com/sports-illustrated-caught-creating-fake-ai-journalists-that-wrote-ai-news-posts,9,2
NHB-E1087,1087,Disinformation & Election Manipulation,Russian Disinformation in U.S. Elections (2024),Russian Disinformation in U.S. Elections (2024): Multiple Russian state?linked campaigns sought to influence U.S. elections through social?media manipulation and forged narratives.,https://www.bushcenter.org/publications/five-things-to-know-about-global-disinformation-in-2024,9,2
NHB-E1088,1088,Disinformation & Election Manipulation,Russian Disinformation in Netherlands (2025),Russian Disinformation in Netherlands (2025): Russian?associated influence operations targeted Dutch public discourse and elections in 2025.,https://www.reuters.com/world/europe/russia-is-upping-hybrid-attacks-against-europe-dutch-intelligence-says-2025-04-22/,9,2
NHB-E1089,1089,Disinformation & Election Manipulation,Russian Disinformation in Germany (2025),Russian Disinformation in Germany (2025): Germany’s interior ministry warned of Russian interference using fake websites and deepfakes ahead of federal elections.,https://www.eeas.europa.eu/sites/default/files/documents/2025/EEAS?3nd?ThreatReport?March?2025?05?Digital?HD.pdf,9,2
NHB-E1090,1090,Disinformation & Election Manipulation,Russian Disinformation in Italy (2025),Russian Disinformation in Italy (2025): Russia?linked networks spread false content aimed at influencing Italian public opinion and electoral outcomes.,https://decode39.com/10078/hybrid-threats-from-russia-and-china-italy-under-siege/,9,2
NHB-E1091,1091,Disinformation & Election Manipulation,Russian Disinformation in Spain (2025),Russian Disinformation in Spain (2025): Russian actors deployed online narratives targeting Spanish politics and society in 2025.,https://global.espreso.tv/spain-blames-russia-for-disinformation-campaign-following-2024-valencia-floods,9,2
NHB-E1092,1092,Disinformation & Election Manipulation,Russian Disinformation in Poland (2025),Russian Disinformation in Poland (2025): Poland experienced online influence operations attributed to Russia targeting domestic trust and democratic processes.,https://www.disinfo.eu/outreach/our-newsletter/disinfo-update-28-10-2019,9,2
NHB-E1093,1093,Disinformation & Election Manipulation,Russian Disinformation in Ukraine (2025),"Russian Disinformation in Ukraine (2025): Russian disinformation efforts continued in Ukraine, aiming to undermine morale and sow division domestically.",https://www.eeas.europa.eu/delegations/ukraine/results-pro-russian-information-manipulation-and-disinformation-monitoring-targeting-ukraine?eu_en,9,2
NHB-E1094,1094,Disinformation & Election Manipulation,Russian Disinformation in Baltic States (2025),Russian Disinformation in Baltic States (2025): Baltic nations faced Russian?connected influence campaigns designed to erode democratic institutions and amplify polarisation.,https://www.euronews.com/my?europe/2025/04/18/which?european?countries?are?most?exposed?to?russian?disinformation,9,2
NHB-E1095,1095,Disinformation & Election Manipulation,Russian Disinformation in Balkans (2025),Russian Disinformation in Balkans (2025): Russian disinformation networks engaged Balkan publics through fake media and social?media campaigns to shape political standings.,https://support4partnership.org/en/news/serbia-as-a-key-target-of-the-russian-disinformation-campaign?in?the?western?balkans,9,2
NHB-E1096,1096,Disinformation & Election Manipulation,Russian Disinformation in Africa (2025),Russian Disinformation in Africa (2025): Russian influence operations targeted African countries via online propaganda to expand Moscow’s global soft?power and resource access.,https://ecfr.eu/publication/the-bear-and-the-bot-farm?countering-russian-hybrid?warfare?in?africa/,9,2
NHB-E1097,1097,Disinformation & Election Manipulation,AI-Generated Misinformation in U.S. Election (2024),"AI?Generated Misinformation in U.S. Election (2024): Generative?AI tools were used to fabricate audio, video and documents for misleading U.S. election content.",https://misinforeview.hks.harvard.edu/article/the-origin-of-public-concerns-over-ai-supercharging-misinformation-in-the-2024-u-s-presidential-election/,9,2
NHB-E1098,1098,Disinformation & Election Manipulation,False Claims About Kamala Harris’ Rally (2024),"False Claims About Kamala Harris’ Rally (2024): Unverified and false claims circulated about Kamala Harris’ campaign rally attendance, used to force narratives of weakness or fraud.",https://www.theverge.com/2024/8/12/24218533/trump-accuses-harris-ai-generated-crowd,9,2
NHB-E1099,1099,Disinformation & Election Manipulation,Disinformation About Project 2025 (2024),"Disinformation About Project?2025 (2024): The conspiracy around Project 2025 was boosted by false narratives about extremist takeover plans, despite lack of supporting evidence.",https://www.brennancenter.org/our-work/research-reports/project-2025-aims-derail-efforts-stop-election-disinformation,9,2
NHB-E1100,1100,Disinformation & Election Manipulation,Malaysia Airlines Flight 17,"investigations concluded a Russian-made Buk missile launched by pro-Russian separatists caused the crash, while Russian authorities denied involvement and promoted counter-claims. The conflicting narratives created major geopolitical and informational controversy.",https://en.wikipedia.org/wiki/Malaysia_Airlines_Flight_17,9,0
NHB-E1101,1101,Disinformation & Election Manipulation,Pizzagate Conspiracy Theory (2016),Pizzagate Conspiracy Theory (2016): A debunked conspiracy falsely claimed a child?trafficking ring was run by high?level U.S. political figures at a Washington pizza restaurant.,https://apnews.com/article/fact-check-pizzagate-conspiracy-elon-musk-ABC-657657139374,9,2
NHB-E1102,1102,Disinformation & Election Manipulation,COVID-19 Misinformation (Ivermectin/Hydroxychloroquine),COVID?19 Misinformation (Ivermectin/Hydroxychloroquine): Misleading claims proliferated asserting efficacy of unproven treatments like ivermectin or hydroxychloroquine during the COVID?19 pandemic.,https://jamanetwork.com/journals/jama-health-forum/fullarticle/2809985,9,2
NHB-E1103,1103,Disinformation & Election Manipulation,Cambridge Analytica Scandal (2018),Cambridge Analytica Scandal (2018): The Cambridge Analytica affair involved harvesting millions of Facebook user profiles to influence elections without full user consent.,https://en.wikipedia.org/wiki/Facebook–Cambridge_Analytica_data_scandal,9,2
NHB-E1104,1104,Disinformation & Election Manipulation,2003 Invasion of Iraq (WMDs),2003 Invasion of Iraq (WMDs): The U.S.?led invasion of Iraq was premised on false claims that Iraq possessed weapons of mass destruction.,https://www.washingtonpost.com/politics/2019/03/22/iraq-war-wmds-an-intelligence-failure-or-white-house-spin/,9,2
NHB-E1105,1105,Disinformation & Election Manipulation,The MMR Vaccine and Autism Fraud (1998),"The MMR Vaccine and Autism Fraud (1998): A fraudulent paper falsely linked the measles?mumps?rubella vaccine to autism, sparking widespread vaccine hesitancy.",https://historyofvaccines.org/getting-vaccinated/vaccine-faq/do-vaccines-cause-autism/,9,2
NHB-E1106,1106,Disinformation & Election Manipulation,Fyre Festival (2017),"Fyre Festival (2017): The Fyre Festival was a luxury?themed music event that collapsed amid fraud and mismanagement, becoming a major social?media scandal.",https://www.sab.law/news-and-insights/blog/fyre-festival-fraud-music-billy-mcfadden-illegal-sue,9,2
NHB-E1107,1107,Disinformation & Election Manipulation,Bernie Madoff Ponzi Scheme (2008),"Bernie Madoff Ponzi Scheme (2008): The Bernie Madoff investment fraud was the largest personal Ponzi scheme in history, losing billions for investors.",https://www.fbi.gov/history/famous-cases/bernie-madoff,9,2
NHB-E1108,1108,Disinformation & Election Manipulation,Theranos Fraud Case (2015-2018),Theranos Fraud Case (2015?2018): The Theranos clinical?technology company misled investors and regulators about its blood?testing capabilities.,https://www.integrityline.com/expertise/blog/elizabeth-holmes-theranos/,9,2
NHB-E1109,1109,Disinformation & Election Manipulation,January 6 United States Capitol attack,"On January 6, 2021, a pro-Trump mob stormed the U.S. Capitol to disrupt the certification of Joe Biden's election victory, resulting in multiple deaths, injuries, and widespread criminal charges.",https://en.wikipedia.org/wiki/January_6_United_States_Capitol_attack,9,0
NHB-E1110,1110,Disinformation & Election Manipulation,"2020 U.S. Election ""Stop the Steal"" Disinformation","2020 U.S. Election “Stop?the?Steal” Disinformation: The campaign falsely claimed the 2020 U.S. presidential election was stolen, contributing to attacks on the U.S. Capitol.",https://www.bbc.com/news/blogs-trending-55009950,9,2
NHB-E1111,1111,Disinformation & Election Manipulation,Climategate Hacked Emails (2009),Climategate Hacked Emails (2009): Leaked and selectively released email documents were used to argue falsely that climate change science was a hoax.,https://en.wikipedia.org/wiki/Climatic_Research_Unit_email_controversy,9,2
NHB-E1112,1112,War Thunder & Military Manual Leaks,War Thunder Eurofighter Typhoon Manual Leak (December 2024),War Thunder Eurofighter Typhoon Manual Leak (December 2024): Internal game manual detailing Eurofighter Typhoon specifications was leaked online.,https://www.yardbarker.com/video_games/articles/war_thunder_player_leaks_restricted_typhoon_manuals_on_the_forum/s1_17144_41182373,9,2
NHB-E1113,1113,War Thunder & Military Manual Leaks,War Thunder M2A2 Bradley Manual Leak (December 2023),War Thunder M2A2 Bradley Manual Leak (December 2023): Confidential M2A2 Bradley vehicle data from War Thunder was released publicly.,https://taskandpurpose.com/news/leaked-bradley-documents-war-thunder-forums-again,9,2
NHB-E1114,1114,War Thunder & Military Manual Leaks,War Thunder Challenger 2 Manual Leak (2024),War Thunder Challenger 2 Manual Leak (2024): Classified Challenger 2 tank operational manual surfaced online.,https://ukdefencejournal.org.uk/classified-challenger-tank-specs-leaked-online-for-videogame,9,3
NHB-E1115,1115,War Thunder & Military Manual Leaks,War Thunder Leclerc Manual Leak (2024),War Thunder Leclerc Manual Leak (2024): Leaked technical manual for Leclerc tank became publicly accessible.,https://ukdefencejournal.org.uk/classified-tank-specs-leaked-on-war-thunder-game-forums-again,9,2
NHB-E1116,1116,War Thunder & Military Manual Leaks,War Thunder ZTZ-99 Manual Leak (2024),War Thunder ZTZ-99 Manual Leak (2024): ZTZ-99 tank specifications from War Thunder were leaked.,,9,2
NHB-E1117,1117,War Thunder & Military Manual Leaks,War Thunder Eurocopter Tiger Manual Leak (2024),War Thunder Eurocopter Tiger Manual Leak (2024): Eurocopter Tiger combat helicopter manual was exposed online.,https://interestingengineering.com/culture/game-player-posts-f16-documents,9,2
NHB-E1118,1118,War Thunder & Military Manual Leaks,War Thunder F-16 Manual Leak (2024),War Thunder F-16 Manual Leak (2024): Confidential F-16 aircraft operational details leaked.,https://www.aerotime.aero/articles/two-days-two-leaks-sensitive-f-15-data-posted-by-war-thunder-fan,9,2
NHB-E1119,1119,War Thunder & Military Manual Leaks,War Thunder F-15E Manual Leak (2024),War Thunder F-15E Manual Leak (2024): F-15E strike fighter manual leaked from game sources.,https://www.reddit.com/r/Warthunder/comments/10eyp6b/oh_you_thought_it_was_over_13_weapon_system,9,2
NHB-E1120,1120,War Thunder & Military Manual Leaks,War Thunder F-117 Manual Leak (2024),War Thunder F-117 Manual Leak (2024): Internal F-117 stealth aircraft manual became publicly available.,https://taskandpurpose.com/news/war-thunder-f-117-leak,9,2
NHB-E1121,1121,War Thunder & Military Manual Leaks,War Thunder Type-99 Manual Leak,War Thunder Type-99 Manual Leak – An unauthorized release of detailed operational and technical information for the Type-99 tank within the War Thunder game community.,https://www.eurasiantimes.com/classified-info-on-chinas-main-battle-tank-type-99-leaked-online,9,2
NHB-E1122,1122,War Thunder & Military Manual Leaks,War Thunder MiG-29 Manual Leak,War Thunder MiG-29 Manual Leak – Leak of flight manuals and systems data for the MiG-29 fighter jet shared among War Thunder players.,https://www.reddit.com/r/Warthunder/comments/10ht6s0/it_happened_again_from_what_i_have_seen_this,9,2
NHB-E1123,1123,War Thunder & Military Manual Leaks,War Thunder Shenyang J8-B Manual Leak,"War Thunder Shenyang J8-B Manual Leak – Dissemination of internal manuals for the Shenyang J8-B aircraft, revealing flight and combat specifications in the War Thunder forums.",https://www.reddit.com/r/Warthunder/comments/10p5tjo/ladies_and_gentlemen_i_have_officially_lost_count,9,2
NHB-E1124,1124,War Thunder & Military Manual Leaks,War Thunder AH-64 Apache Manual Leak,"War Thunder AH-64 Apache Manual Leak – Leak of the AH-64 Apache helicopter’s technical and weapons system manuals, circulating in War Thunder player networks.",https://forum.warthunder.com/t/technical-manual-for-ah-64d-longbow-apache/27350,9,2
NHB-E1125,1125,War Thunder & Military Manual Leaks,War Thunder DTC10-125 APFSDS Manual Leak,War Thunder DTC10-125 APFSDS Manual Leak – Exposure of technical data and armor-piercing fin-stabilized discarding sabot (APFSDS) round characteristics for the DTC10-125 tank gun.,https://forum.cartridgecollectors.org/t/leaked-chinese-apfsds-dtc10-125mm/50024,9,2
NHB-E1126,1126,War Thunder & Military Manual Leaks,War Thunder DTW-125 Apache Manual Leak,War Thunder DTW-125 Apache Manual Leak – Leak of detailed operational and weapons information for the DTW-125 Apache variant in War Thunder.,https://forum.warthunder.com/t/vt4a1-the-well-defended-battle-wolf/11194/15,9,2
NHB-E1127,1127,War Thunder & Military Manual Leaks,War Thunder BMP-3 Manual Leak (UNCONFIRMED),"War Thunder BMP-3 Manual Leak (UNCONFIRMED) – Alleged leak of BMP-3 infantry fighting vehicle manuals, including combat and mobility specifications, not fully verified.",https://www.reddit.com/r/Warthunder/comments/10fkd5x/document_leak_question,9,2
NHB-E1128,1128,War Thunder & Military Manual Leaks,War Thunder T-90M Manual Leak (UNCONFIRMED),"War Thunder T-90M Manual Leak (UNCONFIRMED) – Supposed leak of T-90M tank manuals with operational and tactical data, lacking official confirmation.",https://forum.warthunder.com/t/challenger-1-mk2-and-mk3-armour-issue/126848/9,9,2
NHB-E1129,1129,War Thunder & Military Manual Leaks,War Thunder AV-8B Harrier Manual Leak (2025),War Thunder AV-8B Harrier Manual Leak (2025): AV-8B Harrier operational manual leaked online.,https://ukdefencejournal.org.uk/classified-data-once-again-leaked-on-war-thunder-forums,9,2
NHB-E1130,1130,Health Care Fraud & Abuse,Ozone Therapy Fraud by Jawad Bhatti (2025),Ozone Therapy Fraud by Jawad Bhatti (2025): Practitioner Bhatti promoted unproven ozone therapy for profit.,https://www.justice.gov/usao-edva/pr/us-attorney-erik-s-siebert-announces-charges-part-dojs-national-health-care-fraud,9,2
NHB-E1131,1131,Health Care Fraud & Abuse,Telemedicine Adderall Scheme (2024),Telemedicine Adderall Scheme (2024): Illicit online prescribing of Adderall through telemedicine platforms.,https://www.justice.gov/archives/opa/pr/founderceo-and-clinical-president-digital-health-company-arrested-100m-adderall-distribution,9,2
NHB-E1132,1132,Health Care Fraud & Abuse,Health Care Fraud Takedown (2025),Health Care Fraud Takedown (2025): Government crackdown on multiple health care fraud operations.,https://www.justice.gov/opa/pr/national-health-care-fraud-takedown-results-324-defendants-charged-connection-over-146,9,2
NHB-E1133,1133,Health Care Fraud & Abuse,Automated Coding Fraud (2024),Automated Coding Fraud (2024): Fraudulent billing schemes exploiting automated medical coding systems.,https://www.arnoldporter.com/en/perspectives/advisories/2024/11/beware-of-automated-or-ai-generated-billing-coding-to-government-healthcare-programs,9,2
NHB-E1134,1134,Health Care Fraud & Abuse,Durable Medical Equipment Fraud (2024),Durable Medical Equipment Fraud (2024): Schemes involving false claims for medical equipment reimbursement.,https://apnews.com/article/6a3e11dc1827dfd20ec8ea04b7c7ce9a,9,2
NHB-E1135,1135,Health Care Fraud & Abuse,Genetic Testing Lab Fraud (2024),Genetic Testing Lab Fraud (2024): Labs billed for unneeded genetic tests to defraud insurers.,https://icd10monitor.medlearn.com/2024-healthcare-fraud-reaches-2-75-billion-laboratories-remain-a-key-culprit/,9,2
NHB-E1136,1136,Health Care Fraud & Abuse,Opioid Crisis Fraud (2024),Opioid Crisis Fraud (2024): Illegal financial schemes tied to opioid prescriptions and distribution.,https://oig.hhs.gov/reports/featured/combating-the-opioid-epidemic/,9,2
NHB-E1137,1137,Health Care Fraud & Abuse,COVID-19 Testing Fraud (2024),COVID-19 Testing Fraud (2024): False or inflated COVID-19 testing claims exploited for profit.,https://oig.hhs.gov/fraud/enforcement/doctor-pleads-guilty-in-55m-covid-19-fraud-scheme/,9,2
NHB-E1138,1138,Health Care Fraud & Abuse,Telemedicine Kickback Scheme (2024),Telemedicine Kickback Scheme (2024): Kickbacks offered for patient referrals in telehealth services.,https://natlawreview.com/article/doj-charges-36-defendants-connection-telemedicine-and-clinical-laboratory-fraud-and,9,2
NHB-E1139,1139,Health Care Fraud & Abuse,False Claims Act Recoveries (2024),False Claims Act Recoveries (2024): Federal recoveries from fraudulent health care claims under FCA.,https://www.justice.gov/archives/opa/blog/combating-health-care-fraud-2024-national-enforcement-action,9,2
NHB-E1140,1140,Health Care Fraud & Abuse,Flint water crisis,"The Flint water crisis exposed 100,000 residents to lead-contaminated water after a 2014 source switch without corrosion control, causing a major public health disaster.",https://en.wikipedia.org/wiki/Flint_water_crisis,9,2
NHB-E1141,1141,Health Care Fraud & Abuse,Medicare Fraud by Bhatti (2025),Medicare Fraud by Bhatti (2025): Bhatti involved in fraudulent Medicare billing schemes.,https://www.dea.gov/press-releases/2025/06/30/2025-national-health-care-fraud-takedown,9,2
NHB-E1142,1142,Health Care Fraud & Abuse,Adderall Prescription Fraud (2024),Adderall Prescription Fraud (2024): Illegitimate prescriptions of Adderall via online health services.,https://www.reuters.com/legal/government/telehealth-company-cerebral-pay-365-mln-resolve-probe-adderall-sales-2024-11-05,9,2
NHB-E1143,1143,Health Care Fraud & Abuse,Health Care Fraud Enforcement (2025),Health Care Fraud Enforcement (2025): Regulatory actions against health care providers committing fraud.,https://www.justice.gov/opa/pr/national-health-care-fraud-takedown-results-324-defendants-charged-connection-over-146,9,2
NHB-E1144,1144,Health Care Fraud & Abuse,False Claims Act Settlements (2024),False Claims Act Settlements (2024): Legal settlements resolving fraudulent claims under the FCA.,https://www.wsj.com/articles/citymd-agrees-to-pay-12-million-to-justice-department-over-alleged-covid-19-payments-violation-376467f7,9,2
NHB-E1145,1145,Health Care Fraud & Abuse,Health Care Fraud and Abuse Trends (2024),Health Care Fraud and Abuse Trends (2024): Analysis of ongoing fraud and abuse patterns in the health sector.,https://www.justice.gov/archives/opa/blog/combating-health-care-fraud-2024-national-enforcement-action,9,2
NHB-E1146,1146,Health Care Fraud & Abuse,Tuskegee syphilis experiment,"The Tuskegee Syphilis Study was a 40-year U.S. government experiment that deliberately withheld treatment from 400 Black men with syphilis to study the disease's progression, leading to numerous deaths and lasting ethical reforms.",https://en.wikipedia.org/wiki/Tuskegee_syphilis_experiment,9,2
NHB-E1147,1147,Health Care Fraud & Abuse,Clinical Laboratory Fraud (2024),Clinical Laboratory Fraud (2024): Fraudulent billing and testing practices in clinical labs.,https://www.justice.gov/opa/pr/woman-sentenced-fraud-scheme-involving-claims-unnecessary-respiratory-tests-submitted-covid,9,2
NHB-E1148,1148,Health Care Fraud & Abuse,Patient Inducements Fraud (2024),Patient Inducements Fraud (2024): Illegal incentives offered to patients to receive certain medical services.,https://natlawreview.com/article/doj-charges-36-defendants-connection-telemedicine-and-clinical-laboratory-fraud-and,9,2
NHB-E1149,1149,Health Care Fraud & Abuse,Kickback Arrangements in Health Care (2024),Kickback Arrangements in Health Care (2024): Unlawful payments made to influence medical referrals.,https://www.arnoldporter.com/en/perspectives/advisories/2024/08/doj-expands-telehealth-enforcement-efforts,9,2
NHB-E1150,1150,Health Care Fraud & Abuse,Health Care Fraud Enforcement (2025),Health Care Fraud Enforcement (2025): Government actions targeting fraudulent health care operations.,https://www.justice.gov/opa/pr/national-health-care-fraud-takedown-results-324-defendants-charged-connection-over-146,9,2
NHB-E1151,1151,Health Care Fraud & Abuse,Cybersecurity Enforcement in Health Care (2024),Cybersecurity Enforcement in Health Care (2024): Regulatory measures against cybersecurity violations in health systems.,https://www.fbi.gov/investigate/white-collar-crime/health-care-fraud,9,2
NHB-E1152,1152,Health Care Fraud & Abuse,False Claims Act Recoveries (2024),False Claims Act Recoveries (2024): Recovered funds from false claims submitted to federal programs.,https://www.justice.gov/opa/blog/combating-health-care-fraud-2024-national-enforcement-action,9,2
NHB-E1153,1153,Health Care Fraud & Abuse,Medically Unnecessary Testing Fraud (2024),Medically Unnecessary Testing Fraud (2024): Billing for tests without clinical justification.,https://oig.hhs.gov/fraud/enforcement/doctor-pleads-guilty-in-55m-covid-19-fraud-scheme/,9,2
NHB-E1154,1154,Health Care Fraud & Abuse,Kickbacks in Diagnostic Testing (2024),Kickbacks in Diagnostic Testing (2024): Improper payments influencing diagnostic test ordering.,https://natlawreview.com/article/doj-charges-36-defendants-connection-telemedicine-and-clinical-laboratory-fraud-and,9,2
NHB-E1155,1155,Health Care Fraud & Abuse,Stamina therapy,"A controversial and unproven stem cell therapy promoted in Italy by Davide Vannoni, which was temporarily authorized by the government despite lacking scientific validation, before being discontinued.",https://en.wikipedia.org/wiki/Stamina_therapy,9,0
NHB-E1156,1156,Health Care Fraud & Abuse,University Hospital Careggi patient extortion - Paolo Macchiarini,"A medical research scandal where surgeon Paolo Macchiarini was found guilty of scientific misconduct for falsifying data and unethically implanting experimental synthetic tracheas in patients, leading to their deaths.",https://en.wikipedia.org/wiki/Paolo_Macchiarini#University_Hospital_Careggi_patient_extortion,9,0
NHB-E1157,1157,Health Care Fraud & Abuse,Jon Sudbø,"Norwegian cancer researcher Jon Sudbø was exposed in 2006 for fabricating patient data in multiple high-profile medical journals, including The Lancet, invalidating dozens of his studies.",https://en.wikipedia.org/wiki/Jon_Sudbø,9,0
NHB-E1158,1158,Health Care Fraud & Abuse,Symphysiotomy controversy in Ireland,"A historical medical scandal in Ireland where approximately 1,500 women underwent brutal symphysiotomy procedures during childbirth without consent between 1944-1987, often motivated by Catholic opposition to cesarean sections and contraception.",https://en.wikipedia.org/wiki/Symphysiotomy_controversy_in_Ireland,9,0
NHB-E1159,1159,Health Care Fraud & Abuse,Death of Savita Halappanavar,"The death of Savita Halappanavar, an Indian-born dentist who died in Ireland in 2012 after being denied a life-saving abortion during a miscarriage, which sparked national outrage and led to the legalization of abortion in Ireland.",https://en.wikipedia.org/wiki/Death_of_Savita_Halappanavar,9,2
NHB-E1160,1160,Health Care Fraud & Abuse,Ms Y,"A 2014 Irish case where a suicidal asylum seeker, pregnant from rape, was forced to continue her pregnancy and hydrate against her will, leading to a controversial late-term cesarean delivery under Ireland's strict abortion laws.",https://en.wikipedia.org/wiki/Ms_Y,9,0
NHB-E1161,1161,Health Care Fraud & Abuse,Thalidomide,"The thalidomide scandal of the late 1950s and early 1960s, where a drug marketed for morning sickness caused severe birth defects in over 10,000 infants worldwide, leading to major reforms in drug regulation.",https://en.wikipedia.org/wiki/Thalidomide,9,0
NHB-E1162,1162,Health Care Fraud & Abuse,2025 India cough syrup crisis,A deadly 2025 cough syrup poisoning outbreak in India killed dozens of children after they consumed medicines contaminated with toxic industrial solvents like diethylene glycol.,https://en.wikipedia.org/wiki/2025_India_cough_syrup_crisis,9,2
NHB-E1163,1163,Health Care Fraud & Abuse,West Bengal blood test kit scam,"A mid-2000s Indian healthcare scandal where a company sold 140,000 defective and expired blood test kits to West Bengal medical facilities, leading to a rise in infections from undetected diseases like HIV and Hepatitis.",https://en.wikipedia.org/wiki/West_Bengal_blood_test_kit_scam,9,2
NHB-E1164,1164,Health Care Fraud & Abuse,Gurgaon kidney scandal,"A 2008 Indian organ trafficking scandal where a criminal ring in Gurgaon illegally removed kidneys from hundreds of poor laborers, often by force or deception, and sold them to wealthy international clients.",https://en.wikipedia.org/wiki/Gurgaon_kidney_scandal,9,0
NHB-E1165,1165,Health Care Fraud & Abuse,Sandip Ghosh,The principal of R. G. Kar Medical College in Kolkata was arrested in 2024 for allegedly covering up the rape and murder of a junior doctor at the hospital and for major financial irregularities during his tenure.,https://en.wikipedia.org/wiki/Sandip_Ghosh#Controversies,9,0
NHB-E1166,1166,Health Care Fraud & Abuse,2008 Chinese heparin adulteration,"A 2008 pharmaceutical scandal where contaminated heparin from China, adulterated with a counterfeit substance, was linked to 81 deaths and 785 severe injuries in the United States.",https://en.wikipedia.org/wiki/2008_Chinese_heparin_adulteration,9,2
NHB-E1167,1167,Health Care Fraud & Abuse,He Jiankui affair,"Chinese scientist He Jiankui created the world's first genetically edited babies in 2018, using CRISPR to modify embryos in an unethical and illegal experiment that violated international scientific norms and Chinese regulations.",https://en.wikipedia.org/wiki/He_Jiankui_affair#Ethical_controversies,9,0
NHB-E1168,1168,Health Care Fraud & Abuse,GSK China scandal,"In 2013, GlaxoSmithKline's Chinese division was fined a record $490 million for running a massive bribery network that paid doctors to prescribe its drugs, leading to the conviction and deportation of its top China executive.",https://en.wikipedia.org/wiki/GSK_China_scandal,9,0
NHB-E1169,1169,Health Care Fraud & Abuse,BGI Group,"A Chinese genomics company, BGI Group, has faced international scrutiny over its collaborations with the People's Liberation Army, alleged genetic data collection through prenatal tests, and patent battles with U.S. firm Illumina.",https://en.wikipedia.org/wiki/BGI_Group,9,0
NHB-E1170,1170,Health Care Fraud & Abuse,Health Care Fraud and Abuse Trends (2025),Health Care Fraud and Abuse Trends (2025): Continuing analysis of patterns and enforcement in health care fraud.,https://www.justice.gov/opa/pr/national-health-care-fraud-takedown-results-324-defendants-charged-connection-over-146,9,2
NHB-E1171,1171,"AI Jailbreaks, Prompt Injection & Exploits",ChatGPT Memory Exploit (2024),ChatGPT Memory Exploit (2024): Vulnerability allowed extraction of sensitive memory data from ChatGPT sessions.,https://arxiv.org/html/2406.00199v2,9,2
NHB-E1172,1172,"AI Jailbreaks, Prompt Injection & Exploits",Grok4 Jailbreak by NeuralTrust (July 2025),Grok4 Jailbreak by NeuralTrust (July 2025): Exploit bypassed Grok4 safety measures to execute unrestricted commands.,https://neuraltrust.ai/blog/grok-4-jailbreak-echo-chamber-and-crescendo,9,2
NHB-E1173,1173,"AI Jailbreaks, Prompt Injection & Exploits",Copy-Paste Injection in ChatGPT (2024),Copy-Paste Injection in ChatGPT (2024): Malicious inputs could override ChatGPT prompts via copy-paste techniques.,https://netwrix.com/en/cybersecurity-glossary/cyber-security-attacks/chatgpt-prompt-injection//,9,2
NHB-E1174,1174,"AI Jailbreaks, Prompt Injection & Exploits",GPT-Store Bots Leaking Pre-Prompts (2024),GPT-Store Bots Leaking Pre-Prompts (2024): Bots exposed sensitive pre-prompt instructions from GPT-Store.,https://andrew-horton.medium.com/a-universal-prompt-injection-attack-in-the-gpt-store-6cacf6d887c0,9,2
NHB-E1175,1175,"AI Jailbreaks, Prompt Injection & Exploits",ObscurePrompt Technique (2025),ObscurePrompt Technique (2025): Novel adversarial prompting method to bypass AI safety filters.,https://arxiv.org/abs/2406.13662,9,2
NHB-E1176,1176,"AI Jailbreaks, Prompt Injection & Exploits",Context Engineering Attacks (2025),Context Engineering Attacks (2025): Manipulation of AI input context to provoke unsafe outputs.,https://arxiv.org/html/2505.04806v1,9,2
NHB-E1177,1177,"AI Jailbreaks, Prompt Injection & Exploits",TokenBreak Attack (2025),TokenBreak Attack (2025): Exploit designed to disrupt AI tokenization and control outputs.,https://arxiv.org/abs/2506.07948,9,2
NHB-E1178,1178,"AI Jailbreaks, Prompt Injection & Exploits",ChatGPT Search Manipulation (2024),ChatGPT Search Manipulation (2024): Attack altered ChatGPT’s search results to deliver misleading information.,https://www.wired.com/story/openai-custom-chatbots-gpts-prompt-injection-attacks/,9,2
NHB-E1179,1179,"AI Jailbreaks, Prompt Injection & Exploits",Prompt Injection in AI Search Tools (2024),Prompt Injection in AI Search Tools (2024): Inputs injected to override AI search tool instructions.,https://dropbox.tech/machine-learning/bye-bye-bye-evolution-of-repeated-token-attacks-on-chatgpt-models,9,2
NHB-E1180,1180,"AI Jailbreaks, Prompt Injection & Exploits",Adversarial Prompt Shield (APS) (2024),Adversarial Prompt Shield (APS) (2024): Defense mechanism designed to block harmful prompt injection.,https://aclanthology.org/2024.woah-1.12.pdf,9,2
NHB-E1181,1181,"AI Jailbreaks, Prompt Injection & Exploits",Prompt Adversarial Tuning (PAT) (2024),Prompt Adversarial Tuning (PAT) (2024): Fine-tuning AI models to resist malicious or adversarial prompts.,https://arxiv.org/abs/2402.06255,9,2
NHB-E1182,1182,"AI Jailbreaks, Prompt Injection & Exploits",GPT-4 Jailbreak Transfer to Claude 2 (2025),GPT-4 Jailbreak Transfer to Claude 2 (2025): Jailbreak techniques adapted from GPT-4 to Claude 2 AI system.,https://arxiv.org/html/2505.04806v1,9,2
NHB-E1183,1183,"AI Jailbreaks, Prompt Injection & Exploits",Universal and Transferable Adversarial Attacks (2025),Universal and Transferable Adversarial Attacks (2025): AI attacks transferable across multiple models and platforms.,https://llm-attacks.org/,9,2
NHB-E1184,1184,"AI Jailbreaks, Prompt Injection & Exploits",ChatGPT Memory Exfiltration (2024),ChatGPT Memory Exfiltration (2024): Technique to extract internal memory content from ChatGPT sessions.,https://arstechnica.com/security/2024/09/false-memories-planted-in-chatgpt-give-hacker-persistent-exfiltration-channel/,9,2
NHB-E1185,1185,"AI Jailbreaks, Prompt Injection & Exploits",Auto-GPT Remote Code Execution (2023),Auto-GPT Remote Code Execution (2023): Auto-GPT vulnerability allowed attackers to execute arbitrary code remotely.,https://positive.security/blog/auto-gpt-rce,9,2
NHB-E1186,1186,"AI Jailbreaks, Prompt Injection & Exploits",Thoughts on the Worldcon 2025 AI “scandal”,"The 2025 Seattle Worldcon sparked controversy by using ChatGPT to organize panels, leading authors to withdraw and volunteers to resign amid fierce anti-AI backlash that threatens the convention's future.",https://www.onelowerlight.com/writing/thoughts-on-the-worldcon-2025-ai-scandal,9,2
NHB-E1187,1187,"AI Jailbreaks, Prompt Injection & Exploits",GPT-Store Bots Disclosing System Instructions (2024),GPT-Store Bots Disclosing System Instructions (2024): Bots revealed hidden system-level prompts from GPT-Store.,https://www.wired.com/story/openai-custom-chatbots-gpts-prompt-injection-attacks/,9,2
NHB-E1188,1188,"AI Jailbreaks, Prompt Injection & Exploits",ChatGPT Search Tool Vulnerability (2024),ChatGPT Search Tool Vulnerability (2024): Weakness in search tool could be exploited to alter output behavior.,https://www.tenable.com/security/research/tra-2025-11,9,2
NHB-E1189,1189,"AI Jailbreaks, Prompt Injection & Exploits",OpenAI’s ChatGPT Search Tool Manipulation (2024),OpenAI’s ChatGPT Search Tool Manipulation (2024): Exploits manipulated OpenAI’s ChatGPT search tool outputs.,https://www.wired.com/story/poisoned-document-could-leak-secret-data-chatgpt/,9,2
NHB-E1190,1190,"AI Jailbreaks, Prompt Injection & Exploits",Model Extraction Attacks on OpenAI (2024),Model Extraction Attacks on OpenAI (2024): Techniques used to reconstruct proprietary AI models from query access.,https://arxiv.org/abs/2403.06634,9,2
NHB-E1191,1191,"AI Jailbreaks, Prompt Injection & Exploits",AI scandal rocks academia as nearly 200 studies are found to have been partly generated by ChatGPT,"An investigation revealed over 100 academic papers across various journals contained ChatGPT-generated text, exposing how AI is infiltrating scientific literature through lax peer-review processes.",https://www.dailymail.co.uk/sciencetech/article-13211523/ChatGPT-scandal-AI-generated-scientific-papers.html,9,0
NHB-E1192,1192,"AI Jailbreaks, Prompt Injection & Exploits",DeepSeek’s Unauthorized Model Distillation (2024),DeepSeek’s Unauthorized Model Distillation (2024): DeepSeek extracted proprietary AI model behavior without permission.,https://www.winston.com/en/insights-news/is-ai-distillation-by-deepseek-ip-theft,9,2
NHB-E1193,1193,"AI Jailbreaks, Prompt Injection & Exploits",Adversarial Machine Learning in AI Systems (2024),Adversarial Machine Learning in AI Systems (2024): Manipulative inputs designed to bypass AI safety and cause harmful outputs.,https://www.mdpi.com/2078-2489/15/1/27,9,2
NHB-E1194,1194,"AI Jailbreaks, Prompt Injection & Exploits",Prompt Injection in Multimodal AI (2025),"Prompt Injection in Multimodal AI (2025): Attacks exploiting input prompts across text, image, and other modalities.",https://openreview.net/pdf/ac7739bd9c1c82fb85a461dfd15ed02ab7793f30.pdf,9,2
NHB-E1195,1195,"AI Jailbreaks, Prompt Injection & Exploits",DeepSeek’s Safety Guardrails Failed Every Test Researchers Threw at Its AI Chatbot,"Security researchers warn that China’s DeepSeek AI, using its new R1 reasoning model, lags behind competitors in safety, making it more vulnerable to prompt-based attacks that bypass content safeguards.",https://www.wired.com/story/deepseeks-ai-jailbreak-prompt-injection-attacks,9,2
NHB-E1196,1196,"AI Jailbreaks, Prompt Injection & Exploits",How a Prompt Injection Vulnerability Led to Data Exfiltration,"Google Bard’s new Extensions feature was quickly shown vulnerable to indirect prompt‑injection attacks that let hackers exfiltrate user data from Docs, Drive, Gmail, and chat history.",https://www.hackerone.com/blog/how-prompt-injection-vulnerability-led-data-exfiltration,9,2
NHB-E1197,1197,"AI Jailbreaks, Prompt Injection & Exploits",AI-powered Bing Chat spills its secrets via prompt injection attack,"A Stanford student used a prompt injection attack to reveal Bing Chat’s hidden initial instructions, exposing its internal codename “Sydney” and behavior guidelines.",https://arstechnica.com/information-technology/2023/02/ai-powered-bing-chat-spills-its-secrets-via-prompt-injection-attack,9,2
NHB-E1198,1198,"AI Jailbreaks, Prompt Injection & Exploits",Software engineer tricks a car dealership chatbot into 'selling' him a Chevy Tahoe for $1,"A hacker manipulated a ChatGPT-powered car dealership chatbot to “sell” a $76,000 Chevy Tahoe for $1 by exploiting its suggestibility and prompt compliance.",https://www.upworthy.com/chevy-chatbot-gone-wrong-ex1,9,2
NHB-E1199,1199,"AI Jailbreaks, Prompt Injection & Exploits",Twitter pranksters derail GPT-3 bot with newly discovered “prompt injection” hack,"A Twitter bot using GPT-3 was hijacked via a prompt injection attack, causing it to post embarrassing messages and highlighting a new AI vulnerability.",https://arstechnica.com/information-technology/2022/09/twitter-pranksters-derail-gpt-3-bot-with-newly-discovered-prompt-injection-hack,9,2
NHB-E1200,1200,"AI Jailbreaks, Prompt Injection & Exploits",Google AI assistant - data exfiltration,A test doc included a prompt disguised as markdown. Bard executed the instruction and tried to leak content to an external server.,https://www.linkedin.com/pulse/prompt-injection-attacks-ai-kieran-wadforth-y1l3e,9,0
NHB-E1201,1201,"AI Jailbreaks, Prompt Injection & Exploits",Prompt Injection Flaw in Vanna AI Exposes Databases to RCE Attacks,"A high-severity vulnerability (CVE-2024-5565, CVSS 8.1) in Vanna.AI allows attackers to achieve remote code execution via prompt injection in its text-to-SQL “ask” function, exploiting dynamic Plotly visualization to run arbitrary Python code.",https://thehackernews.com/2024/06/prompt-injection-flaw-in-vanna-ai.html,9,2
NHB-E1202,1202,"AI Jailbreaks, Prompt Injection & Exploits","The ""Grandma"" Prompt","A programmer tricked a Discord AI chatbot into giving instructions for making napalm and meth by having it impersonate a deceased chemical engineer relative, illustrating how creative prompts can bypass AI safeguards.",https://thefuturemarket.substack.com/p/battling-food-ai-bias-and-misinformation,9,0
NHB-E1203,1203,"AI Jailbreaks, Prompt Injection & Exploits",AI Guardrails Under Fire: Cisco’s Jailbreak Demo Exposes AI Weak Points,"Cisco demonstrated a jailbreak method called “instructional decomposition” that extracts verbatim training data from LLMs without triggering guardrails, highlighting the persistent risk of AI data exfiltration.",https://www.securityweek.com/ai-guardrails-under-fire-ciscos-jailbreak-demo-exposes-ai-weak-points,9,2
NHB-E1204,1204,"AI Jailbreaks, Prompt Injection & Exploits",We Jailbroke a Bunch of Frontier AI Models: What Did We Find Out?,"Jailbreaking lets attackers bypass guardrails to extract proprietary data or coerce frontier models—including GPT‑4o, GPT‑4.5, and peers—into generating highly harmful content, as shown by experiments eliciting pathogen‑weapon plans through layered adversarial prompting",https://www.lumenova.ai/ai-experiments/frontier-ai-jailbreaking-findings-part-1,9,0
NHB-E1205,1205,"AI Jailbreaks, Prompt Injection & Exploits",Slack AI can be tricked into leaking data from private channels via prompt injection,"Slack AI is vulnerable to prompt injection, allowing malicious users to craft inputs that trick the AI into exfiltrating sensitive data—such as API keys or files from private channels—by embedding instructions in public channels or uploaded documents.",https://www.theregister.com/2024/08/21/slack_ai_prompt_injection,9,2
NHB-E1206,1206,"AI Jailbreaks, Prompt Injection & Exploits",Chinese Hackers Successfully Used Anthropic's AI for Cyberespionage,"Chinese state-sponsored hackers allegedly used Anthropic’s Claude Code AI to automate cyberespionage against roughly 30 high-value global targets, successfully leveraging prompt-based jailbreaks to have the AI test vulnerabilities, harvest credentials, and exfiltrate data with minimal human involvement.",https://www.pcmag.com/news/chinese-hackers-successfully-used-anthropics-ai-for-cyberespionage,9,2
NHB-E1207,1207,"AI Jailbreaks, Prompt Injection & Exploits",Chinese Hackers Jailbreak Claude to Launch Autonomous AI-Driven Cyberattack,"A China-based hacking group jailbroke Anthropic’s Claude AI to autonomously execute a sophisticated cyberattack across 30 high-value targets, using the model to scan systems, develop exploits, harvest credentials, and generate intrusion reports with minimal human involvement.",https://manatelugu.com/chinese-hackers-jailbreak-claude-to-launch-autonomous-ai-driven-cyberattack,9,0
NHB-E1208,1208,"AI Jailbreaks, Prompt Injection & Exploits",Hidden Prompts in Webpage Content (2024),Hidden Prompts in Webpage Content (2024): Webpages embedded hidden instructions to manipulate AI behavior.,https://dropbox.tech/machine-learning/bye-bye-bye-evolution-of-repeated-token-attacks-on-chatgpt-models,9,3
NHB-E1209,1209,"AI Jailbreaks, Prompt Injection & Exploits",AI-Generated Malicious Code via LLMs (2025),AI-Generated Malicious Code via LLMs (2025): Language models used to automatically produce harmful software code.,https://www.veracode.com/wp-content/uploads/2025_GenAI_Code_Security_Report_Final.pdf,9,2
NHB-E1210,1210,"AI Jailbreaks, Prompt Injection & Exploits",Jailbreaking via Unicode Homoglyphs (2025),Jailbreaking via Unicode Homoglyphs (2025): Using visually similar characters to bypass AI safety filters.,https://www.promptfoo.dev/docs/red-team/strategies/homoglyph/,9,2
NHB-E1211,1211,Sexual Abuse & Sex Trafficking,Jeffrey Epstein & Ghislaine Maxwell Sex Trafficking Ring,Jeffrey Epstein & Ghislaine Maxwell Sex Trafficking Ring: Coordinated exploitation and trafficking of minors by Epstein and Maxwell.,https://www.justice.gov/usao?sdny/pr/jeffrey?epstein?charged?manhattan?federal?court?sex?trafficking?minors,9,2
NHB-E1212,1212,Sexual Abuse & Sex Trafficking,Jimmy Savile Sexual Abuse Case,Jimmy Savile Sexual Abuse Case: Long-term sexual abuse by British TV personality Jimmy Savile.,https://en.wikipedia.org/wiki/Jimmy_Savile_sexual_abuse_scandal,9,2
NHB-E1213,1213,Sexual Abuse & Sex Trafficking,Larry Nassar Sexual Abuse Case,Larry Nassar Sexual Abuse Case: USA Gymnastics doctor convicted of sexually abusing athletes.,https://en.wikipedia.org/wiki/Larry_Nassar,9,2
NHB-E1214,1214,Sexual Abuse & Sex Trafficking,R. Kelly Sex Trafficking and Abuse Conviction,R. Kelly Sex Trafficking and Abuse Conviction: R. Kelly found guilty of sexual exploitation and trafficking of minors.,https://en.wikipedia.org/wiki/R._Kelly,9,2
NHB-E1215,1215,Sexual Abuse & Sex Trafficking,"The ""Comfort Women"" System of WWII","The ""Comfort Women"" System of WWII: Systematic sexual enslavement of women by the Japanese military during WWII.",https://en.wikipedia.org/wiki/Comfort_women,9,2
NHB-E1216,1216,Sexual Abuse & Sex Trafficking,Catholic Church Sexual Abuse Scandals,Catholic Church Sexual Abuse Scandals: Global revelations of sexual abuse by clergy members and institutional cover-ups.,https://www.ebsco.com/research-starters/religion-and-philosophy/sexual-molestation-scandal-rocks-catholic-church,9,2
NHB-E1217,1217,Sexual Abuse & Sex Trafficking,Weinstein Effect (2017-),Weinstein Effect (2017-): Widespread accountability of sexual misconduct in entertainment following Harvey Weinstein exposure.,https://en.wikipedia.org/wiki/Weinstein_effect,9,2
NHB-E1218,1218,Sexual Abuse & Sex Trafficking,#MeToo Movement (Global),"#MeToo Movement (Global): Global movement highlighting sexual harassment and assault, empowering survivors to speak out.",https://www.britannica.com/topic/Me-Too-movement,9,2
NHB-E1219,1219,Sexual Abuse & Sex Trafficking,Rotherham Child Sexual Exploitation Scandal,"Rotherham Child Sexual Exploitation Scandal: Systematic sexual abuse and exploitation of children in Rotherham, UK.",https://en.wikipedia.org/wiki/Rotherham_child_sexual_exploitation_scandal,9,2
NHB-E1220,1220,Sexual Abuse & Sex Trafficking,Boaventura de Sousa Santos,"In 2023, Portuguese sociologist Boaventura de Sousa Santos faced multiple allegations of sexual and moral harassment from former researchers and students at the University of Coimbra’s CES, which he denied as false and retaliatory claims.",https://en.wikipedia.org/wiki/Boaventura_de_Sousa_Santos#Sexual_and_moral_harassment_allegations,9,2
NHB-E1221,1221,Sexual Abuse & Sex Trafficking,Tomás Taveira,"In 1989, architect Tomás Taveira became embroiled in a major sex tape scandal after private recordings were leaked and published, causing public outrage, professional ruin, and his eventual divorce.",https://en.wikipedia.org/wiki/Tomás_Taveira,9,0
NHB-E1222,1222,Sexual Abuse & Sex Trafficking,Casa Pia child sexual abuse scandal,"The Casa Pia scandal involved long-term sexual abuse of children by staff and prominent figures at Portugal’s state-run orphanages, culminating in convictions in 2010 after decades of allegations and public revelations.",https://en.wikipedia.org/wiki/Casa_Pia_child_sexual_abuse_scandal,9,2
NHB-E1223,1223,Sexual Abuse & Sex Trafficking,Malka Leifer affair,"The Malka Leifer affair involved the former principal of Melbourne’s Adass Israel School, who fled to Israel after being accused of child sexual abuse, leading to a 15-year extradition battle and her 2023 conviction and 15-year prison sentence.",https://en.wikipedia.org/wiki/Malka_Leifer_affair,9,2
NHB-E1224,1224,Sexual Abuse & Sex Trafficking,Werribee DVD incident,"The 2006 Werribee DVD incident involved a group of teenage boys in Victoria who filmed and distributed a video of themselves sexually assaulting a disabled girl and committing other crimes, leading to public outrage and multiple youth convictions.",https://en.wikipedia.org/wiki/Werribee_DVD_incident,9,1
NHB-E1225,1225,Sexual Abuse & Sex Trafficking,Sydney Sparkes Orr,"The Orr case involved philosophy professor Sydney Sparkes Orr, who was dismissed from the University of Tasmania in 1955 for allegedly having sexual relations with a student, sparking a major academic freedom controversy in Australia.",https://en.wikipedia.org/wiki/Sydney_Sparkes_Orr,9,0
NHB-E1226,1226,Sexual Abuse & Sex Trafficking,Tell No One (2019 film),"The Sekielski brothers’ 2019 independent documentary exposed the Polish Catholic Church’s cover-up of clerical pedophilia, featuring testimonies and new allegations against prominent priests and highlighting the hierarchy’s refusal to engage with the filmmakers.",https://en.wikipedia.org/wiki/Tell_No_One_(2019_film),9,2
NHB-E1227,1227,Sexual Abuse & Sex Trafficking,Henryk Jankowski,"Father Henryk Jankowski, a prominent Polish priest and Solidarity supporter, faced longstanding accusations of child sexual abuse, was linked to communist intelligence, and became a controversial figure whose monument was removed amid public protest in 2019.",https://en.wikipedia.org/wiki/Henryk_Jankowski,9,1
NHB-E1228,1228,Sexual Abuse & Sex Trafficking,Henryk Gulbinowicz,"Following a Vatican investigation, Archbishop Gulbinowicz was sanctioned in November 2020 for sexual abuse, barred from public ministry and honors, and ordered to compensate his victims.",https://en.wikipedia.org/wiki/Henryk_Gulbinowicz#Sexual_abuse_findings,9,0
NHB-E1229,1229,Sexual Abuse & Sex Trafficking,Juliusz Paetz,"Juliusz Paetz, Archbishop of Poznań from 1996 to 2002, resigned after accusations of sexually molesting seminarians, was sanctioned by the Vatican, yet continued public ministry and never faced legal accountability for the alleged abuse.",https://en.wikipedia.org/wiki/Juliusz_Paetz,9,1
NHB-E1230,1230,Sexual Abuse & Sex Trafficking,Kazimierz Polus,"Between 1971 and 1982, he committed three sexually motivated murders in Poland, was arrested in 1983, sentenced to death in 1984, and executed in 1985.",https://en.wikipedia.org/wiki/Kazimierz_Polus,9,0
NHB-E1231,1231,Sexual Abuse & Sex Trafficking,Ferdynand Grüning,"Between 1926 and 1938, Grüning committed multiple sexual assaults and murders of children in Poland, was arrested in 1938, convicted in 1939 with three death sentences, but his ultimate fate after the outbreak of World War II remains unknown.",https://en.wikipedia.org/wiki/Ferdynand_Grüning,9,0
NHB-E1232,1232,Sexual Abuse & Sex Trafficking,Henryk Kukuła,"Henryk Kukuła is a Polish serial killer and necrophile who, as a minor and later as an adult, committed multiple brutal murders and sexual assaults on children.",https://en.wikipedia.org/wiki/Henryk_Kukuła,9,0
NHB-E1233,1233,Sexual Abuse & Sex Trafficking,Rape during the Soviet occupation of Poland,"During the Soviet advance into Poland in 1944-45, Red Army soldiers committed mass rapes on a horrific scale against Polish women and girls, with near-total impunity.",https://en.wikipedia.org/wiki/Rape_during_the_Soviet_occupation_of_Poland,9,2
NHB-E1234,1234,Sexual Abuse & Sex Trafficking,2021 Minar-e-Pakistan mass sexual assault,"A female TikToker was sexually assaulted by a massive mob at a public park in Lahore on Pakistan's Independence Day in 2021, sparking national outrage.",https://en.wikipedia.org/wiki/2021_Minar-e-Pakistan_mass_sexual_assault,9,2
NHB-E1235,1235,Sexual Abuse & Sex Trafficking,Georg Müller (Catholic bishop),"Norwegian Bishop Georg Müller resigned in 2009 after a credible accusation of sexually abusing a minor, which the Church initially concealed by citing administrative reasons.",https://en.wikipedia.org/wiki/Georg_Müller_(Catholic_bishop),9,2
NHB-E1236,1236,Sexual Abuse & Sex Trafficking,Miryang gang rape,"A 2004 case where up to 120 South Korean high school boys systematically gang-raped several girls over 11 months, sparking public fury over light punishments and police mishandling of the victims.",https://en.wikipedia.org/wiki/Miryang_gang_rape,9,0
NHB-E1237,1237,Sexual Abuse & Sex Trafficking,Roman Polanski sexual abuse case,"In 1977, Roman Polanski was charged with multiple sexual offenses against 13-year-old Samantha Geimer and ultimately pled guilty to the lesser charge of unlawful sexual intercourse with a minor as part of a plea bargain, avoiding trial on the more serious allegations.",https://en.wikipedia.org/wiki/Roman_Polanski_sexual_abuse_case,9,2
NHB-E1238,1238,Sexual Abuse & Sex Trafficking,Salesian College (Rupertswood),"Multiple Salesian College staff and priests, including senior figures like David Rapson and Frank Klep, were convicted or implicated in widespread sexual and physical abuse of students spanning the 1970s to 1990s, resulting in prison sentences and compensation settlements.",https://en.wikipedia.org/wiki/Salesian_College_(Rupertswood)#Sexual_abuse_convictions,9,0
NHB-E1239,1239,Sexual Abuse & Sex Trafficking,Kenja Communication,"Senior Kenja Communication figures were questioned in a case where founder Ken Dyers faced child sexual abuse allegations, which collapsed after the court dismissed claims against the victim’s father.",https://en.wikipedia.org/wiki/Kenja_Communication,9,1
NHB-E1240,1240,Sexual Abuse & Sex Trafficking,Burning Sun scandal,"The Burning Sun scandal was a massive 2019 South Korean controversy involving a Seoul nightclub that exposed a network of K-pop stars in sex bribery, drug trafficking, police corruption, and the nonconsensual sharing of explicit videos.",https://en.wikipedia.org/wiki/Burning_Sun_scandal,9,0
NHB-E1241,1241,Sexual Abuse & Sex Trafficking,Gwangju Inhwa School,"The Gwangju Inhwa School scandal involved teachers systematically raping deaf students for years, leading to public outrage, a major film (""The Crucible""), and new laws when the original light sentences were exposed.",https://en.wikipedia.org/wiki/Gwangju_Inhwa_School,9,2
NHB-E1242,1242,Sexual Abuse & Sex Trafficking,Jung Joon-young KakaoTalk chatrooms,"The Jung Joon-young chatroom scandal exposed a group of male K-pop stars sharing illegally filmed sex videos and coordinating gang rapes, leading to multiple convictions.",https://en.wikipedia.org/wiki/Jung_Joon-young_KakaoTalk_chatrooms,9,2
NHB-E1243,1243,Sexual Abuse & Sex Trafficking,2012 South Korean prosecutor sex scandal,"A South Korean prosecutor investigating a woman for theft was found to have repeatedly coerced her into sexual acts, causing a major scandal and public distrust in the justice system.",https://en.wikipedia.org/wiki/2012_South_Korean_prosecutor_sex_scandal,9,2
NHB-E1244,1244,Sexual Abuse & Sex Trafficking,Pamapuria school sexual abuse cases,"A case where New Zealand teacher James Parker sexually abused numerous students at Pamapuria School over 13 years, becoming one of the country's most prolific child sex offenders.",https://en.wikipedia.org/wiki/Pamapuria_school_sexual_abuse_cases,9,0
NHB-E1245,1245,Sexual Abuse & Sex Trafficking,Peter Ellis (childcare worker),"A New Zealand childcare worker wrongly convicted in the 1990s Christchurch Civic Creche case, whose child sex abuse convictions were posthumously quashed due to unreliable evidence and interview techniques.",https://en.wikipedia.org/wiki/Peter_Ellis_(childcare_worker),9,0
NHB-E1246,1246,Sexual Abuse & Sex Trafficking,Magnus Murray (Catholic priest),"A former New Zealand Catholic priest who was convicted in 2003 for sexually abusing boys between 1958 and 1972, and whose case highlighted systemic failures within the church.",https://en.wikipedia.org/wiki/Magnus_Murray_(Catholic_priest),9,0
NHB-E1247,1247,Sexual Abuse & Sex Trafficking,Stoke Industrial School,"A 1900 New Zealand royal commission exposed severe abuse, solitary confinement, and inhumane conditions at the Stoke Industrial School, violating child welfare laws.",https://en.wikipedia.org/wiki/Stoke_Industrial_School,9,2
NHB-E1248,1248,Sexual Abuse & Sex Trafficking,Marylands School,"A Catholic school in New Zealand where staff committed widespread sexual abuse over decades, with 21 of 37 brothers facing allegations and the institution paying millions in compensation.",https://en.wikipedia.org/wiki/Marylands_School,9,0
NHB-E1249,1249,Sexual Abuse & Sex Trafficking,Dutch childcare benefits scandal,"A major Dutch political scandal where tax authorities falsely accused 26,000 families of childcare benefit fraud, ruining them financially and leading to the government's resignation.",https://en.wikipedia.org/wiki/Dutch_childcare_benefits_scandal,9,2
NHB-E1250,1250,Sexual Abuse & Sex Trafficking,Marcial maciel,"A major Catholic Church scandal where the Legion of Christ's founder, Marcial Maciel, was a serial child abuser whose crimes were systematically covered up for decades by the Vatican, including by Pope John Paul II.",https://en.wikipedia.org/wiki/Marcial_Maciel#Sexual_abuse_cases,9,0
NHB-E1251,1251,Sexual Abuse & Sex Trafficking,Global Ikhwan child abuse scandal,"A 2024 Malaysian police operation that uncovered widespread child neglect and sexual abuse at homes run by the GISB Holdings conglomerate, resulting in 625 rescues and 415 arrests.",https://en.wikipedia.org/wiki/Global_Ikhwan_child_abuse_s,9,0
NHB-E1252,1252,Sexual Abuse & Sex Trafficking,2019 Cyprus rape allegation case,"A controversial 2019 case where a British woman in Cyprus reported being gang-raped by Israeli tourists, then was convicted for false accusation after retracting her claim under police pressure; her conviction was later overturned.",https://en.wikipedia.org/wiki/2019_Cyprus_rape_allegation_case,9,2
NHB-E1253,1253,Sexual Abuse & Sex Trafficking,Rape during the Vietnam War,"Wartime sexual violence, including rape, was systematically perpetrated by U.S. and South Korean military personnel against Vietnamese civilians, with widespread tolerance from command and minimal legal accountability.",https://en.wikipedia.org/wiki/Rape_during_the_Vietnam_War,9,0
NHB-E1254,1254,Sexual Abuse & Sex Trafficking,Silvio Berlusconi prostitution trial,"A 2013 case where Silvio Berlusconi was convicted of paying an underage prostitute, ""Ruby,"" for sex and abusing his power, though the conviction was later overturned on appeal.",https://en.wikipedia.org/wiki/Silvio_Berlusconi_prostitution_trial,9,0
NHB-E1255,1255,Sexual Abuse & Sex Trafficking,Rape of Fano,"A 1537 scandal where Pier Luigi Farnese, son of Pope Paul III, allegedly raped the young Bishop of Fano, Cosimo Gheri, an act recorded by contemporary historians that exemplified the brutality and impunity of Renaissance papal nepotism.",https://en.wikipedia.org/wiki/Rape_of_Fano,9,0
NHB-E1256,1256,Sexual Abuse & Sex Trafficking,Bunga bunga,"The ""Bunga Bunga"" scandal refers to the sex parties hosted by former Italian Prime Minister Silvio Berlusconi, involving prostitutes and young women, which led to multiple trials for child exploitation and abuse of power.",https://en.wikipedia.org/wiki/Bunga_bunga,9,0
NHB-E1257,1257,Sexual Abuse & Sex Trafficking,Indro Montanelli,"The scandal involves Italian journalist Indro Montanelli's open admission that he purchased a 12-year-old Eritrean girl as a child bride during Italy's colonial occupation of Ethiopia, a practice he defended as cultural adaptation but which is now widely condemned as child slavery and pedophilia.",https://en.wikipedia.org/wiki/Indro_Montanelli#Controversies,9,1
NHB-E1258,1258,Sexual Abuse & Sex Trafficking,Dublin Castle scandal,"A 1884 scandal where Irish nationalists exposed a homosexual sex ring among British administrators at Dublin Castle, leading to criminal convictions and damaging British authority in Ireland.",https://en.wikipedia.org/wiki/Dublin_Castle_scandal,9,2
NHB-E1259,1259,Sexual Abuse & Sex Trafficking,BTSB anti-D scandal,"A 1990s Irish health scandal where the Blood Transfusion Service Board distributed hepatitis C-contaminated blood products to pregnant women and hemophiliacs, leading to a public inquiry and compensation tribunal.",https://en.wikipedia.org/wiki/BTSB_anti-D_scandal,9,0
NHB-E1260,1260,Sexual Abuse & Sex Trafficking,CervicalCheck cancer scandal,"A major Irish healthcare scandal where the CervicalCheck screening program failed to inform 206 women with cervical cancer about earlier misdiagnosed smear tests, leading to deaths, resignations, and widespread reforms.",https://en.wikipedia.org/wiki/CervicalCheck_cancer_scandal,9,2
NHB-E1261,1261,Sexual Abuse & Sex Trafficking,Lindsay Tribunal,"A 1999 Irish tribunal investigating how the Blood Transfusion Service Board infected over 250 hemophiliacs with HIV and Hepatitis C through contaminated blood products, primarily from high-risk US suppliers.",https://en.wikipedia.org/wiki/Lindsay_Tribunal,9,0
NHB-E1262,1262,Sexual Abuse & Sex Trafficking,Kincora Boys' Home,"A notorious child sex abuse scandal at a Belfast boys' home, with persistent allegations of British intelligence agency collusion and cover-up, despite official inquiries denying state involvement.",https://en.wikipedia.org/wiki/Kincora_Boys%27_Home,9,0
NHB-E1263,1263,Sexual Abuse & Sex Trafficking,Trudder House,"A property in County Wicklow with a long history of controversy, most infamously as a state-run home for Traveller children where systemic physical and sexual abuse occurred from the 1970s to 1990s, and more recently as a proposed site for asylum seekers that was met with protests and arson.",https://en.wikipedia.org/wiki/Trudder_House,9,0
NHB-E1264,1264,Sexual Abuse & Sex Trafficking,Oulu child sexual exploitation scandal,"The Oulu sexual abuse scandal (2018–2019) involved a group of adult male asylum seekers and refugees sexually abusing girls under 15 in Oulu, Finland, leading to one victim’s suicide and prompting public warnings from authorities; 16 suspects were identified by January 2019.",https://en.wikipedia.org/wiki/Oulu_child_sexual_exploitation_scandal,9,2
NHB-E1265,1265,Sexual Abuse & Sex Trafficking,Murder of Sohagi Jahan Tonu,"The Sohagi Jahan Tonu case (2016–present) involves the gang rape and murder of 19-year-old Bangladeshi student Sohagi Jahan Tonu in Comilla Cantonment. Initial autopsy reports were disputed, but a second autopsy and DNA testing confirmed rape by multiple assailants. Despite involvement of army personnel and suspects, investigations by the CID and later the PBI have made limited progress, and no convictions have been secured.",https://en.wikipedia.org/wiki/Murder_of_Sohagi_Jahan_Tonu,9,2
NHB-E1266,1266,Sexual Abuse & Sex Trafficking,Bambini di Praga,"Bohumil Kulínský, convicted in 2008 for sexually abusing 23 girls between 1984 and 2004, served a prison sentence, after which his choir Bambini di Praga disbanded, and his case later inspired the 2025 film Broken Voices.",https://en.wikipedia.org/wiki/Bambini_di_Praga#Bohumil_Kulínský's_conviction_and_last_days_of_Bambini,9,1
NHB-E1267,1267,Sexual Abuse & Sex Trafficking,Zahia affair,"In 2010, French footballers including Karim Benzema and Franck Ribéry were implicated for soliciting sex from Zahia Dehar, a minor at the time, leading to legal proceedings and media scrutiny.",https://en.wikipedia.org/wiki/Zahia_affair,9,0
NHB-E1268,1268,Sexual Abuse & Sex Trafficking,Abbé Pierre sexual abuse scandal,"The French Catholic priest and charity founder Abbé Pierre was accused of numerous sexual assaults from the 1950s to the 2000s, as revealed in a 2024 report.",https://en.wikipedia.org/wiki/Abbé_Pierre_sexual_abuse_scandal,9,0
NHB-E1269,1269,Sexual Abuse & Sex Trafficking,Angers pedophile network,"Sixty-two people were convicted in France for sexually abusing forty-five children, some just months old, between 1999 and 2002.",https://en.wikipedia.org/wiki/Angers_pedophile_network,9,0
NHB-E1270,1270,Sexual Abuse & Sex Trafficking,Florian Teichtmeister child pornography scandal,"Austrian actor Florian Teichtmeister was convicted in 2023 for possessing tens of thousands of child sexual abuse files, a case that sparked public outrage and led to tougher laws against child pornography.",https://en.wikipedia.org/wiki/Florian_Teichtmeister_child_pornography_scandal,9,2
NHB-E1271,1271,Sexual Abuse & Sex Trafficking,White slave trade affair,"A major 1880 scandal exposed that Brussels authorities were complicit in a sex trafficking ring that forced underage girls, particularly British minors, into the city's brothels.",https://en.wikipedia.org/wiki/White_slave_trade_affair,9,0
NHB-E1272,1272,Sexual Abuse & Sex Trafficking,DPS MMS scandal,"A 2004 scandal where a male student at a Delhi school secretly filmed an explicit video of an underage female classmate and shared it via MMS, making it go viral.",https://en.wikipedia.org/wiki/DPS_MMS_scandal,9,0
NHB-E1273,1273,Sexual Abuse & Sex Trafficking,Mysore Mallige scandal,"A 2001 Indian scandal where a private video of a college couple was leaked without their consent, widely circulated under the name ""Mysore Mallige,"" and led to their forced marriage.",https://en.wikipedia.org/wiki/Mysore_Mallige_scandal,9,2
NHB-E1274,1274,Sexual Abuse & Sex Trafficking,2024 Kolkata rape and murder,"A 31-year-old female doctor in Kolkata was raped and murdered inside her medical college in August 2024, sparking a 42-day doctors' strike and nationwide outrage over women's safety.",https://en.wikipedia.org/wiki/2024_Kolkata_rape_and_murder,9,2
NHB-E1275,1275,Sexual Abuse & Sex Trafficking,Kiliroor sex scandal,"A 2003 Kerala sex scandal where a teenage girl was sexually exploited by influential men who promised her acting roles, leading to her death after childbirth and a subsequent CBI investigation.",https://en.wikipedia.org/wiki/Kiliroor_sex_scandal,9,0
NHB-E1276,1276,Sexual Abuse & Sex Trafficking,Gargi College molestations,"A mob of intoxicated men sexually harassed and assaulted female students during a cultural festival at Delhi's all-women Gargi College in February 2020, leading to multiple arrests.",https://en.wikipedia.org/wiki/Gargi_College_molestations,9,0
NHB-E1277,1277,Sexual Abuse & Sex Trafficking,Badlapur school sexual abuse case,"A 23-year-old school sweeper in Badlapur, India, sexually assaulted two four-year-old girls in August 2024, sparking public outrage and leading to the accused being killed in a police encounter.",https://en.wikipedia.org/wiki/Badlapur_school_sexual_abuse_case,9,1
NHB-E1278,1278,Sexual Abuse & Sex Trafficking,2023 Indian wrestlers' protest,"In 2023, India's top wrestlers held massive public protests, accusing Brij Bhushan Sharan Singh, a BJP MP and the president of the Wrestling Federation of India, of sexual harassment and intimidation, leading to a government inquiry and international condemnation.",https://en.wikipedia.org/wiki/2023_Indian_wrestlers%27_protest,9,2
NHB-E1279,1279,Sexual Abuse & Sex Trafficking,Mormon abuse cases - Joseph Bishop,"A 2017 recording revealed that Joseph Bishop, a former Mission President of the LDS Church, was accused by McKenna Denson of raping her in 1984 at the Provo Missionary Training Center, a case that was later dismissed in 2020.",https://en.wikipedia.org/wiki/Mormon_abuse_cases,9,0
NHB-E1280,1280,Sexual Abuse & Sex Trafficking,Russell Simmons,"Music mogul Russell Simmons faced multiple allegations of rape and sexual misconduct from several women in 2017, leading him to step down from his businesses, though he has consistently denied all accusations.","https://en.wikipedia.org/wiki/Russell_Simmons#Sexual_misconduct,_assault_and_rape_allegations",9,0
NHB-E1281,1281,Sexual Abuse & Sex Trafficking,Sexual abuse cases in Southern Baptist churches,"A 2019 investigation revealed widespread sexual abuse within the Southern Baptist Convention, finding about 380 clergy and leaders accused of misconduct against over 700 victims since 1998, with frequent cover-ups by church leadership.",https://en.wikipedia.org/wiki/Sexual_abuse_cases_in_Southern_Baptist_churches,9,2
NHB-E1282,1282,Sexual Abuse & Sex Trafficking,Sexual abuse cases in Brooklyn's Haredi community,"The Haredi Jewish community in Brooklyn has faced widespread allegations of covering up sexual abuse, with leaders often failing to report offenses to police, intimidating victims, and reassigning accused clergy instead of removing them.",https://en.wikipedia.org/wiki/Sexual_abuse_cases_in_Brooklyn%27s_Haredi_community,9,2
NHB-E1283,1283,Sexual Abuse & Sex Trafficking,Seton Keough High School,"A Catholic high school in Baltimore where priest Joseph Maskell sexually abused numerous students, a case highlighted by the unsolved 1969 murder of teacher Sister Cathy Cesnik and featured in the Netflix documentary The Keepers.",https://en.wikipedia.org/wiki/Seton_Keough_High_School,9,0
NHB-E1284,1284,Sexual Abuse & Sex Trafficking,Wenatchee child abuse prosecutions,"The Wenatchee child abuse cases were a notorious 1990s moral panic in Washington state, where over 60 people were falsely accused in a satanic ritual abuse scandal based on coerced testimony, with many wrongful convictions later overturned.",https://en.wikipedia.org/wiki/Wenatchee_child_abuse_prosecutions,9,2
NHB-E1285,1285,Sexual Abuse & Sex Trafficking,American Boychoir School,"The American Boychoir School faced multiple lawsuits over decades of sexual abuse of students by staff and older students, with the school controversially arguing victims were negligent for not reporting the abuse, until a 2006 New Jersey Supreme Court ruling stripped its immunity.",https://en.wikipedia.org/wiki/American_Boychoir_School,9,2
NHB-E1286,1286,Sexual Abuse & Sex Trafficking,2014 University of Minnesota rape case,"In 2014, University of Minnesota student Daniel Drill-Mellum brutally raped student Abby Honold, a case that exposed severe flaws in police trauma response and led to the 2022 federal ""Abby Honold Act"" for training first responders in trauma-informed interviewing.",https://en.wikipedia.org/wiki/2014_University_of_Minnesota_rape_case,9,2
NHB-E1287,1287,Sexual Abuse & Sex Trafficking,Woody Allen sexual abuse allegation,"A highly publicized and contested allegation that Woody Allen sexually molested his seven-year-old adoptive daughter, Dylan, in 1992, which he has always denied and which was investigated but never prosecuted, with the case dividing the family and public opinion.",https://en.wikipedia.org/wiki/Woody_Allen_sexual_abuse_allegation,9,2
NHB-E1288,1288,Sexual Abuse & Sex Trafficking,Baylor University sexual assault scandal,"A major scandal at Baylor University from 2012-2016 where football players committed numerous sexual assaults and university officials, including the president and football coach, systematically covered them up, leading to widespread firings and resignations.",https://en.wikipedia.org/wiki/Baylor_University_sexual_assault_scandal,9,2
NHB-E1289,1289,Sexual Abuse & Sex Trafficking,Boise homosexuality scandal,"A 1950s moral panic in Boise, Idaho, where an investigation into a supposed ""homosexual underground"" led to the questioning of 1,500 people and the imprisonment of 15 men for consensual same-sex acts.",https://en.wikipedia.org/wiki/Boise_homosexuality_scandal,9,0
NHB-E1290,1290,Sexual Abuse & Sex Trafficking,Columbia University rape accusation controversy,"A 2013-2015 case where Columbia University student Emma Sulkowicz accused fellow student Paul Nungesser of rape; after the university and police found no grounds for charges, Sulkowicz created the ""Mattress Performance"" art piece to protest the decision, leading Nungesser to sue the university for gender discrimination.",https://en.wikipedia.org/wiki/Columbia_University_rape_accusation_controversy,9,2
NHB-E1291,1291,Sexual Abuse & Sex Trafficking,Sean Combs sexual misconduct allegations,"Sean ""Diddy"" Combs faced numerous sexual assault lawsuits, leading to a 2025 federal trial where he was found not guilty on most charges but convicted on two counts of transportation for prostitution, resulting in a prison sentence.",https://en.wikipedia.org/wiki/Sean_Combs_sexual_misconduct_allegations,9,2
NHB-E1292,1292,Sexual Abuse & Sex Trafficking,Hacienda HealthCare sexual abuse case,"A severely disabled, incapacitated woman at a Phoenix healthcare facility was repeatedly raped and impregnated by a licensed practical nurse, sparking a 2021 investigation and major reforms in Arizona's long-term care system.",https://en.wikipedia.org/wiki/Hacienda_HealthCare_sexual_abuse_case,9,0
NHB-E1293,1293,Sexual Abuse & Sex Trafficking,Sexual abuse in the American film industry,"Widespread sexual abuse in the American film industry, historically overlooked, was explosively exposed in 2017 through the Harvey Weinstein scandal, igniting the global #MeToo movement and revealing systemic abuse by powerful figures.",https://en.wikipedia.org/wiki/Sexual_abuse_in_the_American_film_industry,9,2
NHB-E1294,1294,Sexual Abuse & Sex Trafficking,R. Kelly sexual abuse cases,"R. Kelly, the R&B singer, was convicted in 2021 and 2022 on multiple federal charges, including racketeering and child sexual abuse, and is now serving a 31-year prison sentence for decades of predatory behavior.",https://en.wikipedia.org/wiki/R._Kelly_sexual_abuse_cases,9,2
NHB-E1295,1295,Sexual Abuse & Sex Trafficking,A Rape on Campus,"A 2014 Rolling Stone article titled ""A Rape on Campus"" described a brutal gang rape at a University of Virginia fraternity, but the story was later completely retracted after investigations found no evidence to support the allegations, revealing major journalistic failures.",https://en.wikipedia.org/wiki/A_Rape_on_Campus,9,0
NHB-E1296,1296,Sexual Abuse & Sex Trafficking,Penn State child sex abuse scandal,"The Penn State scandal involved assistant football coach Jerry Sandusky's conviction for sexually abusing multiple boys over 15 years, while university officials, including legendary coach Joe Paterno, were found to have covered up the crimes, leading to massive NCAA sanctions and criminal charges.",https://en.wikipedia.org/wiki/Penn_State_child_sex_abuse_scandal,9,2
NHB-E1297,1297,Sexual Abuse & Sex Trafficking,Portland vice scandal,"A 1912 moral panic in Portland, Oregon, where nearly 70 men were arrested for homosexual acts after a teenager's accusations, though most charges were later overturned on technicalities.",https://en.wikipedia.org/wiki/Portland_vice_scandal,9,0
NHB-E1298,1298,Sexual Abuse & Sex Trafficking,Minnesota Vikings boat party scandal,"In 2005, numerous Minnesota Vikings players participated in a wild sex party on two Lake Minnetonka houseboats, hiring sex workers and engaging in public sex acts, which led to misdemeanor charges and contributed to the firing of the team's head coach.",https://en.wikipedia.org/wiki/Minnesota_Vikings_boat_party_scandal,9,2
NHB-E1299,1299,Sexual Abuse & Sex Trafficking,La Salle University basketball scandal,"A 2004 scandal where three La Salle University basketball players were accused of rape in two separate incidents, leading to the forced resignation of both the men's and women's basketball coaches for failing to report the allegations.",https://en.wikipedia.org/wiki/La_Salle_University_basketball_scandal,9,2
NHB-E1300,1300,Sexual Abuse & Sex Trafficking,La Vergne police department sex scandal,"A 2023 Tennessee police scandal where officer Maegan Hall and multiple colleagues were fired for on-duty sexual misconduct, leading to the police chief's dismissal for enabling the behavior and attempting to cover it up.",https://en.wikipedia.org/wiki/La_Vergne_police_department_sex_scandal,9,0
